ID,Age_Years,Gender,Marital_Status,Education,Employment,Account_Tenure_Months,Account_Balance,Transaction_Frequency,Product_Count,Number_of_Complaints,Satisfaction_Rate,Support_Calls,Email_Subscription,Has_Credit_Card,Churn_Status,Customer_Value_Score,Engagement_Level,Risk_Profile
CUST1180,40,Male,Married,,Employed,153,1065053,17,1,0,0.84,0,0,1,0,0.659,Low,Low_Risk
CUST1160,56,Female,Married,Secondary,Self-employed,177,1004198,14,1,0,0.52,1,1,0,0,0.653,Low,Low_Risk
CUST2521,27,Male,Married,Secondary,Employed,176,854269,17,2,0,0.74,0,0,0,0,0.646,Medium,Low_Risk
CUST0591,31,Male,Divorced,,Employed,141,822473,23,3,0,0.55,0,1,0,0,0.642,High,Low_Risk
CUST2014,28,Female,Divorced,Primary,Employed,161,928128,17,3,0,0.84,1,1,0,0,0.639,Medium,Low_Risk
CUST0067,32,Male,Single,University,Employed,173,647444,21,3,0,0.82,0,1,0,0,0.632,Medium,Low_Risk
CUST2474,43,Male,Single,Primary,Employed,124,765533,26,2,0,0.97,0,1,0,0,0.63,Medium,Low_Risk
CUST0765,33,Male,Single,Primary,Employed,173,498381,24,3,0,0.89,1,0,0,0,0.627,High,Low_Risk
CUST2641,34,Female,Divorced,Secondary,Self-employed,165,1018702,12,1,0,0.81,0,0,0,0,0.616,Low,Low_Risk
CUST2304,22,Female,Married,Primary,Self-employed,180,694826,17,3,0,0.89,1,1,1,0,0.614,Medium,Low_Risk
CUST1437,32,Female,Married,Secondary,Employed,171,540044,22,1,0,0.75,2,0,0,0,0.613,Medium,Low_Risk
CUST0652,21,Female,Single,Secondary,Employed,162,815198,17,2,0,0.97,0,1,0,0,0.613,Medium,Low_Risk
CUST2061,23,Male,Married,Secondary,Unemployed,177,542727,21,2,0,0.61,1,1,0,0,0.613,Medium,Low_Risk
CUST1833,27,Female,Single,Secondary,Self-employed,171,1090528,9,3,0,0.96,0,1,0,0,0.612,Medium,Low_Risk
CUST0323,33,Male,Single,,Employed,173,559971,21,4,0,0.99,0,0,0,0,0.611,High,Low_Risk
CUST0591,37,Male,Married,Secondary,Employed,178,783143,15,1,0,0.73,2,1,0,0,0.611,Low,Low_Risk
CUST1573,32,Female,Single,Secondary,Employed,180,549247,20,1,0,0.75,0,1,0,0,0.609,Medium,Low_Risk
CUST1299,35,Male,Married,Secondary,Employed,145,700927,22,3,0,0.63,0,1,0,0,0.608,High,Low_Risk
CUST1495,23,Female,Single,Primary,Employed,151,564460,24,2,0,0.53,0,1,0,0,0.606,Medium,Low_Risk
CUST1789,36,Male,Married,Secondary,Employed,159,611679,21,2,0,0.71,1,1,1,0,0.6,Medium,Low_Risk
CUST2911,47,Male,Single,Secondary,Employed,159,728948,18,2,0,0.8,1,1,0,0,0.597,Medium,Low_Risk
CUST0618,49,Male,Single,Primary,Employed,168,706261,17,2,0,0.54,1,1,0,0,0.596,Medium,Low_Risk
CUST1786,38,Male,Divorced,University,Employed,163,599928,20,2,1,0.58,0,0,1,0,0.593,Medium,Low_Risk
CUST0032,43,Female,Married,University,Unemployed,176,463170,21,4,0,0.5,0,1,0,0,0.592,High,Low_Risk
CUST0754,48,Male,Married,Primary,Unemployed,172,476414,21,1,0,0.64,1,1,1,0,0.589,Medium,Low_Risk
CUST1897,33,Female,Single,Secondary,Employed,174,661800,16,2,0,0.91,1,1,1,0,0.585,Medium,Low_Risk
CUST2682,25,Female,Married,,Self-employed,170,685309,16,2,0,0.54,4,1,0,0,0.584,Medium,Low_Risk
CUST0326,41,Male,Married,Primary,Employed,179,273308,24,2,0,0.54,1,0,0,0,0.582,Medium,Low_Risk
CUST1989,59,Female,Married,University,Employed,158,543605,21,1,0,0.54,1,1,0,0,0.582,Medium,Low_Risk
CUST0001,39,Male,Single,University,Unemployed,175,337885,23,2,0,0.6,2,0,0,0,0.581,Medium,Low_Risk
CUST2784,55,Female,Divorced,Primary,Self-employed,130,903839,17,3,0,0.71,5,1,1,0,0.581,Medium,Medium_Risk
CUST0083,30,Female,Married,Secondary,Self-employed,167,84144,30,2,0,0.58,0,0,1,0,0.578,High,Low_Risk
CUST1340,61,Male,Divorced,University,Employed,163,527703,20,3,0,0.69,2,1,0,0,0.576,Medium,Low_Risk
CUST1942,50,Female,Single,Secondary,Employed,145,651024,20,3,0,0.8,0,0,0,0,0.576,Medium,Low_Risk
CUST2646,31,Male,Divorced,University,Employed,180,576850,16,3,0,0.53,1,0,0,0,0.575,Medium,Low_Risk
CUST1922,35,Male,Married,University,Employed,175,268159,24,2,0,0.96,1,1,0,0,0.574,Medium,Low_Risk
CUST1512,32,Male,Single,Primary,Unemployed,174,17425,30,2,0,0.82,3,1,0,0,0.573,High,Low_Risk
CUST1464,39,Male,Single,Primary,Employed,180,431748,19,4,0,0.91,0,0,0,0,0.57,High,Low_Risk
CUST1716,38,Male,Married,University,Self-employed,161,858962,12,3,1,0.75,1,1,1,0,0.57,Medium,Low_Risk
CUST0272,47,Female,Married,Secondary,Self-employed,170,327982,23,3,0,0.51,0,1,0,0,0.57,High,Low_Risk
CUST2867,46,Male,Single,Secondary,Self-employed,128,354258,29,2,0,0.76,1,1,0,0,0.568,High,Low_Risk
CUST0980,38,Male,Single,Secondary,Employed,175,369618,21,2,0,0.62,0,0,0,0,0.568,Medium,Low_Risk
CUST1139,53,Male,Single,Secondary,Self-employed,171,724542,13,2,0,0.68,0,0,1,0,0.565,Medium,Low_Risk
CUST0369,18,Male,Single,Secondary,Self-employed,174,536972,17,1,0,0.52,1,0,1,0,0.565,Low,Low_Risk
CUST2463,30,Male,Married,Secondary,Employed,171,208550,25,2,0,0.74,0,1,0,0,0.563,Medium,Low_Risk
CUST1089,43,Female,Married,Secondary,Employed,170,421299,20,3,1,0.5,0,1,0,0,0.562,Medium,Low_Risk
CUST2381,18,Female,Single,Secondary,Employed,160,533317,19,1,0,0.67,1,0,1,0,0.562,Medium,Low_Risk
CUST2962,37,Female,Single,Secondary,Employed,174,520358,17,2,1,0.59,1,1,0,0,0.561,Medium,Low_Risk
CUST1506,31,Female,Married,Primary,Employed,35,1173274,24,2,1,0.93,0,1,0,0,0.56,Medium,Low_Risk
CUST1741,45,Female,Single,Primary,Self-employed,117,737096,21,2,0,0.92,0,1,0,0,0.56,Medium,Low_Risk
CUST1535,19,Male,Married,Primary,Employed,169,674946,14,3,0,0.98,0,1,0,0,0.559,Medium,Low_Risk
CUST0033,48,Female,Single,University,Employed,178,357216,20,4,0,0.57,0,0,1,0,0.559,High,Low_Risk
CUST0377,34,Male,Single,Primary,Self-employed,172,477057,18,4,0,0.79,0,0,1,0,0.558,High,Low_Risk
CUST1851,37,Female,Single,University,Employed,162,79300,29,1,0,0.77,2,0,0,0,0.558,Medium,Low_Risk
CUST2318,32,Female,Single,University,Self-employed,156,541128,19,3,0,0.77,2,0,0,0,0.557,Medium,Low_Risk
CUST0832,35,Male,Single,University,Employed,121,314907,30,1,0,0.85,1,0,0,0,0.557,Medium,Low_Risk
CUST0429,46,Male,Single,University,Self-employed,143,589559,20,2,1,0.89,1,0,0,0,0.557,Medium,Low_Risk
CUST0809,41,Female,Married,Primary,Employed,157,147011,28,1,0,0.98,0,0,0,0,0.556,Medium,Low_Risk
CUST1272,32,Male,Married,Primary,Employed,144,529724,21,3,1,0.7,1,1,0,0,0.555,Medium,Low_Risk
CUST0358,33,Female,Single,,Self-employed,170,608511,15,4,1,0.97,2,1,0,0,0.555,Medium,Low_Risk
CUST2986,35,Male,Married,Primary,Employed,176,346638,20,1,0,0.95,2,1,0,0,0.553,Medium,Low_Risk
CUST1849,39,Male,Single,Secondary,Self-employed,158,592620,17,3,0,0.57,1,1,0,0,0.552,Medium,Low_Risk
CUST2012,18,Male,Married,University,Employed,171,331090,21,1,0,0.73,0,1,1,0,0.552,Medium,Low_Risk
CUST0789,30,Female,Married,Secondary,Employed,172,450751,18,1,0,0.58,2,1,0,0,0.551,Medium,Low_Risk
CUST1144,18,Female,Married,Secondary,Unemployed,171,369668,20,3,0,0.84,1,1,1,0,0.551,Medium,Low_Risk
CUST1748,39,Male,Single,Primary,Self-employed,173,186428,24,2,0,0.76,0,1,0,0,0.551,Medium,Low_Risk
CUST0080,18,Male,Married,University,Employed,163,675881,14,2,0,0.76,2,0,1,0,0.55,Medium,Low_Risk
CUST0986,44,Female,Married,Primary,Employed,172,316316,21,2,0,0.87,1,1,0,0,0.55,Medium,Low_Risk
CUST1054,40,Male,Married,Secondary,Employed,79,959788,21,2,0,0.93,1,1,1,0,0.55,Medium,Low_Risk
CUST1959,46,Female,Married,Primary,Employed,168,342317,21,1,0,0.54,2,1,0,0,0.549,Medium,Low_Risk
CUST2553,35,Female,Single,Secondary,Employed,159,149762,27,3,0,0.62,1,0,0,0,0.549,High,Low_Risk
CUST0659,40,Female,Single,Secondary,Self-employed,165,187842,25,1,0,0.64,1,1,0,0,0.548,Medium,Low_Risk
CUST2908,44,Female,Single,University,Employed,162,710573,13,1,0,0.91,0,1,0,0,0.546,Low,Low_Risk
CUST1372,38,Male,Married,Secondary,Self-employed,178,212465,22,2,0,0.95,3,1,0,0,0.545,Medium,Low_Risk
CUST1901,29,Female,Divorced,Secondary,Unemployed,174,281685,21,1,1,0.51,1,1,0,0,0.545,Medium,Low_Risk
CUST2545,34,Female,Single,Secondary,Self-employed,162,27307,29,4,1,0.81,0,1,0,0,0.545,High,Low_Risk
CUST1472,22,Male,Married,University,Employed,171,428353,18,1,1,0.87,0,1,0,0,0.544,Medium,Low_Risk
CUST0345,45,Male,Married,Primary,Employed,180,112301,24,1,1,0.51,1,0,1,0,0.544,Medium,Low_Risk
CUST0342,27,Male,Single,Primary,Employed,133,518830,22,2,0,0.6,0,0,1,0,0.544,Medium,Low_Risk
CUST2314,47,Male,Married,Primary,Unemployed,151,354305,23,1,0,0.6,2,0,0,0,0.544,Medium,Low_Risk
CUST0083,22,Female,Single,Primary,Employed,166,418176,19,1,0,0.74,1,1,0,0,0.544,Medium,Low_Risk
CUST2706,24,Female,Single,Primary,Employed,174,659181,12,3,0,0.64,1,0,0,0,0.543,Medium,Low_Risk
CUST1614,30,Female,Married,Primary,Self-employed,137,530364,21,2,0,0.73,2,0,1,0,0.543,Medium,Low_Risk
CUST1981,37,Male,Married,Primary,Employed,144,690939,16,1,1,0.84,2,0,0,0,0.542,Low,Low_Risk
CUST2045,43,Male,Married,,Self-employed,172,535069,15,3,1,0.86,1,1,0,0,0.541,Medium,Low_Risk
CUST0445,42,Male,Married,Primary,Self-employed,151,292151,24,2,0,0.59,1,1,0,0,0.54,Medium,Low_Risk
CUST0510,28,Male,Single,,Employed,161,565488,16,2,0,0.97,3,1,0,0,0.54,Medium,Low_Risk
CUST0037,34,Male,Single,Primary,Self-employed,179,309972,19,3,0,0.84,0,1,0,0,0.539,Medium,Low_Risk
CUST2837,39,Female,Single,Primary,Employed,140,491586,21,1,0,0.5,1,1,1,0,0.539,Medium,Low_Risk
CUST0202,36,Female,Single,Primary,Self-employed,179,309149,19,1,0,0.82,2,1,1,0,0.539,Medium,Low_Risk
CUST2444,50,Male,Single,,Self-employed,179,9340,26,2,0,0.75,0,1,0,0,0.538,Medium,Low_Risk
CUST2294,22,Male,Single,Primary,Employed,177,23268,26,1,0,0.96,3,1,0,0,0.538,Medium,Low_Risk
CUST1234,39,Male,Married,,Self-employed,174,380641,18,1,1,0.52,5,1,1,0,0.538,Medium,Medium_Risk
CUST0943,38,Male,Single,,Employed,133,447550,23,1,0,0.7,0,1,0,0,0.537,Medium,Low_Risk
CUST1091,31,Male,Single,Secondary,Self-employed,154,814914,11,1,0,0.74,1,1,1,0,0.537,Low,Low_Risk
CUST2622,38,Female,Single,Secondary,Employed,161,504275,17,1,0,0.72,2,1,1,0,0.536,Low,Low_Risk
CUST1198,59,Female,Married,Secondary,Employed,171,262528,21,1,0,0.88,1,1,0,0,0.535,Medium,Low_Risk
CUST0245,29,Female,Married,Secondary,Employed,177,436009,16,1,0,0.69,1,1,1,0,0.535,Low,Low_Risk
CUST2123,44,Female,Married,Secondary,Employed,118,882390,15,3,0,0.65,0,1,0,0,0.535,Medium,Low_Risk
CUST1548,40,Female,Married,Secondary,Self-employed,169,143940,24,3,0,0.91,2,1,1,0,0.534,High,Low_Risk
CUST2172,40,Female,Single,Secondary,Self-employed,141,339263,24,1,0,0.96,0,0,0,0,0.534,Medium,Low_Risk
CUST0777,38,Male,Single,Secondary,Self-employed,175,360726,18,2,0,0.97,0,1,0,0,0.534,Medium,Low_Risk
CUST0675,31,Female,Married,Primary,Self-employed,171,512185,15,1,0,0.87,2,1,0,0,0.534,Low,Low_Risk
CUST1135,50,Female,Single,University,Employed,177,49234,25,2,1,0.87,1,1,0,0,0.534,Medium,Low_Risk
CUST0240,31,Female,Married,Secondary,Self-employed,169,358339,19,1,0,0.88,0,1,0,0,0.534,Medium,Low_Risk
CUST1031,33,Female,Married,Secondary,Employed,157,649111,14,1,0,0.57,5,0,0,0,0.533,Low,Medium_Risk
CUST1529,18,Female,Single,University,Employed,162,445673,18,1,1,0.64,0,1,0,0,0.533,Medium,Low_Risk
CUST2184,54,Male,Married,Primary,Employed,161,407191,19,2,0,0.58,2,1,1,0,0.533,Medium,Low_Risk
CUST0323,24,Female,Married,Primary,Employed,179,157971,22,1,0,0.89,0,1,0,0,0.533,Medium,Low_Risk
CUST2528,37,Male,Single,,Employed,164,346631,20,2,0,0.77,1,1,1,0,0.533,Medium,Low_Risk
CUST1787,38,Female,Married,Secondary,Self-employed,173,410172,17,3,1,0.52,0,0,0,0,0.533,Medium,Low_Risk
CUST2096,26,Male,Married,University,Employed,98,712108,22,1,0,0.8,0,0,1,0,0.532,Medium,Low_Risk
CUST2576,60,Female,Single,University,Employed,171,38852,26,1,0,0.74,0,1,0,0,0.532,Medium,Low_Risk
CUST2362,27,Female,Single,University,Employed,146,380755,22,4,1,0.71,1,1,0,0,0.532,High,Low_Risk
CUST1387,38,Female,Single,,Self-employed,102,936471,16,1,0,0.77,3,1,1,0,0.532,Low,Low_Risk
CUST0693,47,Male,Married,Primary,Employed,178,116137,23,1,0,0.51,0,1,1,0,0.532,Medium,Low_Risk
CUST0707,29,Female,Married,Secondary,Unemployed,175,433425,16,1,0,0.81,0,0,1,0,0.531,Low,Low_Risk
CUST2598,34,Male,Married,Secondary,Self-employed,174,133123,23,1,0,0.7,1,0,0,0,0.529,Medium,Low_Risk
CUST1803,31,Male,Married,University,Self-employed,155,433824,19,1,0,0.81,0,1,1,0,0.529,Medium,Low_Risk
CUST2071,26,Male,Married,,Unemployed,154,350123,21,3,0,0.79,2,1,0,0,0.528,Medium,Low_Risk
CUST0696,37,Female,Single,Primary,Employed,173,91667,24,3,0,0.63,2,1,0,0,0.528,High,Low_Risk
CUST2924,34,Female,Single,Primary,Employed,172,355222,18,2,0,0.89,2,0,0,0,0.528,Medium,Low_Risk
CUST2131,30,Female,Married,,Employed,173,386798,17,2,0,0.7,2,1,0,0,0.527,Medium,Low_Risk
CUST1703,42,Male,Married,Primary,Self-employed,145,364909,22,2,0,0.68,1,1,0,0,0.527,Medium,Low_Risk
CUST2960,43,Female,Divorced,,Self-employed,139,407054,22,1,0,0.93,3,1,0,0,0.527,Medium,Low_Risk
CUST0655,37,Female,Married,University,Employed,179,128763,22,2,0,0.83,1,0,1,0,0.526,Medium,Low_Risk
CUST0822,18,Female,Married,University,Employed,123,511984,22,3,0,0.56,2,1,1,0,0.526,High,Low_Risk
CUST0897,38,Male,Divorced,Secondary,Employed,154,514936,17,3,0,0.62,1,1,0,0,0.526,Medium,Low_Risk
CUST1735,33,Male,Divorced,,Employed,161,544458,15,2,0,0.54,1,1,0,0,0.525,Medium,Low_Risk
CUST2929,55,Male,Single,Primary,Employed,133,484340,21,3,0,0.8,1,0,0,0,0.525,Medium,Low_Risk
CUST0012,39,Male,Single,Secondary,Employed,135,722572,15,1,0,0.69,2,1,1,0,0.524,Low,Low_Risk
CUST2003,27,Female,Single,Primary,Employed,156,575347,15,3,0,0.83,1,0,0,0,0.524,Medium,Low_Risk
CUST1344,21,Female,Divorced,University,Employed,157,395772,19,3,0,0.8,0,1,0,0,0.523,Medium,Low_Risk
CUST0241,50,Female,Divorced,Primary,Self-employed,171,384115,17,2,0,0.56,1,1,0,0,0.523,Medium,Low_Risk
CUST2441,54,Male,Single,,Employed,171,255686,20,2,0,0.5,2,1,1,0,0.523,Medium,Low_Risk
CUST1317,42,Male,Married,Secondary,Employed,169,56100,25,2,0,0.94,0,1,0,0,0.523,Medium,Low_Risk
CUST1665,33,Female,Married,Secondary,Employed,153,679300,13,2,1,0.5,2,1,1,0,0.523,Medium,Low_Risk
CUST1299,34,Male,Married,,Employed,135,625762,17,2,0,0.62,1,1,0,0,0.522,Medium,Low_Risk
CUST2405,33,Male,Single,Primary,Employed,176,515571,13,1,0,0.79,1,1,0,0,0.522,Low,Low_Risk
CUST0417,54,Male,Married,Secondary,Employed,176,216675,20,1,0,0.68,1,0,1,0,0.522,Medium,Low_Risk
CUST0745,30,Female,Divorced,Primary,Employed,163,134408,24,3,0,0.97,1,1,0,0,0.521,High,Low_Risk
CUST1962,32,Female,Divorced,Secondary,Employed,176,172395,21,3,0,0.59,0,1,1,0,0.521,Medium,Low_Risk
CUST2698,40,Male,Married,Secondary,Employed,178,283466,18,1,2,0.51,1,0,0,0,0.521,Medium,Medium_Risk
CUST1376,37,Female,Married,Primary,Employed,142,489650,19,4,1,0.52,1,0,1,0,0.521,High,Low_Risk
CUST1092,40,Male,Married,Primary,Employed,172,156275,22,3,1,0.86,0,1,0,0,0.521,High,Low_Risk
CUST2215,53,Female,Single,University,Employed,131,774003,14,2,0,0.79,1,1,0,0,0.52,Medium,Low_Risk
CUST1404,34,Male,Single,University,Employed,157,249255,22,2,0,0.83,2,1,0,0,0.519,Medium,Low_Risk
CUST2594,38,Male,Married,,Employed,171,25783,25,4,0,0.68,0,1,0,0,0.519,High,Low_Risk
CUST0923,28,Female,Married,Secondary,Self-employed,164,201528,22,1,1,0.72,2,1,1,0,0.519,Medium,Low_Risk
CUST2398,18,Male,Single,Primary,Employed,146,626385,15,4,0,0.83,1,1,0,0,0.519,Medium,Low_Risk
CUST1987,27,Female,Single,Secondary,Employed,168,219379,21,2,1,0.62,0,1,0,0,0.519,Medium,Low_Risk
CUST2755,20,Male,Single,Secondary,Employed,134,407257,22,3,0,0.6,1,1,0,0,0.518,High,Low_Risk
CUST2727,34,Male,Single,Secondary,Self-employed,178,524225,12,2,0,0.67,1,1,0,0,0.517,Low,Low_Risk
CUST1850,18,Male,Single,Secondary,Self-employed,170,237173,20,1,0,0.59,0,1,0,0,0.517,Medium,Low_Risk
CUST1007,36,Male,Single,Secondary,Employed,173,429077,15,2,0,0.61,2,1,0,0,0.517,Medium,Low_Risk
CUST0720,42,Male,Divorced,,Employed,162,249027,21,3,0,0.88,2,0,0,0,0.517,Medium,Low_Risk
CUST0234,35,Male,Married,Secondary,Employed,129,138038,29,2,0,0.59,0,1,0,0,0.517,High,Low_Risk
CUST0634,22,Female,Married,Primary,Employed,164,194275,22,1,0,0.64,0,1,0,0,0.517,Medium,Low_Risk
CUST0964,48,Male,Divorced,University,Employed,169,154264,22,2,0,0.58,3,0,0,0,0.516,Medium,Low_Risk
CUST1203,26,Female,Single,Primary,Self-employed,157,111844,25,1,0,0.58,0,1,0,0,0.516,Medium,Low_Risk
CUST1127,21,Male,Single,University,Employed,125,672027,17,1,1,0.65,3,1,0,0,0.516,Low,Medium_Risk
CUST2507,31,Male,Married,Secondary,Employed,134,228959,26,1,0,0.92,2,1,0,0,0.516,Medium,Low_Risk
CUST1468,43,Male,Single,Secondary,Employed,175,282758,18,2,0,0.62,0,1,1,0,0.515,Medium,Low_Risk
CUST1841,34,Female,Married,Primary,Unemployed,171,11960,25,2,1,0.99,0,1,0,0,0.515,Medium,Low_Risk
CUST2470,26,Male,Single,Primary,Employed,160,383715,18,2,0,0.77,1,0,0,0,0.515,Medium,Low_Risk
CUST0077,46,Female,Married,Secondary,Unemployed,157,571843,14,1,0,0.94,2,1,0,0,0.514,Low,Low_Risk
CUST0871,46,Female,Divorced,Secondary,Self-employed,145,184955,25,2,0,0.67,1,1,0,0,0.514,Medium,Low_Risk
CUST2463,28,Male,Married,Primary,Self-employed,125,918939,11,1,2,0.53,0,1,0,0,0.514,Low,Low_Risk
CUST0617,18,Female,Married,Primary,Employed,175,319616,17,3,0,0.62,2,1,1,0,0.514,Medium,Low_Risk
CUST1780,18,Female,Single,Primary,Employed,174,238988,19,1,0,0.98,0,0,0,0,0.514,Medium,Low_Risk
CUST2264,18,Male,Single,University,Unemployed,163,275676,20,2,0,0.61,1,1,0,0,0.514,Medium,Low_Risk
CUST2558,22,Male,Single,Secondary,Employed,178,257217,18,1,0,0.62,0,1,1,0,0.514,Medium,Low_Risk
CUST0843,28,Male,Married,University,Self-employed,175,146496,21,2,0,0.83,1,1,1,0,0.513,Medium,Low_Risk
CUST2780,49,Male,Single,Secondary,Employed,176,266222,18,1,2,0.89,3,1,1,0,0.513,Medium,Medium_Risk
CUST0306,20,Male,Married,Primary,Self-employed,177,171771,20,1,0,0.73,3,0,0,0,0.513,Medium,Low_Risk
CUST2748,28,Female,Single,University,Self-employed,166,78638,24,1,0,0.6,0,1,0,0,0.513,Medium,Low_Risk
CUST0856,23,Male,Married,University,Employed,178,295105,17,1,0,0.95,1,1,1,0,0.513,Low,Low_Risk
CUST1350,36,Male,Married,Secondary,Employed,179,288215,17,3,0,0.64,4,1,1,0,0.513,Medium,Low_Risk
CUST0055,27,Male,Single,Primary,Employed,176,266470,18,1,1,0.74,3,0,0,0,0.513,Medium,Medium_Risk
CUST2838,20,Male,Single,University,Employed,162,275792,20,3,1,0.75,1,0,0,0,0.513,Medium,Low_Risk
CUST1711,30,Male,Single,Primary,Self-employed,176,264789,18,1,0,0.92,1,1,0,0,0.513,Medium,Low_Risk
CUST2257,37,Female,Single,Secondary,Employed,167,407769,16,4,1,0.82,0,1,1,0,0.512,Medium,Low_Risk
CUST2710,33,Female,Married,University,Employed,159,547154,14,2,0,0.59,0,0,0,0,0.512,Medium,Low_Risk
CUST0873,38,Male,Single,,Self-employed,159,334603,19,4,0,0.68,0,0,0,0,0.512,High,Low_Risk
CUST0243,32,Male,Married,University,Self-employed,163,480303,15,1,1,0.78,1,1,1,0,0.512,Low,Low_Risk
CUST1246,54,Female,Married,Secondary,Unemployed,176,90829,22,2,0,0.86,0,1,0,0,0.512,Medium,Low_Risk
CUST1345,33,Male,Married,Secondary,Self-employed,115,979959,11,1,0,0.75,0,1,0,0,0.512,Low,Low_Risk
CUST2942,26,Male,Single,University,Employed,179,71475,22,1,0,0.7,4,1,0,0,0.512,Medium,Low_Risk
CUST1019,36,Male,Single,Primary,Self-employed,130,149378,28,2,0,0.67,1,0,0,0,0.511,High,Low_Risk
CUST2131,26,Male,Married,University,Employed,156,308538,20,3,0,0.55,2,1,1,0,0.511,Medium,Low_Risk
CUST0195,40,Male,Divorced,Primary,Self-employed,151,386561,19,4,1,0.87,1,0,0,0,0.511,High,Low_Risk
CUST0035,28,Male,Single,University,Employed,172,283782,18,1,0,0.77,0,1,0,0,0.511,Medium,Low_Risk
CUST1608,42,Female,Married,,Employed,158,82725,25,1,1,0.81,1,0,0,0,0.511,Medium,Low_Risk
CUST0534,46,Female,Single,Secondary,Employed,146,338212,21,1,0,0.75,2,1,1,0,0.511,Medium,Low_Risk
CUST1819,26,Female,Single,Primary,Employed,155,403815,18,1,0,0.61,2,1,1,0,0.511,Medium,Low_Risk
CUST0348,34,Female,Married,Primary,Self-employed,157,469796,16,4,0,0.96,2,0,1,0,0.51,Medium,Low_Risk
CUST1581,32,Male,Single,Primary,Self-employed,152,331943,20,2,0,0.94,0,1,0,0,0.51,Medium,Low_Risk
CUST0406,41,Female,Divorced,Primary,Employed,101,385337,27,3,1,0.52,1,1,0,0,0.51,High,Low_Risk
CUST2520,41,Male,Married,Secondary,Employed,178,495043,12,4,0,0.65,0,1,0,0,0.51,Medium,Low_Risk
CUST1738,27,Male,Married,Primary,Self-employed,121,498991,21,4,0,0.52,2,1,0,0,0.509,High,Low_Risk
CUST1725,39,Female,Married,Secondary,Employed,176,122068,21,1,0,0.76,1,0,0,0,0.509,Medium,Low_Risk
CUST2804,27,Female,Married,Primary,Self-employed,176,248700,18,3,1,0.9,0,1,0,0,0.509,Medium,Low_Risk
CUST1276,35,Female,Married,University,Self-employed,167,222122,20,2,0,0.51,1,1,0,0,0.508,Medium,Low_Risk
CUST0367,30,Male,Married,University,Self-employed,162,87032,24,4,0,0.94,1,0,0,0,0.508,High,Low_Risk
CUST0340,35,Male,Single,Primary,Employed,173,96580,22,4,0,0.58,1,1,0,0,0.508,High,Low_Risk
CUST0969,44,Female,Single,Primary,Self-employed,175,120852,21,2,0,0.88,1,0,1,0,0.507,Medium,Low_Risk
CUST1405,38,Male,Single,University,Employed,154,51066,26,3,0,0.64,1,1,1,0,0.507,High,Low_Risk
CUST2959,30,Male,Married,Secondary,Employed,148,93308,26,2,0,0.86,0,1,0,0,0.507,Medium,Low_Risk
CUST1926,28,Female,Married,University,Self-employed,168,382681,16,1,1,0.51,1,1,0,0,0.507,Low,Low_Risk
CUST1005,45,Female,Married,Secondary,Self-employed,162,338500,18,3,0,0.61,1,1,0,0,0.507,Medium,Low_Risk
CUST2246,40,Female,Married,Secondary,Employed,160,777995,8,2,0,0.55,1,1,0,0,0.507,Low,Low_Risk
CUST2750,42,Male,Single,Secondary,Self-employed,152,490290,16,1,1,0.7,3,0,1,0,0.507,Low,Medium_Risk
CUST1533,33,Male,Married,Primary,Employed,179,391202,14,3,0,0.99,2,0,0,0,0.507,Medium,Low_Risk
CUST0380,61,Female,Married,Secondary,Employed,160,479121,15,4,0,0.5,2,1,0,0,0.507,Medium,Low_Risk
CUST1089,31,Male,Married,Primary,Self-employed,150,329420,20,1,0,0.67,1,1,0,0,0.506,Medium,Low_Risk
CUST0264,47,Female,Married,Secondary,Self-employed,145,363601,20,1,0,0.72,1,1,0,0,0.506,Medium,Low_Risk
CUST0935,29,Female,Divorced,,Employed,178,12357,23,1,0,0.83,0,0,1,0,0.506,Medium,Low_Risk
CUST0154,47,Male,Married,Secondary,Employed,171,692012,8,3,0,0.81,2,1,0,0,0.505,Medium,Low_Risk
CUST2173,28,Female,Married,Primary,Employed,152,398615,18,3,0,0.54,2,1,0,0,0.505,Medium,Low_Risk
CUST0661,24,Male,Divorced,Secondary,Self-employed,135,176217,26,1,0,0.83,1,1,0,0,0.505,Medium,Low_Risk
CUST2689,28,Male,Single,Primary,Self-employed,113,749979,16,1,0,0.81,0,1,0,0,0.505,Low,Low_Risk
CUST1403,35,Male,Married,Primary,Self-employed,130,721619,14,1,0,0.74,1,0,0,0,0.505,Low,Low_Risk
CUST0700,21,Male,Married,University,Employed,179,339100,15,3,0,0.98,0,1,0,0,0.505,Medium,Low_Risk
CUST1791,24,Male,Married,University,Unemployed,88,368661,29,2,0,0.81,0,1,1,0,0.504,High,Low_Risk
CUST1101,45,Male,Single,Primary,Employed,160,678316,10,1,1,0.94,0,1,0,0,0.504,Low,Low_Risk
CUST0143,49,Female,Single,Secondary,Self-employed,163,361790,17,1,0,0.56,1,1,0,0,0.504,Low,Low_Risk
CUST2141,25,Male,Married,University,Self-employed,158,436570,16,2,1,0.91,1,0,1,0,0.504,Medium,Low_Risk
CUST2845,38,Male,Married,Primary,Employed,177,3981,23,1,0,0.66,0,1,0,0,0.503,Medium,Low_Risk
CUST2976,44,Male,Married,University,Employed,178,422846,13,2,1,0.99,0,1,1,0,0.503,Medium,Low_Risk
CUST0046,38,Male,Divorced,Secondary,Self-employed,125,444560,21,1,0,0.76,0,0,0,0,0.502,Medium,Low_Risk
CUST1235,39,Male,Single,Secondary,Self-employed,171,381795,15,4,0,0.97,0,0,0,0,0.502,Medium,Low_Risk
CUST2420,33,Male,Married,University,Self-employed,180,24569,22,1,1,1.0,0,0,0,0,0.502,Medium,Low_Risk
CUST2711,38,Male,Married,Secondary,Employed,161,367444,17,4,0,0.63,2,0,0,0,0.502,High,Low_Risk
CUST0414,26,Female,Married,Secondary,Employed,155,25822,26,2,0,0.54,1,1,0,0,0.502,Medium,Low_Risk
CUST0057,47,Male,Single,Primary,Self-employed,164,260336,19,1,0,0.77,1,0,0,0,0.502,Medium,Low_Risk
CUST0141,19,Male,Married,Secondary,Employed,159,460134,15,2,0,0.52,0,1,1,0,0.501,Medium,Low_Risk
CUST1571,46,Female,Married,Secondary,Employed,180,232359,17,3,0,0.68,1,0,0,0,0.501,Medium,Low_Risk
CUST0999,18,Female,Married,Secondary,Employed,169,95522,22,1,0,0.92,2,1,0,0,0.501,Medium,Low_Risk
CUST1079,39,Male,Married,Primary,Self-employed,150,524819,15,2,0,0.94,1,0,0,0,0.501,Medium,Low_Risk
CUST0381,25,Male,Married,Secondary,Employed,117,750283,15,4,0,0.53,2,1,0,0,0.501,Medium,Low_Risk
CUST0461,31,Female,Single,Secondary,Employed,176,216468,18,1,0,0.54,1,1,1,0,0.501,Medium,Low_Risk
CUST2910,61,Male,Single,,Self-employed,144,393962,19,4,0,0.95,1,0,1,0,0.501,High,Low_Risk
CUST1006,36,Female,Single,University,Employed,147,454218,17,2,0,0.97,3,1,1,0,0.5,Medium,Low_Risk
CUST1005,50,Female,Married,University,Employed,137,649901,14,3,0,0.54,0,0,1,0,0.5,Medium,Low_Risk
CUST2140,40,Female,Single,Secondary,Self-employed,175,217803,18,2,0,0.84,0,0,1,0,0.5,Medium,Low_Risk
CUST0009,41,Female,Married,Secondary,Employed,176,42325,22,1,0,0.71,0,0,0,0,0.5,Medium,Low_Risk
CUST1669,21,Female,Single,Secondary,Unemployed,177,32373,22,1,0,0.91,0,1,0,0,0.499,Medium,Low_Risk
CUST2151,34,Male,Single,Secondary,Employed,174,10820,23,4,1,0.65,0,1,1,0,0.499,High,Low_Risk
CUST1489,29,Male,Married,Secondary,Employed,111,60587,32,1,0,0.61,2,1,0,0,0.499,High,Low_Risk
CUST1833,25,Male,Single,Secondary,Self-employed,180,139546,19,2,0,0.96,2,0,0,0,0.499,Medium,Low_Risk
CUST1275,32,Male,Married,Secondary,Employed,171,328797,16,1,0,0.94,2,1,0,0,0.499,Low,Low_Risk
CUST0183,23,Male,Single,Secondary,Employed,175,259134,17,2,0,0.92,0,1,0,0,0.499,Medium,Low_Risk
CUST1704,29,Male,Single,Primary,Self-employed,179,357970,14,1,0,0.9,0,1,0,0,0.499,Low,Low_Risk
CUST1186,41,Male,Married,Secondary,Employed,176,204868,18,1,0,0.96,1,1,0,0,0.498,Medium,Low_Risk
CUST1263,18,Male,Married,Secondary,Self-employed,149,475331,16,1,0,0.98,4,0,0,0,0.498,Low,Low_Risk
CUST1504,48,Male,Married,Secondary,Employed,128,536378,18,4,0,0.65,3,0,0,0,0.498,High,Low_Risk
CUST0139,35,Female,Married,Primary,Employed,165,107807,22,1,0,0.54,3,1,0,0,0.498,Medium,Low_Risk
CUST1557,33,Male,Married,,Employed,178,192234,18,3,0,0.72,1,0,0,0,0.498,Medium,Low_Risk
CUST2857,26,Male,Divorced,Secondary,Employed,175,297620,16,3,0,0.73,0,1,0,0,0.498,Medium,Low_Risk
CUST2665,22,Male,Married,University,Self-employed,132,466062,19,1,0,0.82,1,1,0,0,0.498,Medium,Low_Risk
CUST0885,18,Female,Single,University,Self-employed,138,251104,23,1,0,0.79,4,1,1,0,0.497,Medium,Low_Risk
CUST2373,27,Female,Married,Primary,Unemployed,145,500459,16,2,0,0.55,1,1,1,0,0.497,Medium,Low_Risk
CUST0418,30,Female,Married,University,Employed,178,229481,17,1,0,0.68,1,1,1,0,0.497,Low,Low_Risk
CUST0003,30,Male,Married,Primary,Employed,145,499850,16,4,0,0.62,1,1,0,0,0.497,Medium,Low_Risk
CUST2813,26,Male,Divorced,Primary,Employed,175,246109,17,2,0,0.53,1,1,1,0,0.496,Medium,Low_Risk
CUST0275,40,Female,Married,,Self-employed,143,592896,14,2,0,0.9,1,0,0,0,0.496,Medium,Low_Risk
CUST2641,34,Female,Single,Primary,Employed,153,185931,22,3,0,0.6,1,1,0,0,0.496,High,Low_Risk
CUST2673,40,Male,Single,University,Self-employed,170,493138,12,4,0,0.84,0,1,1,0,0.496,Medium,Low_Risk
CUST2335,19,Male,Single,,Employed,171,146949,20,4,0,0.73,1,0,0,0,0.496,High,Low_Risk
CUST2376,32,Male,Single,Primary,Self-employed,124,210661,26,3,1,0.53,0,1,0,0,0.495,High,Low_Risk
CUST1478,47,Female,Married,Secondary,Unemployed,150,283719,20,1,0,0.78,1,1,0,0,0.495,Medium,Low_Risk
CUST1971,24,Female,Married,Primary,Self-employed,143,292766,21,4,0,0.92,2,1,0,0,0.495,High,Low_Risk
CUST1876,18,Male,Married,University,Employed,171,226851,18,1,0,0.93,0,0,0,0,0.495,Medium,Low_Risk
CUST2109,19,Male,Divorced,Primary,Employed,175,152632,19,3,0,0.93,0,0,0,0,0.494,Medium,Low_Risk
CUST1435,20,Female,Married,Primary,Employed,179,40030,21,3,0,0.8,2,1,0,0,0.494,Medium,Low_Risk
CUST0231,47,Male,Single,University,Employed,172,172960,19,2,0,0.83,0,1,1,0,0.494,Medium,Low_Risk
CUST0108,44,Male,Single,Secondary,Employed,117,465499,21,1,1,0.78,1,1,1,0,0.494,Medium,Low_Risk
CUST2323,42,Male,Married,University,Employed,179,380612,13,2,0,0.93,2,1,0,0,0.494,Medium,Low_Risk
CUST2316,28,Male,Single,Primary,Employed,166,172429,20,1,0,0.83,1,0,0,0,0.494,Medium,Low_Risk
CUST0028,45,Male,Married,Secondary,Unemployed,140,604080,14,2,0,0.62,1,1,0,0,0.494,Medium,Low_Risk
CUST2156,50,Male,Single,University,Employed,149,33777,26,1,0,0.63,0,1,0,0,0.494,Medium,Low_Risk
CUST0802,28,Male,Married,Primary,Unemployed,162,493028,13,1,0,0.87,1,1,0,0,0.493,Low,Low_Risk
CUST1966,32,Female,Single,Primary,Self-employed,161,245624,19,1,0,0.66,0,0,0,0,0.493,Medium,Low_Risk
CUST2959,37,Male,Single,Secondary,Self-employed,177,218468,17,3,1,0.95,0,1,0,0,0.493,Medium,Low_Risk
CUST2845,20,Female,Single,,Self-employed,161,499444,13,3,1,0.85,0,1,0,0,0.493,Medium,Low_Risk
CUST1075,18,Female,Married,Secondary,Employed,168,237015,18,2,1,1.0,0,0,0,0,0.493,Medium,Low_Risk
CUST2775,32,Female,Divorced,Primary,Employed,180,69686,20,1,0,0.92,1,0,0,0,0.493,Medium,Low_Risk
CUST2235,28,Female,Single,,Self-employed,179,163326,18,3,0,0.63,5,0,0,0,0.493,Medium,Medium_Risk
CUST1614,36,Male,Single,University,Employed,167,197116,19,1,0,0.67,0,1,0,0,0.492,Medium,Low_Risk
CUST1562,42,Female,Married,University,Employed,176,393049,13,3,0,0.58,1,1,0,0,0.492,Medium,Low_Risk
CUST1821,30,Male,Single,Secondary,Employed,178,335922,14,2,0,0.54,1,0,0,0,0.492,Medium,Low_Risk
CUST1779,19,Male,Married,University,Self-employed,170,91040,21,1,1,0.71,0,0,0,0,0.491,Medium,Low_Risk
CUST0967,18,Female,Married,Secondary,Employed,167,26246,23,3,0,0.5,0,1,1,0,0.491,High,Low_Risk
CUST1436,36,Female,Divorced,Secondary,Self-employed,162,442279,14,1,0,0.78,0,1,0,0,0.491,Low,Low_Risk
CUST2300,18,Male,Married,Secondary,Employed,128,421735,20,2,0,0.68,0,1,0,0,0.491,Medium,Low_Risk
CUST0936,29,Female,Single,,Employed,166,239390,18,2,0,0.78,0,1,0,0,0.49,Medium,Low_Risk
CUST1016,27,Male,Married,Primary,Employed,177,35978,21,4,0,0.67,2,1,0,0,0.49,High,Low_Risk
CUST0279,18,Male,Single,Secondary,Unemployed,103,545479,21,2,0,0.51,2,1,0,0,0.49,Medium,Low_Risk
CUST1859,20,Female,Married,University,Unemployed,177,206458,17,1,0,0.59,1,1,0,0,0.49,Low,Low_Risk
CUST0055,35,Male,Single,Primary,Self-employed,133,339283,21,1,0,0.62,0,1,0,0,0.49,Medium,Low_Risk
CUST0081,40,Male,Single,,Employed,145,596596,13,2,0,0.89,2,0,0,0,0.49,Medium,Low_Risk
CUST0071,27,Female,Single,Secondary,Employed,173,274767,16,3,0,0.81,0,1,0,0,0.489,Medium,Low_Risk
CUST0633,46,Male,Married,Secondary,Self-employed,163,424633,14,4,0,0.62,1,0,0,0,0.489,Medium,Low_Risk
CUST1153,23,Female,Married,Secondary,Unemployed,160,66214,23,1,0,0.53,2,1,1,0,0.489,Medium,Low_Risk
CUST1506,25,Male,Married,Secondary,Employed,164,293997,17,3,0,0.97,1,0,1,0,0.489,Medium,Low_Risk
CUST1050,37,Male,Single,Secondary,Employed,157,126011,22,1,0,0.85,3,1,0,0,0.489,Medium,Low_Risk
CUST1654,31,Female,Married,Primary,Employed,172,278378,16,2,0,0.99,0,0,1,0,0.489,Medium,Low_Risk
CUST1296,28,Female,Single,Primary,Unemployed,179,357294,13,3,0,0.8,1,0,1,0,0.489,Medium,Low_Risk
CUST0999,25,Male,Single,,Self-employed,177,286671,15,2,0,0.57,1,0,1,0,0.489,Medium,Low_Risk
CUST2115,40,Female,Single,Secondary,Employed,168,93879,21,1,1,0.88,1,1,0,0,0.489,Medium,Low_Risk
CUST1880,61,Male,Married,University,Employed,177,112091,19,2,0,0.99,0,1,0,0,0.488,Medium,Low_Risk
CUST2888,43,Male,Single,Primary,Self-employed,159,196673,20,2,0,0.63,1,0,1,0,0.488,Medium,Low_Risk
CUST0292,40,Female,Married,University,Employed,168,219299,18,2,0,0.89,3,1,1,0,0.488,Medium,Low_Risk
CUST0862,31,Male,Married,Secondary,Unemployed,174,6684,22,1,1,0.94,1,1,0,0,0.488,Medium,Low_Risk
CUST1492,19,Male,Single,,Self-employed,174,217164,17,1,0,0.82,2,0,0,0,0.488,Low,Low_Risk
CUST1909,42,Female,Single,University,Self-employed,157,79461,23,1,0,0.87,1,1,0,0,0.488,Medium,Low_Risk
CUST1616,51,Female,Single,Primary,Self-employed,156,344101,17,3,1,0.8,0,0,0,0,0.488,Medium,Low_Risk
CUST2531,43,Male,Single,University,Self-employed,145,376964,18,3,0,0.82,0,0,0,0,0.488,Medium,Low_Risk
CUST2664,30,Female,Single,Secondary,Employed,164,289489,17,1,0,0.67,1,1,0,0,0.488,Low,Low_Risk
CUST0610,31,Male,Married,Secondary,Unemployed,173,51193,21,1,0,0.6,0,0,0,0,0.487,Medium,Low_Risk
CUST2873,52,Male,Married,Primary,Self-employed,150,339312,18,3,0,0.71,1,0,0,0,0.487,Medium,Low_Risk
CUST1101,55,Female,Single,Primary,Unemployed,172,144127,19,3,0,0.58,1,0,0,0,0.487,Medium,Low_Risk
CUST1199,18,Female,Divorced,University,Employed,158,114746,22,1,0,0.92,1,1,0,0,0.487,Medium,Low_Risk
CUST1627,44,Female,Single,University,Employed,138,417598,18,3,0,0.64,0,1,0,0,0.486,Medium,Low_Risk
CUST0619,38,Male,Divorced,,Unemployed,172,180611,18,2,0,0.66,0,0,0,0,0.486,Medium,Low_Risk
CUST2991,32,Female,Single,University,Self-employed,117,519729,19,3,0,0.92,1,1,0,0,0.486,Medium,Low_Risk
CUST2331,27,Male,Married,Secondary,Self-employed,148,303162,19,1,0,0.59,0,0,0,0,0.486,Medium,Low_Risk
CUST0307,40,Female,Married,,Self-employed,130,598557,15,1,0,0.92,1,0,0,0,0.486,Low,Low_Risk
CUST0734,25,Male,Single,Secondary,Unemployed,146,19426,26,4,0,0.82,1,0,0,0,0.486,High,Low_Risk
CUST0720,53,Male,Married,Secondary,Employed,152,188288,21,4,1,0.68,1,1,0,0,0.485,High,Low_Risk
CUST2934,33,Female,Divorced,Secondary,Employed,160,388720,15,1,0,0.91,4,1,1,0,0.485,Low,Low_Risk
CUST0181,48,Male,Single,Secondary,Self-employed,120,364945,22,2,1,0.59,2,0,0,0,0.485,Medium,Low_Risk
CUST1735,18,Female,Married,University,Employed,162,247952,18,3,0,0.8,0,0,0,0,0.485,Medium,Low_Risk
CUST1039,32,Male,Married,Secondary,Unemployed,148,131743,23,3,1,0.85,0,1,0,0,0.485,High,Low_Risk
CUST1214,43,Male,Married,University,Employed,168,79615,21,1,0,0.6,0,1,1,0,0.485,Medium,Low_Risk
CUST0365,36,Male,Single,Primary,Employed,109,485136,21,1,0,0.73,0,1,0,0,0.485,Medium,Low_Risk
CUST1466,44,Female,Married,,Employed,137,332942,20,3,0,0.95,1,1,1,0,0.485,Medium,Low_Risk
CUST1853,53,Male,Single,University,Employed,137,371324,19,2,0,0.65,2,1,0,0,0.484,Medium,Low_Risk
CUST2143,18,Female,Single,Primary,Self-employed,164,57862,22,2,0,0.62,0,1,1,0,0.484,Medium,Low_Risk
CUST1074,28,Female,Single,,Employed,174,161008,18,4,0,0.98,1,0,0,0,0.484,High,Low_Risk
CUST1069,38,Male,Married,University,Self-employed,179,40386,20,3,0,0.69,1,1,0,0,0.484,Medium,Low_Risk
CUST0890,43,Female,Married,Primary,Employed,171,52301,21,1,1,0.95,1,1,0,0,0.484,Medium,Low_Risk
CUST1286,43,Female,Married,Secondary,Employed,156,73083,23,3,0,0.88,1,1,0,0,0.484,High,Low_Risk
CUST1399,33,Female,Single,University,Unemployed,147,178180,22,1,0,0.73,0,1,0,0,0.484,Medium,Low_Risk
CUST1054,23,Male,Divorced,Secondary,Employed,158,143940,21,1,0,0.96,1,1,1,0,0.484,Medium,Low_Risk
CUST0151,29,Female,Single,Secondary,Employed,157,108545,22,1,0,0.62,2,1,0,0,0.484,Medium,Low_Risk
CUST2895,28,Female,Single,Primary,Employed,163,407244,14,1,0,0.98,1,1,0,0,0.484,Low,Low_Risk
CUST0277,38,Male,Married,Primary,Employed,178,88338,19,3,0,0.95,0,1,1,0,0.484,Medium,Low_Risk
CUST1011,45,Female,Married,Primary,Employed,160,378233,15,3,0,0.95,1,1,0,0,0.483,Medium,Low_Risk
CUST0148,46,Female,Married,Primary,Employed,168,241209,17,1,1,0.7,1,1,0,0,0.483,Low,Low_Risk
CUST2505,24,Male,Married,Secondary,Self-employed,150,67060,24,4,1,0.73,0,1,1,0,0.483,High,Low_Risk
CUST1623,34,Male,Single,Secondary,Employed,111,632171,17,3,0,0.69,1,1,0,0,0.483,Medium,Low_Risk
CUST0963,21,Male,Divorced,Secondary,Employed,170,140011,19,3,0,0.6,1,1,0,0,0.483,Medium,Low_Risk
CUST2660,41,Female,Single,Secondary,Self-employed,174,200454,17,3,0,0.79,0,1,0,0,0.483,Medium,Low_Risk
CUST2797,43,Male,Married,Secondary,Unemployed,169,317184,15,1,0,0.91,0,0,1,0,0.483,Low,Low_Risk
CUST0561,45,Female,Divorced,Primary,Employed,163,189240,19,2,0,0.83,2,0,1,0,0.483,Medium,Low_Risk
CUST1148,30,Female,Single,Secondary,Employed,157,101359,22,1,0,0.99,4,1,0,0,0.483,Medium,Low_Risk
CUST2455,43,Male,Single,University,Employed,171,85680,20,3,0,0.53,4,0,1,0,0.482,Medium,Low_Risk
CUST1747,43,Male,Single,Primary,Employed,159,381770,15,1,0,0.7,0,0,1,0,0.482,Low,Low_Risk
CUST1406,26,Male,Divorced,Secondary,Employed,169,142637,19,2,0,0.98,0,0,0,0,0.482,Medium,Low_Risk
CUST2044,36,Male,Married,Secondary,Employed,148,372192,17,2,1,0.8,0,0,1,0,0.482,Medium,Low_Risk
CUST2869,19,Male,Divorced,Primary,Employed,149,240661,20,4,0,0.55,0,1,0,0,0.482,High,Low_Risk
CUST2149,44,Female,Single,Secondary,Employed,166,80714,21,2,0,0.64,3,1,0,0,0.482,Medium,Low_Risk
CUST0651,47,Male,Married,Primary,Employed,164,217550,18,2,1,0.91,1,1,0,0,0.481,Medium,Low_Risk
CUST0296,36,Female,Single,Secondary,Employed,160,415556,14,2,0,0.61,0,1,1,0,0.481,Medium,Low_Risk
CUST0988,24,Female,Divorced,Secondary,Employed,151,307155,18,4,0,0.62,0,1,0,0,0.481,High,Low_Risk
CUST0735,30,Male,Married,Secondary,Self-employed,144,268582,20,1,0,0.87,3,1,1,0,0.481,Medium,Low_Risk
CUST0114,27,Female,Single,University,Employed,165,210671,18,2,1,0.84,0,1,1,0,0.481,Medium,Low_Risk
CUST1184,46,Female,Married,Primary,Self-employed,158,44345,23,2,0,0.85,0,1,0,0,0.481,Medium,Low_Risk
CUST0539,44,Female,Married,Primary,Employed,164,174048,19,1,0,0.63,1,0,0,0,0.481,Medium,Low_Risk
CUST0589,30,Male,Married,Primary,Employed,141,334453,19,1,0,0.56,0,1,0,0,0.481,Medium,Low_Risk
CUST1397,36,Female,Single,University,Self-employed,163,224558,18,2,0,0.93,2,1,0,0,0.481,Medium,Low_Risk
CUST2064,46,Male,Married,Primary,Self-employed,155,235118,19,1,0,0.71,0,0,1,0,0.481,Medium,Low_Risk
CUST2053,37,Male,Single,,Employed,170,89123,20,1,0,0.61,2,1,0,0,0.481,Medium,Low_Risk
CUST2485,29,Female,Married,Secondary,Employed,154,241485,19,3,0,0.74,2,1,1,0,0.481,Medium,Low_Risk
CUST0843,52,Female,Married,Primary,Employed,134,590899,14,1,0,0.64,1,1,0,0,0.48,Low,Low_Risk
CUST2744,30,Male,Married,University,Unemployed,158,128434,21,1,0,0.88,0,1,0,0,0.48,Medium,Low_Risk
CUST1722,32,Male,Married,,Employed,175,224013,16,1,0,0.76,2,1,0,0,0.48,Low,Low_Risk
CUST2627,41,Male,Married,Primary,Self-employed,152,297065,18,1,0,0.86,0,1,0,0,0.48,Medium,Low_Risk
CUST2776,37,Female,Married,University,Self-employed,155,655515,9,1,0,0.65,2,1,0,0,0.48,Low,Low_Risk
CUST2484,46,Female,Single,Primary,Employed,123,752111,12,1,0,0.81,2,1,0,0,0.48,Low,Low_Risk
CUST1537,34,Male,Single,Primary,Employed,52,770567,23,1,0,0.64,0,1,1,0,0.48,Medium,Low_Risk
CUST0394,42,Male,Married,University,Employed,138,391131,18,1,1,0.84,1,0,0,0,0.48,Medium,Low_Risk
CUST2251,42,Male,Divorced,Primary,Employed,175,179109,17,4,0,0.6,1,0,1,0,0.48,High,Low_Risk
CUST1240,39,Female,Single,,Employed,178,30484,20,1,0,0.69,1,0,0,0,0.48,Medium,Low_Risk
CUST1413,32,Male,Married,,Self-employed,170,299410,15,1,0,0.96,3,1,0,0,0.48,Low,Low_Risk
CUST2028,27,Female,Married,University,Employed,174,101125,19,1,0,0.94,1,1,1,0,0.48,Medium,Low_Risk
CUST0415,40,Female,Married,University,Employed,137,353892,19,1,0,0.62,0,1,0,0,0.479,Medium,Low_Risk
CUST2945,40,Female,Single,,Employed,179,148172,17,3,0,0.93,0,1,1,0,0.479,Medium,Low_Risk
CUST1654,35,Male,Married,Secondary,Employed,152,76725,23,2,1,0.62,1,0,0,0,0.479,Medium,Low_Risk
CUST2399,43,Female,Single,Secondary,Self-employed,178,496043,9,4,0,0.91,0,1,0,0,0.479,Medium,Low_Risk
CUST0145,46,Female,Single,University,Employed,146,289511,19,1,0,0.66,0,1,0,0,0.479,Medium,Low_Risk
CUST1076,40,Male,Married,Secondary,Self-employed,139,207164,22,1,1,0.69,2,0,0,0,0.478,Medium,Low_Risk
CUST1887,36,Female,Married,Secondary,Self-employed,170,76138,20,2,0,0.98,0,1,0,0,0.478,Medium,Low_Risk
CUST0109,43,Male,Married,Secondary,Employed,161,14589,23,3,0,0.66,1,0,0,0,0.478,High,Low_Risk
CUST0030,44,Female,Single,Secondary,Self-employed,145,208931,21,2,0,0.94,0,1,0,0,0.478,Medium,Low_Risk
CUST2327,52,Female,Divorced,Primary,Employed,109,712221,15,1,0,0.55,2,1,1,0,0.478,Low,Low_Risk
CUST1911,42,Male,Divorced,University,Employed,174,306304,14,2,0,0.83,0,0,1,0,0.478,Medium,Low_Risk
CUST0536,38,Male,Married,,Employed,156,133951,21,1,2,0.77,0,1,0,0,0.478,Medium,Low_Risk
CUST1570,36,Male,Single,Secondary,Employed,173,185591,17,4,0,0.91,1,0,0,0,0.478,High,Low_Risk
CUST2058,43,Male,Married,,Self-employed,95,554062,21,2,0,0.64,0,1,0,0,0.478,Medium,Low_Risk
CUST2361,43,Male,Married,Secondary,Unemployed,167,185790,18,1,0,0.83,0,1,1,0,0.478,Medium,Low_Risk
CUST0002,33,Male,Single,Primary,Employed,144,170747,22,1,0,0.92,0,1,0,0,0.478,Medium,Low_Risk
CUST2920,41,Male,Married,Secondary,Employed,172,107141,19,3,0,0.87,0,1,0,0,0.478,Medium,Low_Risk
CUST0956,31,Male,Married,Secondary,Employed,157,374410,15,3,0,0.9,0,1,0,0,0.477,Medium,Low_Risk
CUST0979,45,Male,Single,University,Employed,97,491171,22,2,0,0.61,1,1,0,0,0.477,Medium,Low_Risk
CUST0809,18,Male,Single,University,Self-employed,137,130816,24,1,0,0.6,0,0,0,0,0.477,Medium,Low_Risk
CUST2340,18,Female,Married,Primary,Unemployed,151,247364,19,2,0,0.59,2,1,0,0,0.477,Medium,Low_Risk
CUST2747,62,Male,Single,Secondary,Employed,178,272743,14,2,1,0.92,0,1,0,0,0.477,Medium,Low_Risk
CUST1345,44,Female,Married,Primary,Employed,179,351369,12,2,0,0.69,0,1,1,0,0.477,Low,Low_Risk
CUST1348,34,Male,Married,Secondary,Self-employed,176,203687,16,1,1,0.99,0,1,0,0,0.477,Low,Low_Risk
CUST1069,33,Male,Married,Secondary,Unemployed,148,395180,16,1,0,0.64,1,0,1,0,0.477,Low,Low_Risk
CUST1698,32,Male,Married,Primary,Employed,177,240015,15,4,1,0.78,2,1,1,0,0.477,Medium,Low_Risk
CUST1713,26,Female,Single,Secondary,Employed,164,237402,17,2,1,0.59,0,1,0,0,0.476,Medium,Low_Risk
CUST2594,34,Male,Single,Primary,Employed,179,176150,16,2,0,0.98,2,1,1,0,0.476,Medium,Low_Risk
CUST1565,22,Female,Married,Secondary,Self-employed,157,72752,22,3,0,0.78,0,1,0,0,0.476,High,Low_Risk
CUST2042,40,Female,Married,Primary,Unemployed,102,326017,25,2,0,0.67,1,1,0,0,0.476,Medium,Low_Risk
CUST2321,19,Male,Married,Primary,Employed,156,252762,18,2,1,0.7,0,0,1,0,0.476,Medium,Low_Risk
CUST2350,40,Female,Single,University,Employed,159,62579,22,3,0,0.65,2,1,0,0,0.476,High,Low_Risk
CUST1390,44,Female,Married,,Employed,173,92744,19,1,0,0.61,1,1,0,0,0.476,Medium,Low_Risk
CUST0430,33,Male,Married,Primary,Self-employed,173,255671,15,3,0,0.87,1,1,1,0,0.475,Medium,Low_Risk
CUST1954,31,Male,Married,Secondary,Self-employed,145,69785,24,2,1,0.72,0,1,0,0,0.475,Medium,Low_Risk
CUST2322,49,Female,Single,Secondary,Employed,169,540384,9,1,1,0.56,1,1,1,0,0.475,Low,Low_Risk
CUST0379,20,Female,Single,Secondary,Self-employed,150,74092,23,3,1,0.62,1,1,0,0,0.475,High,Low_Risk
CUST2280,42,Male,Single,Primary,Employed,177,17623,20,3,0,0.58,1,0,0,0,0.475,Medium,Low_Risk
CUST2719,30,Male,Single,University,Self-employed,141,434680,16,2,0,0.67,1,0,1,0,0.475,Medium,Low_Risk
CUST0894,32,Male,Divorced,University,Employed,178,180994,16,3,0,0.74,0,1,1,0,0.475,Medium,Low_Risk
CUST1477,38,Female,Single,Secondary,Employed,143,250925,20,4,0,0.92,1,1,0,0,0.475,High,Low_Risk
CUST2783,18,Female,Single,Secondary,Employed,157,28155,23,2,0,0.61,1,1,1,0,0.475,Medium,Low_Risk
CUST2791,27,Male,Single,Primary,Employed,146,232755,20,3,0,0.74,1,1,0,0,0.475,Medium,Low_Risk
CUST1884,35,Male,Single,Secondary,Self-employed,166,221463,17,2,0,0.64,2,1,0,0,0.475,Medium,Low_Risk
CUST1576,44,Female,Married,Secondary,Self-employed,164,362204,14,2,0,0.93,0,1,1,0,0.475,Medium,Low_Risk
CUST1756,41,Female,Single,Secondary,Employed,166,137093,19,2,0,0.69,2,1,0,0,0.475,Medium,Low_Risk
CUST0665,42,Female,Married,Secondary,Employed,178,136072,17,1,0,0.9,2,1,0,0,0.474,Low,Low_Risk
CUST0292,27,Female,Single,Primary,Employed,168,31201,21,4,0,0.53,1,1,1,0,0.474,High,Low_Risk
CUST0394,28,Female,Married,Primary,Self-employed,172,302585,14,1,0,0.79,2,1,0,0,0.474,Low,Low_Risk
CUST0287,45,Male,Single,Secondary,Employed,180,79636,18,1,0,0.79,0,0,1,0,0.474,Medium,Low_Risk
CUST2030,40,Female,Married,Primary,Self-employed,152,271318,18,1,0,0.73,1,1,0,0,0.474,Medium,Low_Risk
CUST2745,24,Male,Married,Secondary,Self-employed,146,526323,13,1,1,0.77,0,0,0,0,0.474,Low,Low_Risk
CUST0096,25,Male,Married,Secondary,Self-employed,129,385609,19,1,0,0.65,1,1,1,0,0.474,Medium,Low_Risk
CUST0666,34,Male,Married,Secondary,Employed,162,72865,21,3,0,1.0,1,1,0,0,0.474,Medium,Low_Risk
CUST1326,30,Male,Married,,Employed,179,211683,15,2,0,0.93,2,1,1,0,0.474,Medium,Low_Risk
CUST1143,28,Male,Married,Secondary,Employed,144,282931,19,2,1,0.83,2,1,0,0,0.474,Medium,Low_Risk
CUST0325,18,Female,Single,Secondary,Employed,155,250688,18,1,0,0.93,1,0,0,0,0.474,Medium,Low_Risk
CUST1041,38,Male,Divorced,University,Self-employed,165,54318,21,1,1,0.68,0,1,0,0,0.474,Medium,Low_Risk
CUST2347,33,Female,Married,Primary,Employed,144,369621,17,1,0,0.93,2,0,0,0,0.474,Low,Low_Risk
CUST1547,41,Female,Married,University,Self-employed,167,119639,19,2,1,0.81,2,1,1,0,0.473,Medium,Low_Risk
CUST0206,38,Male,Married,University,Employed,153,217091,19,1,0,0.69,0,1,1,0,0.473,Medium,Low_Risk
CUST0018,32,Female,Divorced,Secondary,Self-employed,148,337040,17,2,0,0.87,2,0,1,0,0.473,Medium,Low_Risk
CUST0705,33,Male,Married,,Unemployed,175,107951,18,2,1,0.84,2,1,0,0,0.473,Medium,Low_Risk
CUST2625,44,Male,Married,Secondary,Employed,169,190355,17,1,0,0.82,2,1,1,0,0.473,Low,Low_Risk
CUST1722,22,Male,Married,Primary,Employed,165,90811,20,2,0,0.5,0,0,0,0,0.473,Medium,Low_Risk
CUST2499,45,Female,Single,University,Employed,166,424522,12,2,0,0.56,0,1,1,0,0.473,Low,Low_Risk
CUST2700,48,Male,Married,,Employed,180,116164,17,4,0,0.58,0,1,0,0,0.473,High,Low_Risk
CUST1946,27,Male,Married,Secondary,Employed,156,239416,18,2,0,0.67,1,1,0,0,0.473,Medium,Low_Risk
CUST2581,35,Male,Married,University,Self-employed,157,318979,16,2,1,0.76,1,1,0,0,0.473,Medium,Low_Risk
CUST2848,34,Male,Married,Primary,Unemployed,165,48341,21,1,0,0.97,3,1,1,0,0.473,Medium,Low_Risk
CUST1629,40,Male,Married,Secondary,Self-employed,150,193520,20,2,0,0.75,2,0,0,0,0.473,Medium,Low_Risk
CUST1400,18,Male,Single,Secondary,Employed,143,159354,22,1,1,0.82,1,0,1,0,0.473,Medium,Low_Risk
CUST2546,29,Male,Single,Primary,Employed,176,230370,15,2,0,0.53,1,0,1,0,0.473,Medium,Low_Risk
CUST2803,31,Male,Single,Secondary,Self-employed,150,194059,20,1,0,0.58,0,1,0,0,0.473,Medium,Low_Risk
CUST0452,42,Female,Divorced,,Employed,97,385793,24,2,1,0.87,0,0,0,0,0.472,Medium,Low_Risk
CUST2836,34,Female,Single,Secondary,Employed,180,25892,19,1,0,0.79,0,1,0,0,0.472,Medium,Low_Risk
CUST2093,40,Male,Single,Primary,Self-employed,152,49277,23,2,0,0.97,0,1,0,0,0.472,Medium,Low_Risk
CUST1354,18,Male,Married,Primary,Employed,171,87339,19,2,0,0.59,1,1,1,0,0.472,Medium,Low_Risk
CUST1760,22,Male,Married,Secondary,Employed,158,7026,23,1,0,0.68,2,1,0,0,0.472,Medium,Low_Risk
CUST0874,46,Female,Single,Secondary,Employed,131,110834,25,1,1,0.55,1,1,0,0,0.472,Medium,Low_Risk
CUST2322,30,Female,Married,,Employed,171,132855,18,2,0,0.64,0,0,0,0,0.472,Medium,Low_Risk
CUST0172,45,Male,Married,University,Self-employed,139,605112,12,1,1,0.98,0,1,0,0,0.472,Low,Low_Risk
CUST0914,39,Male,Single,University,Employed,143,240326,20,2,0,0.79,1,1,0,0,0.472,Medium,Low_Risk
CUST2738,26,Female,Married,Primary,Unemployed,166,80962,20,1,0,0.7,1,0,0,0,0.472,Medium,Low_Risk
CUST1885,51,Male,Single,Primary,Self-employed,158,10196,23,2,0,0.63,4,1,0,0,0.472,Medium,Low_Risk
CUST0250,24,Male,Single,Secondary,Unemployed,145,223740,20,1,2,0.82,0,1,0,0,0.472,Medium,Low_Risk
CUST1302,28,Female,Single,Primary,Employed,120,269106,23,2,0,0.97,1,1,0,0,0.472,Medium,Low_Risk
CUST0207,35,Male,Married,,Employed,178,126956,17,1,0,0.75,0,1,0,0,0.472,Low,Low_Risk
CUST1314,30,Female,Married,Primary,Employed,167,111938,19,2,0,0.57,1,1,1,0,0.471,Medium,Low_Risk
CUST1934,18,Female,Married,,Employed,177,427830,10,1,0,0.84,1,1,0,0,0.471,Low,Low_Risk
CUST0143,37,Female,Married,,Employed,158,46719,22,1,0,0.67,1,1,0,0,0.471,Medium,Low_Risk
CUST0986,50,Male,Single,Secondary,Self-employed,178,208157,15,2,0,0.95,3,0,1,0,0.471,Medium,Low_Risk
CUST1106,37,Male,Single,Primary,Self-employed,159,124934,20,1,0,0.91,1,1,0,0,0.471,Medium,Low_Risk
CUST0674,23,Male,Married,Primary,Employed,150,57668,23,1,1,0.8,2,1,0,0,0.471,Medium,Low_Risk
CUST1749,36,Male,Single,Secondary,Employed,176,93486,18,3,0,0.79,2,1,0,0,0.471,Medium,Low_Risk
CUST1245,26,Male,Married,University,Self-employed,146,43408,24,3,0,0.92,0,1,1,0,0.471,High,Low_Risk
CUST2992,45,Male,Married,Secondary,Employed,167,197511,17,1,1,0.95,1,1,1,0,0.471,Low,Low_Risk
CUST1153,18,Male,Married,Secondary,Employed,155,108818,21,1,0,0.53,0,1,0,0,0.471,Medium,Low_Risk
CUST1152,18,Female,Married,Secondary,Self-employed,164,5773,22,4,0,0.65,1,1,0,0,0.471,High,Low_Risk
CUST0343,28,Male,Single,University,Self-employed,168,63294,20,2,0,0.57,1,0,1,0,0.471,Medium,Low_Risk
CUST1398,46,Female,Single,Secondary,Self-employed,156,144878,20,1,0,0.71,0,1,1,0,0.471,Medium,Low_Risk
CUST1125,32,Male,Married,Secondary,Employed,175,101733,18,2,0,0.74,0,0,0,0,0.471,Medium,Low_Risk
CUST2719,45,Male,Married,Secondary,Self-employed,177,45345,19,1,0,0.79,1,0,0,0,0.471,Medium,Low_Risk
CUST1847,33,Male,Married,,Employed,167,238429,16,4,0,0.78,3,1,1,0,0.471,Medium,Low_Risk
CUST1230,30,Female,Married,Primary,Employed,160,288543,16,2,0,0.59,1,0,1,0,0.471,Medium,Low_Risk
CUST0194,31,Female,Married,Primary,Employed,120,607625,15,3,1,0.77,0,0,0,0,0.471,Medium,Low_Risk
CUST0940,48,Female,Married,University,Employed,141,292074,19,3,0,0.56,1,1,0,0,0.471,Medium,Low_Risk
CUST1793,50,Male,Married,,Self-employed,169,138828,18,1,0,0.71,1,0,1,0,0.47,Medium,Low_Risk
CUST1760,39,Female,Single,Primary,Self-employed,160,622608,8,4,0,0.55,0,1,0,0,0.47,Medium,Low_Risk
CUST0463,51,Female,Divorced,University,Unemployed,152,339046,16,1,0,0.56,4,1,0,0,0.47,Low,Low_Risk
CUST1701,36,Female,Married,Secondary,Employed,160,113203,20,3,0,0.58,3,1,0,0,0.47,Medium,Low_Risk
CUST2897,26,Female,Single,Primary,Self-employed,161,233400,17,2,1,0.74,1,1,1,0,0.47,Medium,Low_Risk
CUST1028,51,Female,Married,Secondary,Unemployed,148,238253,19,2,0,0.91,1,1,0,0,0.47,Medium,Low_Risk
CUST1103,34,Male,Married,University,Employed,163,390985,13,1,0,0.83,1,1,0,0,0.47,Low,Low_Risk
CUST2909,37,Male,Divorced,Primary,Employed,163,305313,15,4,0,0.72,0,1,0,0,0.47,Medium,Low_Risk
CUST1844,31,Male,Single,Secondary,Self-employed,168,58757,20,1,0,0.81,3,0,0,0,0.47,Medium,Low_Risk
CUST0863,38,Male,Single,,Self-employed,142,364970,17,1,0,0.72,1,0,1,0,0.47,Low,Low_Risk
CUST2337,44,Male,Married,Secondary,Unemployed,130,193093,23,1,1,0.58,0,1,0,0,0.47,Medium,Low_Risk
CUST1447,52,Female,Married,Secondary,Self-employed,117,410525,20,1,0,0.51,1,0,0,0,0.47,Medium,Low_Risk
CUST1002,33,Female,Divorced,Secondary,Self-employed,162,141088,19,1,1,0.88,1,0,0,0,0.47,Medium,Low_Risk
CUST1855,53,Male,Divorced,Secondary,Employed,157,179081,19,4,0,0.78,1,1,0,0,0.47,High,Low_Risk
CUST1059,34,Female,Married,University,Employed,177,37795,19,3,0,0.65,1,1,0,0,0.47,Medium,Low_Risk
CUST2593,38,Female,Married,Secondary,Employed,125,225029,23,4,0,0.85,0,1,0,0,0.469,High,Low_Risk
CUST1458,41,Female,Married,Secondary,Self-employed,179,65760,18,2,0,0.81,2,1,0,0,0.469,Medium,Low_Risk
CUST2175,49,Male,Single,University,Unemployed,167,358750,13,2,0,0.83,1,1,0,0,0.469,Medium,Low_Risk
CUST2407,42,Male,Single,Primary,Unemployed,122,246195,23,1,0,0.7,2,1,0,0,0.469,Medium,Low_Risk
CUST2231,31,Male,Single,Secondary,Self-employed,171,33878,20,1,0,0.51,1,1,0,0,0.469,Medium,Low_Risk
CUST0383,47,Female,Single,Secondary,Unemployed,163,46469,21,1,0,0.58,0,1,0,0,0.469,Medium,Low_Risk
CUST2553,40,Female,Single,Secondary,Employed,174,228073,15,1,0,0.67,1,0,1,0,0.469,Low,Low_Risk
CUST2062,33,Female,Married,Primary,Self-employed,157,430064,13,3,0,0.64,3,1,0,0,0.469,Medium,Low_Risk
CUST2657,30,Female,Single,Secondary,Employed,173,446708,10,1,1,0.96,0,1,0,0,0.469,Low,Low_Risk
CUST2428,25,Male,Married,,Employed,150,53392,23,1,1,0.81,2,1,1,0,0.469,Medium,Low_Risk
CUST0053,27,Female,Married,,Employed,174,310870,13,1,0,0.55,4,0,0,0,0.469,Low,Low_Risk
CUST0643,29,Female,Married,Primary,Employed,180,354298,11,1,0,0.65,0,0,1,0,0.469,Low,Low_Risk
CUST1181,36,Male,Divorced,Primary,Employed,178,112734,17,2,0,0.57,0,1,0,0,0.469,Medium,Low_Risk
CUST0378,33,Female,Single,Secondary,Self-employed,178,109258,17,1,0,0.67,2,1,0,0,0.468,Low,Low_Risk
CUST0842,31,Male,Single,Secondary,Unemployed,157,167294,19,1,0,0.82,1,1,0,0,0.468,Medium,Low_Risk
CUST0729,39,Male,Married,University,Self-employed,156,386910,14,4,0,0.68,0,1,0,0,0.468,Medium,Low_Risk
CUST1736,42,Male,Married,Primary,Employed,173,315483,13,1,0,0.9,0,1,0,0,0.468,Low,Low_Risk
CUST1524,46,Male,Single,Secondary,Self-employed,169,130905,18,1,0,0.97,1,1,0,0,0.468,Medium,Low_Risk
CUST2563,46,Female,Married,Secondary,Employed,144,430280,15,4,1,0.79,0,1,0,0,0.468,Medium,Low_Risk
CUST2960,18,Male,Married,Primary,Employed,169,88174,19,3,0,0.56,1,0,1,0,0.468,Medium,Low_Risk
CUST0297,32,Male,Married,Secondary,Employed,177,114521,17,1,0,0.88,0,1,0,0,0.468,Low,Low_Risk
CUST1326,50,Male,Married,Primary,Self-employed,161,179447,18,4,0,0.78,2,0,0,0,0.467,High,Low_Risk
CUST1064,34,Male,Married,Secondary,Self-employed,131,684829,11,1,1,0.91,3,1,1,0,0.467,Low,Medium_Risk
CUST2599,30,Female,Divorced,Primary,Employed,87,305304,27,1,0,0.55,1,1,0,0,0.467,Medium,Low_Risk
CUST2431,22,Male,Single,University,Unemployed,125,256434,22,1,0,0.6,0,0,0,0,0.467,Medium,Low_Risk
CUST1121,53,Female,Single,,Unemployed,178,233569,14,3,0,0.9,1,0,1,0,0.467,Medium,Low_Risk
CUST2851,30,Male,Single,Primary,Employed,173,13468,20,1,0,0.9,1,1,0,0,0.467,Medium,Low_Risk
CUST1629,26,Female,Married,,Employed,169,168785,17,2,0,0.66,2,0,0,0,0.467,Medium,Low_Risk
CUST0652,25,Female,Single,University,Self-employed,157,377163,14,2,0,0.89,1,0,0,0,0.467,Medium,Low_Risk
CUST1799,25,Female,Married,University,Self-employed,167,392806,12,1,0,0.51,0,1,0,0,0.467,Low,Low_Risk
CUST0617,22,Male,Single,Primary,Employed,130,521596,15,2,0,0.84,0,0,0,0,0.467,Medium,Low_Risk
CUST0039,35,Female,Married,Secondary,Self-employed,173,310439,13,2,0,0.83,1,0,0,0,0.467,Medium,Low_Risk
CUST0248,48,Male,Married,Primary,Employed,137,431912,16,2,0,0.86,1,1,1,0,0.467,Medium,Low_Risk
CUST2204,35,Male,Married,Primary,Employed,154,17174,23,4,0,0.72,2,1,0,0,0.467,High,Low_Risk
CUST2666,35,Male,Single,University,Employed,154,57076,22,1,0,0.68,2,1,1,0,0.467,Medium,Low_Risk
CUST2395,34,Male,Married,Secondary,Employed,165,366550,13,1,0,0.83,2,1,0,0,0.467,Low,Low_Risk
CUST0555,18,Male,Married,,Self-employed,152,365406,15,1,1,0.63,0,1,0,0,0.466,Low,Low_Risk
CUST2870,46,Male,Married,,Employed,177,67697,18,2,0,0.74,1,1,0,0,0.466,Medium,Low_Risk
CUST0603,31,Male,Married,Primary,Employed,139,113596,23,3,1,0.88,2,0,0,0,0.466,High,Low_Risk
CUST1273,45,Male,Single,Secondary,Self-employed,169,163461,17,2,0,0.53,2,0,0,0,0.466,Medium,Low_Risk
CUST2202,43,Female,Divorced,Primary,Employed,120,246734,23,1,0,0.66,1,1,0,0,0.466,Medium,Low_Risk
CUST0724,32,Female,Married,Secondary,Employed,106,681034,15,1,0,0.68,2,1,0,0,0.466,Low,Low_Risk
CUST2040,36,Male,Married,Secondary,Employed,175,78616,18,1,1,0.79,3,0,0,0,0.466,Medium,Medium_Risk
CUST1770,37,Female,Single,Secondary,Self-employed,171,235773,15,1,0,0.88,0,0,0,0,0.466,Low,Low_Risk
CUST1049,33,Male,Married,Secondary,Employed,155,43571,22,2,0,0.5,1,1,0,0,0.465,Medium,Low_Risk
CUST2273,33,Male,Married,Primary,Self-employed,163,372225,13,4,0,0.94,2,1,0,0,0.465,Medium,Low_Risk
CUST0182,34,Male,Single,Secondary,Employed,173,302562,13,1,0,0.62,0,1,0,0,0.465,Low,Low_Risk
CUST0489,39,Female,Married,Primary,Employed,164,150414,18,2,0,0.71,1,1,0,0,0.465,Medium,Low_Risk
CUST0754,40,Male,Single,Primary,Self-employed,111,344165,22,2,0,0.53,2,0,0,0,0.465,Medium,Low_Risk
CUST1416,44,Male,Single,,Employed,177,104047,17,4,0,0.92,0,1,1,0,0.465,High,Low_Risk
CUST0098,49,Female,Divorced,University,Employed,107,374452,22,2,0,0.98,0,1,0,0,0.465,Medium,Low_Risk
CUST1563,49,Female,Single,Secondary,Employed,161,173134,18,2,0,0.9,1,1,0,0,0.465,Medium,Low_Risk
CUST0031,30,Female,Married,University,Employed,46,1176628,13,4,0,0.51,0,1,0,0,0.465,Medium,Low_Risk
CUST2203,39,Female,Married,Primary,Employed,163,284738,15,1,0,0.7,0,0,0,0,0.465,Low,Low_Risk
CUST0937,34,Female,Divorced,,Employed,165,358023,13,1,1,0.98,1,1,0,0,0.465,Low,Low_Risk
CUST2218,31,Male,Divorced,Primary,Employed,177,147581,16,2,0,0.81,2,0,1,0,0.465,Medium,Low_Risk
CUST1198,46,Male,Single,University,Employed,163,244032,16,2,0,0.69,1,1,0,0,0.465,Medium,Low_Risk
CUST2051,35,Female,Married,Secondary,Employed,157,198774,18,2,0,0.66,1,1,0,0,0.465,Medium,Low_Risk
CUST1559,21,Female,Married,University,Employed,160,175287,18,4,0,0.94,0,1,1,0,0.464,High,Low_Risk
CUST2319,45,Female,Divorced,Primary,Self-employed,164,20153,21,2,0,0.54,0,0,1,0,0.464,Medium,Low_Risk
CUST2887,30,Female,Married,Secondary,Employed,133,489458,15,1,0,0.83,3,1,0,0,0.464,Low,Low_Risk
CUST0299,31,Female,Single,Primary,Self-employed,146,99855,22,1,0,0.56,0,1,0,0,0.464,Medium,Low_Risk
CUST0583,42,Female,Single,Secondary,Employed,161,422704,12,1,0,0.75,0,0,0,0,0.464,Low,Low_Risk
CUST1198,49,Male,Single,Secondary,Employed,150,286720,17,1,0,0.66,1,1,1,0,0.464,Low,Low_Risk
CUST0180,30,Male,Married,Secondary,Unemployed,108,576341,17,1,0,0.76,0,1,0,0,0.464,Low,Low_Risk
CUST2196,29,Female,Married,Secondary,Unemployed,162,203210,17,1,0,0.55,1,1,0,0,0.464,Low,Low_Risk
CUST1974,52,Male,Married,Primary,Self-employed,167,42615,20,3,0,0.78,4,1,1,0,0.464,Medium,Low_Risk
CUST2911,31,Female,Married,Secondary,Self-employed,164,145038,18,1,0,0.54,1,0,0,0,0.464,Medium,Low_Risk
CUST1557,28,Male,Married,Secondary,Employed,170,62372,19,1,1,0.95,1,0,1,0,0.464,Medium,Low_Risk
CUST2315,37,Female,Married,Primary,Unemployed,165,310528,14,4,0,0.77,2,1,0,0,0.464,Medium,Low_Risk
CUST2477,49,Female,Married,,Self-employed,153,224434,18,2,1,0.67,1,1,1,0,0.464,Medium,Low_Risk
CUST1757,36,Male,Married,Primary,Employed,178,95000,17,1,0,0.83,0,1,0,0,0.464,Low,Low_Risk
CUST2876,44,Female,Single,Primary,Employed,155,292354,16,2,0,0.65,3,1,0,0,0.464,Medium,Low_Risk
CUST0008,27,Female,Divorced,Secondary,Self-employed,172,134640,17,1,0,0.91,0,0,0,0,0.464,Low,Low_Risk
CUST1322,22,Female,Divorced,Secondary,Employed,178,6901,19,2,0,0.97,0,1,1,0,0.464,Medium,Low_Risk
CUST2642,51,Female,Divorced,,Employed,176,22969,19,2,1,0.64,1,1,0,0,0.464,Medium,Low_Risk
CUST2238,18,Female,Married,Secondary,Self-employed,177,93851,17,1,0,0.56,0,0,0,0,0.463,Low,Low_Risk
CUST2028,32,Female,Single,Secondary,Employed,94,711781,16,3,1,0.55,0,1,0,0,0.463,Medium,Low_Risk
CUST0606,32,Male,Married,Secondary,Self-employed,121,481083,17,1,0,0.79,1,0,0,0,0.463,Low,Low_Risk
CUST2453,29,Female,Married,Secondary,Self-employed,158,184926,18,1,1,0.82,0,1,1,0,0.463,Medium,Low_Risk
CUST2267,25,Male,Married,Primary,Employed,167,78954,19,3,0,0.78,2,1,0,0,0.463,Medium,Low_Risk
CUST2194,43,Male,Single,University,Employed,137,29497,25,1,0,0.52,0,1,0,0,0.463,Medium,Low_Risk
CUST0321,31,Female,Single,University,Employed,45,1090542,15,2,1,0.78,3,1,0,0,0.463,Medium,Medium_Risk
CUST0555,30,Female,Single,Primary,Employed,172,174457,16,1,0,0.59,2,0,0,0,0.463,Low,Low_Risk
CUST2532,40,Male,Married,Primary,Employed,173,122585,17,2,0,0.56,0,0,0,0,0.463,Medium,Low_Risk
CUST1648,38,Male,Single,University,Self-employed,150,197471,19,2,0,0.94,1,1,0,0,0.463,Medium,Low_Risk
CUST0280,36,Male,Single,Secondary,Self-employed,160,127768,19,2,0,0.61,4,1,0,0,0.463,Medium,Low_Risk
CUST2715,38,Female,Single,Secondary,Employed,176,358395,11,1,0,0.92,2,1,1,0,0.463,Low,Low_Risk
CUST0209,27,Male,Divorced,Secondary,Self-employed,154,297079,16,4,2,0.62,2,1,0,0,0.463,Medium,Medium_Risk
CUST0537,44,Male,Single,University,Self-employed,100,327242,24,2,0,0.63,1,0,0,0,0.463,Medium,Low_Risk
CUST1384,32,Female,Married,University,Self-employed,163,235910,16,2,0,0.55,0,1,0,0,0.463,Medium,Low_Risk
CUST2240,20,Male,Divorced,Primary,Employed,163,20629,21,3,0,0.69,0,1,1,0,0.463,Medium,Low_Risk
CUST2479,33,Female,Married,University,Self-employed,156,575693,9,1,1,0.58,2,0,0,0,0.462,Low,Low_Risk
CUST0163,30,Female,Single,Primary,Employed,161,75108,20,4,0,0.84,1,0,1,0,0.462,High,Low_Risk
CUST0633,18,Male,Married,Primary,Employed,142,288562,18,4,0,0.93,0,1,0,0,0.462,High,Low_Risk
CUST0220,32,Female,Single,Primary,Employed,134,88942,24,3,0,0.77,0,1,0,0,0.462,High,Low_Risk
CUST1341,39,Male,Single,Secondary,Employed,159,88176,20,1,0,0.74,3,1,0,0,0.462,Medium,Low_Risk
CUST2518,37,Female,Married,Secondary,Unemployed,174,26820,19,4,1,0.67,2,1,1,0,0.462,High,Low_Risk
CUST0797,37,Male,Married,,Self-employed,102,436841,21,2,0,0.63,3,0,1,0,0.462,Medium,Low_Risk
CUST0609,28,Male,Married,University,Employed,106,411112,21,1,0,0.77,2,1,0,0,0.462,Medium,Low_Risk
CUST2177,52,Male,Single,Primary,Unemployed,150,192523,19,2,0,0.59,1,0,0,0,0.462,Medium,Low_Risk
CUST2866,31,Female,Single,Primary,Employed,173,246356,14,1,0,0.68,2,1,0,0,0.462,Low,Low_Risk
CUST0891,36,Female,Married,Secondary,Self-employed,173,373272,11,2,0,0.59,2,0,0,0,0.462,Low,Low_Risk
CUST1770,20,Male,Single,University,Employed,156,151286,19,2,1,0.69,0,0,1,0,0.462,Medium,Low_Risk
CUST1854,39,Male,Single,University,Employed,50,919282,18,1,0,0.57,0,1,1,0,0.461,Medium,Low_Risk
CUST0948,50,Male,Married,University,Self-employed,167,27821,20,2,1,0.99,2,1,0,0,0.461,Medium,Low_Risk
CUST2738,22,Female,Married,Secondary,Self-employed,166,165074,17,2,0,0.9,2,1,0,0,0.461,Medium,Low_Risk
CUST1763,18,Male,Married,Secondary,Employed,165,254102,15,4,0,0.8,0,1,1,0,0.461,Medium,Low_Risk
CUST2385,39,Male,Divorced,Primary,Employed,63,574628,24,1,0,0.83,2,1,1,0,0.461,Medium,Low_Risk
CUST2576,32,Male,Married,University,Employed,103,255161,25,1,1,0.96,2,0,0,0,0.461,Medium,Low_Risk
CUST0674,26,Female,Single,University,Employed,118,621328,14,2,0,0.76,0,0,0,0,0.461,Medium,Low_Risk
CUST2349,30,Male,Divorced,University,Self-employed,168,24055,20,2,0,0.92,1,1,0,0,0.461,Medium,Low_Risk
CUST0956,46,Male,Married,Secondary,Self-employed,180,105994,16,1,1,0.74,1,0,1,0,0.46,Low,Low_Risk
CUST0353,29,Male,Single,,Employed,163,92984,19,3,2,0.73,0,1,1,0,0.46,Medium,Low_Risk
CUST2036,39,Female,Single,Secondary,Employed,146,255222,18,3,0,0.83,0,1,1,0,0.46,Medium,Low_Risk
CUST0329,49,Female,Married,Secondary,Unemployed,179,29182,18,2,0,0.81,2,0,0,0,0.46,Medium,Low_Risk
CUST0614,20,Female,Married,Primary,Employed,158,129654,19,2,0,0.59,1,0,0,0,0.46,Medium,Low_Risk
CUST2997,18,Female,Married,Secondary,Employed,154,242693,17,2,0,0.75,1,1,0,0,0.46,Medium,Low_Risk
CUST1762,32,Male,Married,,Employed,178,33087,18,1,0,0.9,2,1,1,0,0.46,Medium,Low_Risk
CUST1677,22,Male,Divorced,Primary,Employed,142,407718,15,1,0,0.88,0,1,0,0,0.46,Low,Low_Risk
CUST2911,40,Male,Divorced,University,Employed,173,155096,16,1,0,0.95,0,1,0,0,0.46,Low,Low_Risk
CUST2058,42,Male,Single,Primary,Employed,150,101182,21,1,0,0.67,1,1,0,0,0.46,Medium,Low_Risk
CUST0960,28,Female,Married,Secondary,Self-employed,172,76758,18,4,1,0.96,0,1,1,0,0.46,High,Low_Risk
CUST1517,18,Female,Married,Primary,Employed,157,135563,19,1,0,0.81,1,1,0,0,0.46,Medium,Low_Risk
CUST1796,39,Female,Married,University,Self-employed,148,363923,15,2,0,0.91,0,0,1,0,0.459,Medium,Low_Risk
CUST2290,36,Female,Married,Secondary,Self-employed,173,235914,14,3,1,0.98,1,1,1,0,0.459,Medium,Low_Risk
CUST1963,37,Female,Married,Secondary,Employed,179,66725,17,2,0,0.55,0,1,0,0,0.459,Medium,Low_Risk
CUST1167,36,Female,Single,Secondary,Employed,156,222438,17,2,1,0.69,0,1,1,0,0.459,Medium,Low_Risk
CUST2801,40,Female,Single,Secondary,Employed,159,247422,16,1,0,0.74,0,0,0,0,0.459,Low,Low_Risk
CUST2845,36,Female,Single,Primary,Employed,152,167273,19,3,1,0.97,1,0,0,0,0.459,Medium,Low_Risk
CUST1498,54,Male,Married,,Self-employed,154,196803,18,1,0,0.63,0,1,0,0,0.459,Medium,Low_Risk
CUST2879,35,Female,Divorced,Secondary,Employed,157,218110,17,2,0,0.92,1,1,0,0,0.459,Medium,Low_Risk
CUST1528,26,Male,Single,Primary,Self-employed,148,449390,13,1,0,0.64,1,1,0,0,0.459,Low,Low_Risk
CUST1952,37,Male,Married,Secondary,Employed,154,237641,17,1,0,0.7,0,1,0,0,0.459,Low,Low_Risk
CUST2530,42,Male,Married,Secondary,Employed,110,411679,20,2,0,0.85,2,0,0,0,0.459,Medium,Low_Risk
CUST2142,39,Male,Single,Secondary,Self-employed,153,76581,21,4,0,0.55,0,1,0,0,0.459,High,Low_Risk
CUST1961,42,Female,Married,Secondary,Employed,155,186799,18,4,0,0.74,1,1,0,0,0.459,High,Low_Risk
CUST1783,37,Female,Single,Primary,Employed,168,142751,17,2,0,0.66,2,0,0,0,0.459,Medium,Low_Risk
CUST1143,53,Female,Divorced,University,Self-employed,167,150252,17,4,0,0.79,1,1,0,0,0.459,High,Low_Risk
CUST1432,33,Female,Single,Primary,Self-employed,124,191379,23,1,0,0.7,0,1,0,0,0.459,Medium,Low_Risk
CUST2933,26,Female,Married,University,Self-employed,121,209973,23,1,0,0.98,0,1,0,0,0.459,Medium,Low_Risk
CUST2172,59,Male,Single,Secondary,Employed,148,236773,18,1,0,0.53,1,1,0,0,0.459,Medium,Low_Risk
CUST2757,44,Male,Married,Secondary,Self-employed,145,294854,17,4,0,0.86,1,0,0,0,0.458,High,Low_Risk
CUST0629,29,Male,Married,Primary,Employed,173,16127,19,4,0,0.69,0,0,1,0,0.458,High,Low_Risk
CUST1763,28,Female,Single,Secondary,Self-employed,143,392955,15,3,0,0.87,1,1,1,0,0.458,Medium,Low_Risk
CUST0575,45,Male,Married,University,Self-employed,171,32744,19,1,0,0.66,0,1,0,0,0.458,Medium,Low_Risk
CUST1391,37,Male,Single,Primary,Employed,171,245001,14,1,0,0.98,1,1,1,0,0.458,Low,Low_Risk
CUST1481,49,Female,Married,Secondary,Unemployed,162,93337,19,4,1,0.83,0,0,0,0,0.458,High,Low_Risk
CUST0718,42,Male,Married,Secondary,Employed,177,159980,15,4,0,0.91,3,1,1,0,0.458,Medium,Low_Risk
CUST2235,46,Female,Single,Secondary,Employed,143,139803,21,1,0,0.73,2,1,1,0,0.458,Medium,Low_Risk
CUST1666,25,Female,Single,Primary,Employed,162,49910,20,4,0,0.87,0,1,0,0,0.458,High,Low_Risk
CUST1945,21,Female,Divorced,University,Self-employed,142,232939,19,1,0,0.63,4,0,1,0,0.458,Medium,Low_Risk
CUST2264,34,Male,Married,Primary,Unemployed,167,103043,18,2,0,0.94,1,0,0,0,0.458,Medium,Low_Risk
CUST2386,18,Female,Married,Secondary,Unemployed,149,98155,21,2,0,0.55,2,1,0,0,0.458,Medium,Low_Risk
CUST0779,19,Female,Married,Secondary,Employed,162,90813,19,1,0,0.9,3,0,0,0,0.457,Medium,Low_Risk
CUST0349,18,Male,Married,Secondary,Self-employed,150,88259,21,1,0,0.9,0,0,0,0,0.457,Medium,Low_Risk
CUST2744,34,Female,Married,Secondary,Employed,157,335088,14,1,0,0.89,2,0,1,0,0.457,Low,Low_Risk
CUST0781,19,Male,Single,Secondary,Self-employed,165,197618,16,2,1,0.87,1,1,0,0,0.457,Medium,Low_Risk
CUST1066,35,Male,Single,Secondary,Self-employed,162,260319,15,1,0,0.95,1,1,1,0,0.457,Low,Low_Risk
CUST1247,22,Male,Single,,Employed,179,100045,16,1,0,0.98,3,0,0,0,0.457,Low,Low_Risk
CUST2952,50,Female,Single,Secondary,Employed,178,108595,16,1,0,0.61,1,0,0,0,0.457,Low,Low_Risk
CUST2053,34,Female,Married,Secondary,Employed,160,232512,16,3,0,0.68,2,0,0,0,0.457,Medium,Low_Risk
CUST0936,49,Female,Single,Secondary,Employed,99,395566,22,1,0,0.79,1,1,0,0,0.457,Medium,Low_Risk
CUST2027,55,Female,Married,Secondary,Self-employed,163,82568,19,3,1,0.54,0,1,1,0,0.457,Medium,Low_Risk
CUST2198,54,Male,Single,Primary,Self-employed,171,156378,16,4,0,0.99,1,1,0,0,0.457,Medium,Low_Risk
CUST1137,34,Male,Single,University,Unemployed,118,477018,17,3,0,0.82,0,0,0,0,0.457,Medium,Low_Risk
CUST1761,39,Male,Married,Primary,Self-employed,150,299528,16,1,0,0.51,2,0,0,0,0.457,Low,Low_Risk
CUST1064,28,Female,Married,Secondary,Employed,170,75775,18,3,0,0.58,0,1,0,0,0.457,Medium,Low_Risk
CUST1678,47,Female,Married,Primary,Employed,165,495060,9,4,0,0.99,1,1,0,0,0.457,Medium,Low_Risk
CUST2571,32,Female,Married,Primary,Self-employed,140,281930,18,1,0,0.5,4,0,0,0,0.457,Medium,Low_Risk
CUST0256,36,Female,Single,Secondary,Employed,161,11797,21,4,0,0.8,3,0,0,0,0.457,High,Low_Risk
CUST1117,18,Female,Single,Secondary,Employed,140,155062,21,3,0,0.54,1,1,0,0,0.457,Medium,Low_Risk
CUST0995,44,Female,Married,University,Self-employed,143,177468,20,1,0,0.85,2,0,0,0,0.457,Medium,Low_Risk
CUST2451,44,Male,Single,Secondary,Self-employed,138,292806,18,3,0,0.54,0,1,1,0,0.456,Medium,Low_Risk
CUST2789,28,Female,Single,Secondary,Employed,144,547842,11,1,0,0.57,1,0,0,0,0.456,Low,Low_Risk
CUST1697,22,Female,Married,Primary,Self-employed,179,181542,14,2,0,0.72,0,1,1,0,0.456,Medium,Low_Risk
CUST0485,18,Female,Single,Primary,Employed,160,12652,21,3,0,0.74,2,0,0,0,0.456,Medium,Low_Risk
CUST0691,48,Male,Single,Primary,Employed,178,59534,17,2,0,0.69,0,1,0,0,0.456,Medium,Low_Risk
CUST2385,27,Female,Married,Primary,Self-employed,171,22076,19,4,0,0.97,0,1,0,0,0.456,High,Low_Risk
CUST2565,30,Female,Single,Primary,Employed,106,471754,19,4,0,0.51,1,0,0,0,0.456,High,Low_Risk
CUST2410,55,Female,Married,Primary,Employed,121,239018,22,1,0,0.73,0,0,1,0,0.456,Medium,Low_Risk
CUST0644,40,Female,Single,Primary,Employed,118,432024,18,2,0,0.69,1,1,0,0,0.456,Medium,Low_Risk
CUST2431,34,Female,Married,University,Employed,145,245101,18,1,0,0.61,0,0,0,0,0.456,Medium,Low_Risk
CUST2539,40,Female,Married,University,Self-employed,157,330726,14,3,0,0.72,1,1,0,0,0.456,Medium,Low_Risk
CUST0246,34,Female,Married,Primary,Self-employed,161,136166,18,4,0,0.65,0,0,0,0,0.456,High,Low_Risk
CUST1066,41,Male,Single,Primary,Employed,159,104028,19,1,0,0.95,1,0,0,0,0.456,Medium,Low_Risk
CUST2388,43,Female,Married,University,Employed,129,271683,20,1,0,0.56,2,1,0,0,0.456,Medium,Low_Risk
CUST0261,20,Female,Divorced,Secondary,Self-employed,166,186102,16,1,0,0.54,1,0,0,0,0.456,Low,Low_Risk
CUST0601,37,Male,Single,Secondary,Employed,154,312031,15,2,1,0.74,1,0,1,0,0.456,Medium,Low_Risk
CUST2043,46,Female,Divorced,Primary,Employed,171,64123,18,2,0,0.68,0,0,0,0,0.456,Medium,Low_Risk
CUST2506,35,Female,Single,Secondary,Employed,123,305347,20,1,0,0.66,1,1,1,0,0.455,Medium,Low_Risk
CUST2378,36,Female,Single,University,Employed,150,204804,18,3,0,0.6,2,1,1,0,0.455,Medium,Low_Risk
CUST0831,36,Male,Single,Secondary,Self-employed,150,119590,20,1,0,0.84,1,1,0,0,0.455,Medium,Low_Risk
CUST0066,37,Female,Married,Secondary,Employed,145,411766,14,1,0,0.81,1,1,0,0,0.455,Low,Low_Risk
CUST0831,26,Female,Married,Secondary,Self-employed,158,25659,21,1,0,0.52,3,0,0,0,0.455,Medium,Low_Risk
CUST2303,24,Female,Divorced,Secondary,Self-employed,151,242902,17,1,0,0.81,1,1,0,0,0.455,Low,Low_Risk
CUST2836,31,Male,Married,Secondary,Employed,130,87366,24,1,0,0.53,2,1,0,0,0.455,Medium,Low_Risk
CUST2067,35,Female,Married,Primary,Self-employed,154,178926,18,1,0,0.91,0,1,1,0,0.455,Medium,Low_Risk
CUST0816,29,Female,Single,University,Employed,151,155322,19,2,0,0.66,2,1,0,0,0.455,Medium,Low_Risk
CUST2587,41,Female,Single,Primary,Employed,131,338326,18,4,0,0.97,1,1,1,0,0.455,High,Low_Risk
CUST1011,47,Female,Single,Secondary,Self-employed,171,102800,17,2,0,0.53,2,1,1,0,0.455,Medium,Low_Risk
CUST2353,37,Male,Married,Primary,Self-employed,141,141704,21,3,0,0.82,1,1,0,0,0.455,Medium,Low_Risk
CUST2518,32,Female,Single,Secondary,Unemployed,163,26072,20,1,0,0.84,0,1,0,0,0.454,Medium,Low_Risk
CUST0372,35,Female,Married,Primary,Self-employed,161,209811,16,3,0,0.99,1,1,1,0,0.454,Medium,Low_Risk
CUST0002,36,Female,Married,University,Employed,154,219069,17,2,0,0.52,0,0,0,0,0.454,Medium,Low_Risk
CUST0970,35,Female,Single,,Employed,133,106154,23,1,0,0.83,0,1,0,0,0.454,Medium,Low_Risk
CUST2935,29,Female,Married,Secondary,Employed,168,79926,18,1,1,0.84,1,1,1,0,0.454,Medium,Low_Risk
CUST0496,41,Female,Married,Primary,Self-employed,172,391510,10,3,1,0.66,3,1,0,0,0.454,Medium,Medium_Risk
CUST0026,44,Female,Divorced,Secondary,Employed,175,157079,15,3,1,0.78,0,1,0,0,0.454,Medium,Low_Risk
CUST0880,45,Male,Married,Primary,Employed,153,351894,14,2,0,0.55,1,1,1,0,0.454,Medium,Low_Risk
CUST1573,55,Female,Single,Secondary,Employed,177,145568,15,2,0,0.77,3,1,0,0,0.454,Medium,Low_Risk
CUST1867,29,Male,Married,Primary,Employed,65,871964,16,1,0,0.99,1,0,0,0,0.454,Low,Low_Risk
CUST1962,29,Male,Married,Secondary,Employed,166,7049,20,1,0,0.78,1,1,1,0,0.454,Medium,Low_Risk
CUST2779,42,Male,Divorced,Primary,Employed,146,188467,19,1,1,0.7,1,1,0,0,0.454,Medium,Low_Risk
CUST1422,58,Female,Married,University,Unemployed,163,28744,20,1,0,0.65,1,0,0,0,0.454,Medium,Low_Risk
CUST1101,32,Male,Married,Secondary,Employed,174,35327,18,1,0,0.78,2,1,0,0,0.454,Medium,Low_Risk
CUST0961,31,Male,Married,Secondary,Employed,165,225638,15,4,0,0.68,2,1,1,0,0.454,Medium,Low_Risk
CUST0296,39,Female,Married,University,Self-employed,164,65150,19,1,0,0.58,1,1,1,0,0.454,Medium,Low_Risk
CUST1842,41,Male,Married,University,Employed,167,378881,11,2,1,0.63,1,1,0,0,0.453,Low,Low_Risk
CUST2830,34,Female,Divorced,,Self-employed,140,182294,20,1,0,0.62,0,0,0,0,0.453,Medium,Low_Risk
CUST2468,39,Female,Single,Secondary,Employed,179,252915,12,3,1,0.74,2,1,1,0,0.453,Medium,Low_Risk
CUST2298,46,Female,Married,University,Self-employed,140,224263,19,1,1,0.51,0,1,0,0,0.453,Medium,Low_Risk
CUST2823,34,Male,Married,Secondary,Self-employed,164,17171,20,2,0,0.84,2,1,1,0,0.453,Medium,Low_Risk
CUST2768,48,Male,Divorced,University,Employed,47,864192,19,1,0,0.77,3,0,0,0,0.453,Medium,Low_Risk
CUST1293,25,Male,Married,Primary,Unemployed,133,229840,20,1,1,0.83,4,1,0,0,0.453,Medium,Medium_Risk
CUST0552,38,Female,Married,University,Self-employed,153,178741,18,2,1,0.65,2,1,0,0,0.453,Medium,Low_Risk
CUST2318,48,Female,Married,Secondary,Self-employed,176,190119,14,1,0,0.93,2,1,0,0,0.453,Low,Low_Risk
CUST1869,31,Female,Divorced,,Employed,177,182028,14,2,0,0.75,0,1,0,0,0.453,Medium,Low_Risk
CUST2237,30,Male,Single,University,Employed,170,145989,16,2,0,0.75,1,1,0,0,0.453,Medium,Low_Risk
CUST2996,35,Female,Single,Secondary,Employed,140,350403,16,1,0,0.63,1,1,0,0,0.453,Low,Low_Risk
CUST1758,34,Male,Single,Secondary,Self-employed,108,400603,20,1,0,0.88,0,1,0,0,0.453,Medium,Low_Risk
CUST0978,39,Female,Single,Secondary,Employed,176,148207,15,1,0,0.87,0,1,0,0,0.453,Low,Low_Risk
CUST0957,39,Female,Single,Secondary,Employed,172,3492,19,1,0,0.74,2,1,0,0,0.453,Medium,Low_Risk
CUST1078,39,Female,Single,University,Unemployed,174,119954,16,4,0,0.93,1,0,0,0,0.453,Medium,Low_Risk
CUST1143,23,Female,Divorced,Secondary,Unemployed,159,49797,20,2,0,0.62,2,1,1,0,0.453,Medium,Low_Risk
CUST2805,34,Male,Married,Secondary,Employed,146,140125,20,3,0,0.75,1,1,0,0,0.453,Medium,Low_Risk
CUST2692,38,Female,Single,Primary,Unemployed,46,1041788,15,2,0,0.86,3,1,0,0,0.453,Medium,Low_Risk
CUST2328,30,Female,Single,Secondary,Employed,171,52396,18,1,0,0.59,0,0,0,0,0.453,Medium,Low_Risk
CUST0229,31,Male,Married,Primary,Self-employed,164,58878,19,1,0,0.85,1,0,0,0,0.453,Medium,Low_Risk
CUST0303,40,Female,Single,Primary,Employed,136,162874,21,2,0,0.62,0,1,0,0,0.452,Medium,Low_Risk
CUST0198,34,Female,Married,University,Self-employed,179,374908,9,1,1,0.96,0,1,0,0,0.452,Low,Low_Risk
CUST2620,39,Female,Married,Primary,Self-employed,152,394619,13,3,1,0.65,2,1,1,0,0.452,Medium,Low_Risk
CUST0623,47,Female,Single,,Self-employed,64,404320,27,1,0,0.62,2,1,1,0,0.452,Medium,Low_Risk
CUST2683,51,Male,Single,University,Self-employed,139,441804,14,3,0,0.75,0,1,0,0,0.452,Medium,Low_Risk
CUST1604,22,Female,Married,Secondary,Employed,143,199894,19,4,0,0.99,1,1,1,0,0.452,High,Low_Risk
CUST0113,52,Male,Married,Secondary,Employed,116,557072,15,4,0,0.98,0,0,1,0,0.452,Medium,Low_Risk
CUST0669,35,Female,Married,Primary,Employed,168,27185,19,1,0,0.78,0,1,0,0,0.452,Medium,Low_Risk
CUST2447,36,Female,Married,,Employed,175,151063,15,1,0,0.72,0,0,0,0,0.452,Low,Low_Risk
CUST1010,30,Female,Single,Secondary,Employed,163,61442,19,1,0,0.67,0,0,0,0,0.452,Medium,Low_Risk
CUST1869,25,Male,Married,Secondary,Self-employed,109,520585,17,2,0,0.78,1,0,1,0,0.452,Medium,Low_Risk
CUST0409,25,Male,Married,Secondary,Employed,165,3925,20,3,0,0.84,2,1,0,0,0.452,Medium,Low_Risk
CUST1171,18,Female,Married,Secondary,Employed,116,345024,20,1,0,0.63,3,0,0,0,0.452,Medium,Low_Risk
CUST2611,37,Male,Married,University,Employed,148,206553,18,4,0,0.83,0,0,1,0,0.452,High,Low_Risk
CUST1154,39,Male,Married,Secondary,Employed,167,117594,17,1,0,0.79,0,1,0,0,0.452,Low,Low_Risk
CUST0448,58,Female,Married,Primary,Employed,162,106346,18,3,0,0.63,1,1,0,0,0.451,Medium,Low_Risk
CUST1864,36,Male,Single,Primary,Self-employed,177,257275,12,3,0,0.78,0,1,0,0,0.451,Medium,Low_Risk
CUST2801,43,Female,Single,Secondary,Self-employed,146,88102,21,1,0,0.63,2,0,0,0,0.451,Medium,Low_Risk
CUST0990,40,Female,Married,,Employed,165,129030,17,3,1,0.78,1,1,0,0,0.451,Medium,Low_Risk
CUST2820,40,Male,Single,,Employed,135,379741,16,2,0,0.6,3,1,0,0,0.451,Medium,Low_Risk
CUST0163,32,Female,Divorced,University,Employed,166,38339,19,2,1,0.82,0,0,1,0,0.451,Medium,Low_Risk
CUST2487,21,Female,Single,Secondary,Self-employed,159,43853,20,3,0,0.65,0,1,0,0,0.451,Medium,Low_Risk
CUST2725,47,Male,Married,Secondary,Self-employed,158,133312,18,1,1,0.52,1,1,0,0,0.451,Medium,Low_Risk
CUST2375,44,Female,Single,Primary,Self-employed,143,69211,22,1,0,0.78,2,1,1,0,0.451,Medium,Low_Risk
CUST2085,38,Male,Married,,Employed,76,488317,23,1,1,0.72,2,1,0,0,0.451,Medium,Low_Risk
CUST0106,25,Female,Married,Secondary,Employed,178,123222,15,2,0,0.8,0,1,0,0,0.451,Medium,Low_Risk
CUST1789,28,Male,Single,Secondary,Self-employed,164,391376,11,1,0,0.94,1,1,0,0,0.451,Low,Low_Risk
CUST2055,33,Male,Single,Secondary,Self-employed,162,21055,20,2,0,0.74,1,0,1,0,0.451,Medium,Low_Risk
CUST1023,29,Female,Married,University,Employed,164,223008,15,3,1,0.92,1,1,0,0,0.451,Medium,Low_Risk
CUST1208,39,Male,Single,Primary,Employed,177,174805,14,2,1,0.65,1,1,0,0,0.451,Medium,Low_Risk
CUST2629,43,Female,Married,Secondary,Employed,132,478689,14,3,0,0.73,1,1,0,0,0.45,Medium,Low_Risk
CUST0178,42,Female,Single,Secondary,Self-employed,171,124846,16,2,0,0.86,3,1,0,0,0.45,Medium,Low_Risk
CUST1264,28,Male,Married,Primary,Employed,179,30441,17,2,1,0.61,1,1,0,0,0.45,Medium,Low_Risk
CUST2987,44,Male,Married,Primary,Employed,131,190815,21,4,0,0.76,0,0,0,0,0.45,High,Low_Risk
CUST2634,33,Female,Married,Secondary,Employed,149,192140,18,1,0,0.95,3,1,0,0,0.45,Medium,Low_Risk
CUST0777,37,Male,Married,Secondary,Employed,178,250074,12,3,0,0.53,1,1,0,0,0.45,Medium,Low_Risk
CUST1878,29,Male,Single,Secondary,Employed,156,143280,18,2,0,0.7,0,0,0,0,0.45,Medium,Low_Risk
CUST1274,40,Female,Divorced,Secondary,Employed,167,27133,19,1,0,0.72,0,1,1,0,0.45,Medium,Low_Risk
CUST0511,32,Female,Married,Primary,Self-employed,86,710081,16,1,1,0.67,0,1,0,0,0.45,Low,Low_Risk
CUST2178,47,Female,Divorced,Primary,Self-employed,172,33002,18,1,0,0.71,1,1,0,0,0.45,Medium,Low_Risk
CUST2389,44,Female,Single,Secondary,Employed,158,171922,17,2,1,0.93,1,0,1,0,0.45,Medium,Low_Risk
CUST1641,33,Male,Single,University,Unemployed,163,10958,20,1,0,0.8,2,1,0,0,0.45,Medium,Low_Risk
CUST1202,36,Male,Single,Primary,Employed,164,216921,15,1,0,0.9,2,1,1,0,0.45,Low,Low_Risk
CUST2298,42,Male,Divorced,Secondary,Self-employed,154,73687,20,1,0,0.69,2,1,0,0,0.45,Medium,Low_Risk
CUST2446,46,Female,Married,Secondary,Self-employed,170,49197,18,3,0,0.99,1,1,0,0,0.45,Medium,Low_Risk
CUST0529,40,Female,Married,Secondary,Self-employed,119,313717,20,2,0,0.68,1,0,0,0,0.45,Medium,Low_Risk
CUST1232,32,Female,Divorced,Primary,Employed,164,88141,18,2,1,0.57,0,1,1,0,0.45,Medium,Low_Risk
CUST0319,45,Male,Married,Secondary,Unemployed,173,239151,13,3,0,0.72,0,0,0,0,0.45,Medium,Low_Risk
CUST2800,56,Female,Single,Secondary,Employed,175,311972,11,2,0,0.58,0,1,1,0,0.45,Low,Low_Risk
CUST2109,18,Male,Married,Primary,Employed,180,23590,17,4,0,0.78,1,0,0,0,0.45,High,Low_Risk
CUST0207,35,Male,Married,Secondary,Employed,153,287243,15,2,0,0.6,1,1,0,0,0.449,Medium,Low_Risk
CUST2613,30,Male,Single,,Employed,177,124440,15,1,0,0.72,0,1,0,0,0.449,Low,Low_Risk
CUST2039,29,Female,Married,,Self-employed,160,71586,19,2,0,0.66,1,0,1,0,0.449,Medium,Low_Risk
CUST2190,53,Female,Married,Secondary,Unemployed,160,154826,17,1,0,0.78,1,0,0,0,0.449,Low,Low_Risk
CUST0245,37,Female,Married,University,Employed,174,184617,14,1,0,0.92,1,1,0,0,0.449,Low,Low_Risk
CUST2717,23,Male,Divorced,Primary,Employed,159,160421,17,2,0,0.79,1,0,0,0,0.449,Medium,Low_Risk
CUST1842,30,Male,Married,University,Self-employed,169,7024,19,1,0,0.82,2,1,0,0,0.449,Medium,Low_Risk
CUST2026,35,Female,Married,,Employed,142,192956,19,3,0,0.6,0,1,1,0,0.449,Medium,Low_Risk
CUST1184,29,Female,Single,University,Employed,173,149400,15,1,0,0.56,0,1,0,0,0.449,Low,Low_Risk
CUST2062,36,Female,Married,University,Employed,167,64428,18,1,1,0.96,0,1,0,0,0.449,Medium,Low_Risk
CUST2641,27,Male,Married,Secondary,Self-employed,155,147709,18,2,1,0.78,2,0,1,0,0.449,Medium,Low_Risk
CUST0928,28,Female,Married,Primary,Unemployed,134,77433,23,3,0,0.63,2,0,1,0,0.449,High,Low_Risk
CUST0388,28,Male,Married,University,Employed,152,82752,20,3,0,0.73,2,0,1,0,0.449,Medium,Low_Risk
CUST2713,35,Male,Married,Secondary,Unemployed,172,71444,17,1,0,0.75,2,1,0,0,0.449,Low,Low_Risk
CUST1154,24,Female,Married,University,Self-employed,156,97908,19,2,0,0.97,1,1,1,0,0.449,Medium,Low_Risk
CUST2945,40,Male,Married,Primary,Self-employed,136,277203,18,1,0,0.6,2,1,0,0,0.449,Medium,Low_Risk
CUST1983,43,Female,Single,Secondary,Self-employed,132,49280,24,1,0,0.67,2,1,1,0,0.449,Medium,Low_Risk
CUST0753,25,Female,Single,University,Employed,153,286568,15,1,1,0.81,3,1,0,0,0.449,Low,Medium_Risk
CUST1517,32,Female,Married,University,Self-employed,158,39594,20,3,0,0.7,1,1,0,0,0.449,Medium,Low_Risk
CUST1137,43,Female,Single,Secondary,Employed,132,263453,19,1,0,0.6,1,0,0,0,0.449,Medium,Low_Risk
CUST1102,41,Male,Single,Secondary,Self-employed,162,395405,11,4,0,0.85,1,1,0,0,0.449,Medium,Low_Risk
CUST2815,33,Female,Married,Secondary,Employed,169,301527,12,2,0,0.54,2,1,0,0,0.448,Low,Low_Risk
CUST2417,25,Female,Married,Secondary,Self-employed,101,811661,11,3,0,0.88,2,1,0,0,0.448,Medium,Low_Risk
CUST2390,27,Female,Married,Primary,Employed,172,240556,13,2,0,0.86,2,1,1,0,0.448,Medium,Low_Risk
CUST2013,27,Female,Married,University,Self-employed,171,119349,16,3,0,0.91,2,1,1,0,0.448,Medium,Low_Risk
CUST2219,33,Female,Single,Secondary,Employed,166,237242,14,3,0,0.89,0,1,0,0,0.448,Medium,Low_Risk
CUST1356,56,Female,Married,Primary,Self-employed,175,4331,18,4,0,0.57,2,1,0,0,0.448,High,Low_Risk
CUST0559,37,Male,Single,University,Employed,157,382949,12,1,0,0.78,2,1,0,0,0.448,Low,Low_Risk
CUST1542,48,Male,Married,Primary,Self-employed,169,343967,11,3,0,0.97,1,1,0,0,0.448,Medium,Low_Risk
CUST2980,42,Female,Single,Secondary,Employed,126,259636,20,3,0,0.89,1,1,0,0,0.448,Medium,Low_Risk
CUST2224,38,Male,Married,Secondary,Self-employed,165,285930,13,1,0,0.91,1,1,0,0,0.448,Low,Low_Risk
CUST2037,59,Female,Single,Primary,Employed,142,186757,19,1,0,0.93,0,1,0,0,0.447,Medium,Low_Risk
CUST2898,44,Male,Single,Secondary,Unemployed,168,134654,16,3,0,0.98,1,1,0,0,0.447,Medium,Low_Risk
CUST1707,18,Female,Single,Primary,Employed,160,105009,18,1,0,0.96,1,1,0,0,0.447,Medium,Low_Risk
CUST0011,30,Male,Single,Primary,Self-employed,169,1476,19,2,0,0.97,2,1,0,0,0.447,Medium,Low_Risk
CUST0525,59,Male,Married,Secondary,Employed,176,37171,17,2,0,0.9,1,0,1,0,0.447,Medium,Low_Risk
CUST1749,37,Female,Married,Secondary,Employed,138,299113,17,1,0,0.53,0,0,0,0,0.447,Low,Low_Risk
CUST0118,44,Female,Married,Secondary,Self-employed,176,165025,14,1,0,0.54,0,1,0,0,0.447,Low,Low_Risk
CUST2253,56,Male,Divorced,University,Employed,173,228786,13,1,1,0.75,1,1,0,0,0.447,Low,Low_Risk
CUST2604,39,Female,Married,Secondary,Employed,107,384523,20,2,0,0.95,1,1,0,0,0.447,Medium,Low_Risk
CUST1673,44,Female,Single,Secondary,Employed,140,453965,13,2,0,0.54,0,1,0,0,0.447,Medium,Low_Risk
CUST0477,47,Male,Single,,Unemployed,173,53074,17,2,0,0.52,3,1,1,0,0.446,Medium,Low_Risk
CUST2072,24,Male,Married,Primary,Employed,158,242762,15,2,0,0.89,1,1,0,0,0.446,Medium,Low_Risk
CUST1509,39,Female,Married,Primary,Self-employed,167,9423,19,1,0,0.62,0,0,0,0,0.446,Medium,Low_Risk
CUST2400,56,Female,Single,Secondary,Employed,164,158070,16,1,0,0.9,0,1,0,0,0.446,Low,Low_Risk
CUST1658,39,Female,Married,Secondary,Employed,138,122678,21,1,0,0.81,1,1,1,0,0.446,Medium,Low_Risk
CUST0328,31,Female,Single,Secondary,Employed,116,191122,23,2,0,0.85,0,1,0,0,0.446,Medium,Low_Risk
CUST2344,46,Female,Single,Secondary,Employed,100,598144,16,2,0,0.61,0,0,0,0,0.446,Medium,Low_Risk
CUST1107,41,Female,Married,Primary,Self-employed,148,182461,18,1,0,0.97,3,0,0,0,0.446,Medium,Low_Risk
CUST1433,23,Male,Single,University,Employed,115,582421,14,4,0,0.71,2,1,0,0,0.446,Medium,Low_Risk
CUST2011,28,Female,Married,Primary,Unemployed,149,302297,15,4,0,0.91,0,0,1,0,0.446,Medium,Low_Risk
CUST0845,40,Male,Single,Secondary,Employed,150,255382,16,1,0,0.94,0,1,0,0,0.446,Low,Low_Risk
CUST2448,37,Male,Married,Secondary,Employed,167,178256,15,3,0,0.62,1,1,0,0,0.446,Medium,Low_Risk
CUST0666,57,Female,Single,Secondary,Self-employed,130,95231,23,4,0,0.61,0,1,0,0,0.446,High,Low_Risk
CUST0478,47,Male,Divorced,University,Employed,172,146073,15,3,0,0.91,2,1,0,0,0.446,Medium,Low_Risk
CUST1949,37,Female,Single,University,Employed,161,350288,12,4,0,0.53,0,1,0,0,0.446,Medium,Low_Risk
CUST2461,34,Female,Married,,Unemployed,144,381001,14,4,0,0.62,0,0,0,0,0.446,Medium,Low_Risk
CUST1346,38,Female,Married,Secondary,Employed,171,108006,16,1,0,0.74,1,1,0,0,0.446,Low,Low_Risk
CUST2647,30,Female,Single,Secondary,Employed,147,145635,19,1,0,0.54,0,1,0,0,0.446,Medium,Low_Risk
CUST1102,38,Male,Married,Primary,Employed,146,153413,19,1,0,0.87,1,0,1,0,0.446,Medium,Low_Risk
CUST2813,46,Male,Married,Primary,Employed,168,43571,18,2,1,0.78,1,1,0,0,0.446,Medium,Low_Risk
CUST0417,29,Male,Divorced,Primary,Unemployed,176,74936,16,1,0,0.97,0,1,0,0,0.446,Low,Low_Risk
CUST0602,25,Female,Married,Secondary,Self-employed,161,175718,16,2,0,0.6,0,1,0,0,0.445,Medium,Low_Risk
CUST2604,45,Male,Single,Secondary,Self-employed,152,408546,12,3,0,0.58,1,1,1,0,0.445,Medium,Low_Risk
CUST0835,48,Male,Married,University,Employed,164,325609,12,3,0,0.79,2,0,0,0,0.445,Medium,Low_Risk
CUST1417,41,Female,Single,Secondary,Self-employed,146,64101,21,3,1,0.84,0,1,1,0,0.445,Medium,Low_Risk
CUST2509,51,Male,Married,University,Employed,171,107279,16,1,0,0.83,1,0,1,0,0.445,Low,Low_Risk
CUST1773,41,Male,Single,,Self-employed,163,119770,17,1,0,0.66,1,1,1,0,0.445,Low,Low_Risk
CUST0181,40,Male,Married,Secondary,Employed,138,460184,13,1,0,0.82,1,1,0,0,0.445,Low,Low_Risk
CUST1623,34,Female,Married,Secondary,Employed,179,136064,14,4,0,0.8,2,1,1,0,0.445,Medium,Low_Risk
CUST2364,41,Male,Single,,Employed,155,259558,15,2,0,0.85,0,0,1,0,0.445,Medium,Low_Risk
CUST1666,43,Male,Single,Primary,Employed,175,161143,14,3,0,0.51,2,0,1,0,0.445,Medium,Low_Risk
CUST1413,49,Female,Divorced,Secondary,Employed,140,531242,11,2,0,0.53,1,1,0,0,0.445,Low,Low_Risk
CUST0970,33,Male,Married,Secondary,Unemployed,163,161929,16,1,0,0.87,0,0,0,0,0.445,Low,Low_Risk
CUST2845,37,Male,Married,,Employed,176,200801,13,1,0,0.96,1,1,1,0,0.445,Low,Low_Risk
CUST1118,33,Female,Single,Secondary,Self-employed,151,69010,20,2,0,0.56,2,1,0,0,0.444,Medium,Low_Risk
CUST0957,32,Male,Single,University,Employed,144,246041,17,3,0,0.59,2,0,0,0,0.444,Medium,Low_Risk
CUST0352,18,Female,Married,Secondary,Self-employed,176,362820,9,1,0,0.79,2,0,0,0,0.444,Low,Low_Risk
CUST0980,43,Male,Married,University,Employed,131,162596,21,3,0,0.77,0,0,0,0,0.444,Medium,Low_Risk
CUST2831,27,Female,Single,Secondary,Self-employed,173,173934,14,1,2,0.69,0,1,0,0,0.444,Low,Low_Risk
CUST0318,42,Female,Married,,Employed,110,225996,23,1,0,0.65,0,1,0,0,0.444,Medium,Low_Risk
CUST2426,48,Male,Married,Primary,Employed,179,3100,17,1,0,0.78,1,1,0,0,0.444,Low,Low_Risk
CUST2416,30,Female,Married,Secondary,Employed,148,131360,19,2,0,0.68,0,1,0,0,0.444,Medium,Low_Risk
CUST2758,27,Female,Married,Secondary,Self-employed,137,39423,23,2,0,0.93,0,1,1,0,0.444,Medium,Low_Risk
CUST1874,34,Female,Married,Secondary,Self-employed,176,193400,13,4,0,0.69,1,1,0,0,0.444,Medium,Low_Risk
CUST0251,31,Male,Married,Secondary,Employed,152,275456,15,3,0,0.52,0,1,0,0,0.444,Medium,Low_Risk
CUST1625,40,Female,Single,,Employed,150,32478,21,1,0,0.86,0,1,0,0,0.444,Medium,Low_Risk
CUST1721,47,Male,Divorced,Secondary,Self-employed,169,71548,17,2,1,0.54,1,1,0,0,0.444,Medium,Low_Risk
CUST2729,27,Female,Single,Secondary,Employed,158,274909,14,2,0,0.54,1,1,1,0,0.444,Medium,Low_Risk
CUST2528,42,Female,Divorced,Primary,Self-employed,168,206786,14,2,0,0.7,2,1,0,0,0.444,Medium,Low_Risk
CUST1284,19,Female,Married,Secondary,Self-employed,150,119481,19,3,0,0.62,1,1,1,0,0.444,Medium,Low_Risk
CUST2295,43,Female,Married,University,Employed,171,57628,17,2,1,0.58,0,1,0,0,0.444,Medium,Low_Risk
CUST2636,19,Male,Single,University,Employed,169,74657,17,2,0,0.96,0,1,0,0,0.444,Medium,Low_Risk
CUST2919,25,Male,Single,University,Employed,147,140984,19,4,0,0.63,2,1,1,0,0.444,High,Low_Risk
CUST0142,40,Male,Divorced,,Employed,178,222017,12,4,1,0.99,0,1,1,0,0.444,Medium,Low_Risk
CUST1207,33,Male,Single,University,Employed,157,238838,15,1,0,0.94,2,1,0,0,0.444,Low,Low_Risk
CUST1057,29,Male,Married,University,Employed,159,228593,15,2,1,0.69,1,1,0,0,0.444,Medium,Low_Risk
CUST2038,33,Male,Married,University,Unemployed,143,333651,15,4,0,0.89,0,1,0,0,0.443,Medium,Low_Risk
CUST0981,26,Male,Married,University,Employed,146,56826,21,4,1,0.69,1,0,0,0,0.443,High,Low_Risk
CUST2626,37,Male,Single,Secondary,Employed,151,66302,20,1,0,0.86,0,0,0,0,0.443,Medium,Low_Risk
CUST0878,35,Female,Single,Primary,Employed,147,303358,15,2,2,0.5,0,1,0,0,0.443,Medium,Low_Risk
CUST1332,23,Female,Divorced,,Employed,170,20093,18,4,0,0.74,1,0,0,0,0.443,High,Low_Risk
CUST2428,28,Male,Married,Primary,Unemployed,129,431219,15,1,1,0.6,0,1,0,0,0.443,Low,Low_Risk
CUST1627,39,Male,Married,Secondary,Employed,160,173803,16,1,0,0.95,3,0,1,0,0.443,Low,Low_Risk
CUST2393,38,Male,Divorced,Secondary,Employed,167,378635,10,1,0,0.62,0,1,1,0,0.443,Low,Low_Risk
CUST0063,56,Female,Married,,Employed,167,296234,12,3,0,0.54,0,1,0,0,0.443,Medium,Low_Risk
CUST0282,43,Male,Single,,Employed,150,157082,18,2,1,1.0,3,1,0,0,0.443,Medium,Medium_Risk
CUST0810,34,Female,Divorced,Secondary,Employed,165,435759,9,1,1,0.74,2,0,1,0,0.443,Low,Low_Risk
CUST1699,48,Female,Married,Secondary,Employed,137,32362,23,1,0,0.56,2,0,0,0,0.443,Medium,Low_Risk
CUST2365,19,Female,Single,Secondary,Employed,143,35154,22,3,0,0.97,0,1,1,0,0.443,High,Low_Risk
CUST2105,41,Female,Divorced,Primary,Employed,179,126416,14,4,0,0.63,1,1,0,0,0.443,Medium,Low_Risk
CUST0201,40,Male,Divorced,Secondary,Self-employed,161,208273,15,1,1,0.69,3,1,1,0,0.443,Low,Medium_Risk
CUST1507,23,Female,Married,Primary,Self-employed,168,70904,17,2,0,0.98,1,0,0,0,0.442,Medium,Low_Risk
CUST2415,48,Female,Single,Primary,Employed,176,355891,9,4,0,0.89,0,1,0,0,0.442,Medium,Low_Risk
CUST1678,33,Female,Married,Secondary,Employed,178,3857,17,1,0,0.73,2,1,0,0,0.442,Low,Low_Risk
CUST2505,37,Female,Married,Primary,Self-employed,171,221884,13,1,1,0.6,0,0,0,0,0.442,Low,Low_Risk
CUST2729,40,Male,Married,Secondary,Employed,179,37617,16,1,0,0.86,1,1,0,0,0.442,Low,Low_Risk
CUST0495,37,Male,Single,University,Employed,144,237714,17,1,1,0.97,2,1,0,0,0.442,Low,Low_Risk
CUST0479,23,Male,Married,Primary,Employed,129,508753,13,2,0,0.68,1,1,1,0,0.442,Medium,Low_Risk
CUST1764,48,Male,Married,Primary,Employed,171,219987,13,2,0,0.51,2,1,1,0,0.442,Medium,Low_Risk
CUST1051,27,Male,Single,Primary,Self-employed,135,170708,20,1,0,0.79,1,0,0,0,0.442,Medium,Low_Risk
CUST0099,55,Female,Married,,Employed,147,5649,22,1,0,0.84,1,1,0,0,0.442,Medium,Low_Risk
CUST0498,31,Male,Single,Primary,Employed,156,197231,16,3,1,0.86,2,0,0,0,0.442,Medium,Low_Risk
CUST2685,42,Female,Married,Secondary,Employed,159,216829,15,1,1,0.99,1,0,0,0,0.442,Low,Low_Risk
CUST0033,20,Female,Married,University,Employed,174,29742,17,1,0,0.84,1,1,0,0,0.442,Low,Low_Risk
CUST0530,32,Female,Single,Secondary,Employed,153,258439,15,2,0,0.8,0,0,0,0,0.442,Medium,Low_Risk
CUST0365,32,Female,Married,Primary,Unemployed,121,227023,21,2,0,0.75,1,0,0,0,0.442,Medium,Low_Risk
CUST0204,43,Male,Single,,Unemployed,177,175733,13,2,1,0.75,1,0,1,0,0.441,Medium,Low_Risk
CUST2093,46,Male,Married,Primary,Employed,177,5130,17,2,0,0.66,0,1,0,0,0.441,Medium,Low_Risk
CUST0815,43,Male,Married,,Self-employed,156,66313,19,3,0,0.84,0,1,0,0,0.441,Medium,Low_Risk
CUST0179,37,Female,Married,Secondary,Self-employed,168,238774,13,4,0,0.58,1,1,0,0,0.441,Medium,Low_Risk
CUST2688,34,Male,Divorced,University,Employed,99,668229,14,2,0,0.73,1,1,0,0,0.441,Medium,Low_Risk
CUST2859,18,Female,Married,,Employed,144,402024,13,3,2,0.89,2,1,0,0,0.441,Medium,Medium_Risk
CUST2553,33,Male,Married,Secondary,Self-employed,173,34030,17,1,0,0.69,0,1,1,0,0.441,Low,Low_Risk
CUST0274,35,Female,Married,Secondary,Self-employed,152,178479,17,2,0,0.54,1,1,0,0,0.441,Medium,Low_Risk
CUST0386,42,Male,Married,Secondary,Self-employed,174,110182,15,3,0,0.64,1,1,0,0,0.441,Medium,Low_Risk
CUST2620,49,Female,Married,Secondary,Self-employed,164,178924,15,1,0,0.67,1,1,0,0,0.441,Low,Low_Risk
CUST1144,27,Male,Divorced,Secondary,Employed,70,485965,23,1,0,0.5,1,1,0,0,0.441,Medium,Low_Risk
CUST2117,35,Male,Single,University,Self-employed,164,90844,17,1,0,0.54,2,0,1,0,0.44,Low,Low_Risk
CUST1352,49,Female,Married,University,Employed,167,68784,17,2,1,0.72,0,1,0,0,0.44,Medium,Low_Risk
CUST1253,42,Male,Single,University,Employed,159,39513,19,2,0,0.72,1,1,1,0,0.44,Medium,Low_Risk
CUST0993,30,Male,Married,Primary,Employed,163,97574,17,1,1,0.64,0,1,0,0,0.44,Low,Low_Risk
CUST1722,38,Female,Married,University,Employed,173,73328,16,1,0,0.62,2,1,0,0,0.44,Low,Low_Risk
CUST1360,27,Male,Single,Secondary,Employed,171,84280,16,3,0,0.82,0,1,0,0,0.44,Medium,Low_Risk
CUST2177,26,Female,Single,Secondary,Self-employed,157,181594,16,2,0,0.62,1,0,0,0,0.44,Medium,Low_Risk
CUST1902,36,Male,Married,Secondary,Employed,147,379103,13,1,0,0.51,1,1,0,0,0.44,Low,Low_Risk
CUST2708,33,Male,Single,Secondary,Self-employed,108,477963,17,1,0,0.79,0,1,1,0,0.44,Low,Low_Risk
CUST2098,32,Male,Married,Secondary,Employed,129,205331,20,3,1,0.7,0,1,0,0,0.44,Medium,Low_Risk
CUST2151,31,Female,Single,,Unemployed,175,59416,16,1,1,0.51,2,1,0,0,0.44,Low,Low_Risk
CUST1443,31,Female,Married,Secondary,Employed,149,195307,17,1,0,0.6,2,1,0,0,0.44,Low,Low_Risk
CUST2930,52,Female,Married,Primary,Employed,133,51143,23,3,0,0.9,2,1,0,0,0.44,High,Low_Risk
CUST0714,31,Female,Single,University,Self-employed,123,416948,16,2,0,0.62,1,1,1,0,0.44,Medium,Low_Risk
CUST0349,19,Male,Divorced,Secondary,Employed,135,78280,22,1,0,1.0,2,1,0,0,0.44,Medium,Low_Risk
CUST1286,39,Male,Married,Secondary,Employed,130,366825,16,3,1,0.89,0,1,1,0,0.44,Medium,Low_Risk
CUST0601,18,Male,Married,Primary,Unemployed,127,298222,18,3,0,0.6,1,1,0,0,0.439,Medium,Low_Risk
CUST1499,23,Male,Married,Primary,Employed,157,51172,19,2,0,0.95,3,1,0,0,0.439,Medium,Low_Risk
CUST2658,41,Female,Single,Secondary,Self-employed,174,62031,16,1,1,0.61,1,1,0,0,0.439,Low,Low_Risk
CUST2656,32,Female,Single,University,Employed,111,109687,25,3,0,0.93,1,0,0,0,0.439,High,Low_Risk
CUST1026,19,Female,Married,University,Self-employed,143,102986,20,4,0,0.66,0,1,1,0,0.439,High,Low_Risk
CUST1032,30,Male,Single,University,Self-employed,168,101057,16,1,0,0.76,0,1,0,0,0.439,Low,Low_Risk
CUST1007,32,Male,Single,University,Employed,176,4280,17,1,0,0.75,1,1,0,0,0.439,Low,Low_Risk
CUST1683,45,Female,Married,Secondary,Employed,168,316239,11,2,0,0.96,0,1,0,0,0.439,Low,Low_Risk
CUST0161,59,Female,Married,Primary,Self-employed,119,270580,20,1,0,0.52,0,1,0,0,0.439,Medium,Low_Risk
CUST2943,30,Female,Single,Primary,Self-employed,175,55252,16,1,0,0.99,1,1,0,0,0.439,Low,Low_Risk
CUST0636,32,Male,Single,Primary,Employed,151,174409,17,1,1,0.56,0,1,0,0,0.439,Low,Low_Risk
CUST0028,30,Female,Divorced,,Employed,142,154275,19,2,0,0.91,1,1,1,0,0.439,Medium,Low_Risk
CUST1440,30,Female,Divorced,Primary,Unemployed,170,3228,18,1,0,0.73,0,1,0,0,0.439,Medium,Low_Risk
CUST2859,54,Female,Married,Secondary,Employed,116,290724,20,1,0,0.51,1,0,0,0,0.439,Medium,Low_Risk
CUST0825,25,Male,Single,Secondary,Employed,83,349043,24,1,0,0.61,0,1,1,0,0.439,Medium,Low_Risk
CUST1762,40,Female,Married,Secondary,Employed,147,584378,8,4,1,0.94,2,1,0,0,0.439,Medium,Low_Risk
CUST2820,39,Male,Married,University,Employed,155,19657,20,3,0,0.52,0,1,0,0,0.439,Medium,Low_Risk
CUST1700,33,Female,Married,University,Employed,161,234167,14,2,0,0.72,1,1,0,0,0.439,Medium,Low_Risk
CUST2806,45,Male,Single,Primary,Employed,159,37548,19,2,0,0.72,2,1,0,0,0.439,Medium,Low_Risk
CUST0228,38,Male,Married,,Employed,170,89419,16,1,0,0.83,2,1,0,0,0.439,Low,Low_Risk
CUST1899,49,Male,Married,Primary,Employed,170,2487,18,1,0,0.78,0,1,1,0,0.439,Medium,Low_Risk
CUST2222,56,Male,Married,Primary,Employed,161,64922,18,1,0,0.91,2,1,0,0,0.439,Medium,Low_Risk
CUST0775,26,Female,Married,,Employed,179,24344,16,1,0,0.58,0,0,0,0,0.439,Low,Low_Risk
CUST2717,34,Male,Single,University,Self-employed,164,38672,18,4,0,0.81,1,1,0,0,0.438,High,Low_Risk
CUST1448,36,Female,Divorced,Secondary,Employed,176,86282,15,1,1,0.85,1,0,0,0,0.438,Low,Low_Risk
CUST2663,36,Female,Single,Primary,Unemployed,134,120262,21,3,0,0.9,4,1,1,0,0.438,Medium,Low_Risk
CUST2698,26,Female,Single,Primary,Employed,153,412935,11,2,0,0.63,0,0,0,0,0.438,Low,Low_Risk
CUST2801,54,Male,Married,Primary,Employed,150,223110,16,1,0,0.72,0,1,0,0,0.438,Low,Low_Risk
CUST2355,25,Female,Single,Primary,Employed,123,406100,16,1,0,0.94,2,1,0,0,0.438,Low,Low_Risk
CUST2241,51,Female,Married,Secondary,Employed,164,81358,17,4,1,0.96,0,1,1,0,0.438,High,Low_Risk
CUST1665,41,Male,Married,Secondary,Employed,148,23142,21,1,0,0.56,2,1,0,0,0.438,Medium,Low_Risk
CUST1872,34,Male,Married,University,Employed,165,160978,15,3,0,0.85,0,1,1,0,0.438,Medium,Low_Risk
CUST2593,35,Male,Single,,Self-employed,133,212458,19,1,0,0.61,1,0,0,0,0.438,Medium,Low_Risk
CUST1054,31,Female,Divorced,Secondary,Employed,157,129175,17,2,0,0.93,0,1,0,0,0.438,Medium,Low_Risk
CUST2460,61,Female,Married,University,Employed,175,305156,10,2,0,0.72,1,0,1,0,0.438,Low,Low_Risk
CUST0298,48,Male,Single,Primary,Unemployed,171,77993,16,3,0,0.75,0,0,0,0,0.438,Medium,Low_Risk
CUST0609,43,Female,Single,Primary,Self-employed,106,354082,20,3,1,0.95,1,1,1,0,0.438,Medium,Low_Risk
CUST0058,24,Male,Divorced,Primary,Self-employed,164,168470,15,2,0,0.86,2,1,1,0,0.438,Medium,Low_Risk
CUST2368,19,Male,Single,University,Employed,167,106471,16,3,0,0.83,1,1,1,0,0.438,Medium,Low_Risk
CUST2329,25,Female,Divorced,Primary,Self-employed,153,202263,16,2,1,0.84,0,0,1,0,0.438,Medium,Low_Risk
CUST1622,40,Male,Divorced,Primary,Self-employed,179,234574,11,1,1,0.52,2,1,1,0,0.438,Low,Low_Risk
CUST2227,29,Female,Single,Primary,Employed,151,212133,16,3,1,0.71,2,1,0,0,0.437,Medium,Low_Risk
CUST2926,45,Male,Married,University,Self-employed,125,176746,21,1,3,0.89,1,0,0,0,0.437,Medium,Medium_Risk
CUST0793,49,Female,Married,Secondary,Employed,173,271707,11,2,0,0.72,3,1,1,0,0.437,Low,Low_Risk
CUST2423,41,Female,Married,Secondary,Self-employed,166,66698,17,2,0,0.9,3,1,0,0,0.437,Medium,Low_Risk
CUST1469,36,Male,Single,Secondary,Employed,125,516298,13,1,0,0.54,1,1,1,0,0.437,Low,Low_Risk
CUST1344,24,Female,Single,University,Self-employed,142,314683,15,2,0,0.75,0,1,0,0,0.437,Medium,Low_Risk
CUST0898,53,Female,Divorced,Secondary,Self-employed,174,136253,14,4,0,0.62,1,1,0,0,0.437,Medium,Low_Risk
CUST2009,34,Female,Married,Secondary,Employed,138,130818,20,2,1,0.94,0,0,0,0,0.437,Medium,Low_Risk
CUST1778,49,Male,Single,Primary,Employed,175,1183,17,1,0,0.74,0,1,1,0,0.437,Low,Low_Risk
CUST0393,35,Female,Married,,Unemployed,167,143030,15,1,0,0.55,0,1,1,0,0.437,Low,Low_Risk
CUST2557,36,Male,Married,University,Employed,93,356890,22,2,0,0.83,2,0,0,0,0.437,Medium,Low_Risk
CUST2905,18,Male,Single,,Employed,179,16021,16,1,0,0.65,1,1,0,0,0.437,Low,Low_Risk
CUST0039,29,Male,Single,Secondary,Employed,172,106685,15,1,1,0.84,1,1,0,0,0.437,Low,Low_Risk
CUST0821,33,Male,Married,University,Employed,45,559723,25,1,0,0.81,0,1,1,0,0.437,Medium,Low_Risk
CUST2589,27,Female,Single,Secondary,Employed,171,29445,17,3,0,0.96,0,0,0,0,0.437,Medium,Low_Risk
CUST2842,40,Female,Married,Primary,Employed,130,17115,24,4,0,0.61,1,1,1,0,0.437,High,Low_Risk
CUST0822,35,Male,Single,Primary,Employed,167,353833,10,1,0,0.89,1,1,1,0,0.437,Low,Low_Risk
CUST0166,30,Female,Married,University,Employed,127,456610,14,1,1,0.78,0,1,0,0,0.436,Low,Low_Risk
CUST0651,29,Female,Single,Secondary,Employed,160,58422,18,4,0,0.9,2,1,1,0,0.436,High,Low_Risk
CUST2483,41,Male,Married,Secondary,Employed,64,467281,24,2,0,0.66,1,1,1,0,0.436,Medium,Low_Risk
CUST0428,44,Female,Single,Secondary,Employed,166,16951,18,1,0,0.6,0,1,0,0,0.436,Medium,Low_Risk
CUST1860,31,Male,Married,Secondary,Employed,171,153691,14,3,0,0.55,1,1,1,0,0.436,Medium,Low_Risk
CUST1424,45,Female,Divorced,Secondary,Employed,176,33994,16,1,2,0.57,0,1,0,0,0.436,Low,Low_Risk
CUST1583,34,Male,Single,Primary,Self-employed,82,810641,13,4,0,0.64,4,1,0,0,0.436,Medium,Low_Risk
CUST2258,43,Male,Single,,Employed,156,468089,9,2,0,0.73,1,1,1,0,0.436,Low,Low_Risk
CUST2795,29,Female,Married,Secondary,Employed,121,372562,17,2,1,0.61,0,1,0,0,0.436,Medium,Low_Risk
CUST1794,27,Male,Married,University,Employed,117,525123,14,2,0,0.64,0,1,0,0,0.436,Medium,Low_Risk
CUST0979,38,Male,Married,Primary,Unemployed,166,58775,17,1,0,0.76,1,0,1,0,0.436,Low,Low_Risk
CUST2113,24,Male,Single,Primary,Self-employed,99,820143,10,4,0,1.0,1,0,0,0,0.436,Medium,Low_Risk
CUST1512,41,Male,Married,Secondary,Self-employed,168,2645,18,1,0,0.91,1,1,0,0,0.436,Medium,Low_Risk
CUST1809,36,Female,Single,,Employed,128,238480,19,2,0,0.55,2,1,0,0,0.436,Medium,Low_Risk
CUST2577,51,Female,Married,Secondary,Unemployed,152,200058,16,1,0,0.73,1,1,0,0,0.436,Low,Low_Risk
CUST2998,30,Male,Married,Primary,Employed,169,211835,13,1,0,0.97,1,0,0,0,0.436,Low,Low_Risk
CUST1628,34,Male,Single,Secondary,Employed,170,246757,12,2,1,0.79,1,1,0,0,0.436,Low,Low_Risk
CUST2657,27,Female,Divorced,Secondary,Self-employed,111,183940,23,2,0,0.51,3,1,0,0,0.436,Medium,Low_Risk
CUST0907,40,Male,Married,Secondary,Self-employed,94,596927,16,3,0,0.96,1,1,0,0,0.436,Medium,Low_Risk
CUST1834,26,Female,Single,Primary,Employed,175,125012,14,2,0,0.55,2,1,1,0,0.436,Medium,Low_Risk
CUST0809,31,Male,Married,University,Self-employed,142,439145,12,1,1,0.65,0,0,0,0,0.436,Low,Low_Risk
CUST0220,39,Male,Married,University,Unemployed,154,230080,15,3,0,0.84,0,1,0,0,0.436,Medium,Low_Risk
CUST2527,44,Female,Single,Primary,Self-employed,143,382956,13,1,0,0.52,1,1,1,0,0.435,Low,Low_Risk
CUST1588,31,Male,Divorced,Secondary,Self-employed,178,15530,16,2,0,0.98,0,1,0,0,0.435,Medium,Low_Risk
CUST0933,24,Male,Married,Secondary,Employed,108,372865,19,2,2,0.9,0,1,1,0,0.435,Medium,Low_Risk
CUST1356,32,Male,Single,University,Employed,127,199614,20,2,0,0.9,0,1,0,0,0.435,Medium,Low_Risk
CUST1842,32,Female,Married,Secondary,Self-employed,151,32010,20,1,1,0.71,1,0,0,0,0.435,Medium,Low_Risk
CUST1357,44,Female,Married,University,Self-employed,133,199762,19,4,0,0.86,0,1,0,0,0.435,High,Low_Risk
CUST1924,54,Female,Single,Primary,Employed,162,170345,15,2,0,0.58,3,0,0,0,0.435,Medium,Low_Risk
CUST0185,41,Female,Divorced,Primary,Employed,138,37331,22,1,0,0.53,1,1,1,0,0.435,Medium,Low_Risk
CUST2643,32,Female,Single,Secondary,Employed,162,126890,16,4,1,0.52,0,0,1,0,0.435,Medium,Low_Risk
CUST0549,48,Female,Married,,Employed,171,150174,14,4,0,0.9,1,0,0,0,0.435,Medium,Low_Risk
CUST0172,22,Male,Single,University,Employed,173,52491,16,3,0,0.83,1,1,0,0,0.435,Medium,Low_Risk
CUST0866,18,Male,Married,Secondary,Employed,110,186494,23,1,0,0.9,0,0,0,0,0.435,Medium,Low_Risk
CUST1962,23,Male,Divorced,University,Self-employed,151,202472,16,1,0,0.91,0,1,0,0,0.435,Low,Low_Risk
CUST2044,37,Male,Married,Primary,Employed,177,21474,16,3,1,0.99,2,0,0,0,0.435,Medium,Low_Risk
CUST2631,32,Female,Married,University,Employed,148,180009,17,1,0,0.97,0,0,0,0,0.435,Low,Low_Risk
CUST1424,41,Female,Married,University,Employed,158,111818,17,1,0,0.8,2,0,0,0,0.435,Low,Low_Risk
CUST2483,33,Female,Single,Secondary,Employed,145,498352,10,3,0,0.89,1,1,0,0,0.435,Medium,Low_Risk
CUST1628,37,Male,Married,Secondary,Self-employed,71,670218,18,1,0,0.72,1,1,0,0,0.435,Medium,Low_Risk
CUST1925,31,Female,Single,Primary,Employed,134,320719,16,2,0,0.63,0,1,0,0,0.435,Medium,Low_Risk
CUST1277,21,Male,Single,Primary,Self-employed,161,48632,18,2,0,0.79,1,1,1,0,0.435,Medium,Low_Risk
CUST0785,36,Female,Married,University,Employed,155,217456,15,1,0,0.95,3,1,0,0,0.435,Low,Low_Risk
CUST0793,32,Male,Married,Secondary,Self-employed,153,146769,17,3,0,0.52,0,0,0,0,0.435,Medium,Low_Risk
CUST2167,39,Male,Married,Secondary,Employed,177,18932,16,1,0,0.5,1,0,0,0,0.434,Low,Low_Risk
CUST0504,30,Male,Married,Secondary,Employed,180,124588,13,1,0,0.56,0,1,0,0,0.434,Low,Low_Risk
CUST1953,37,Male,Divorced,University,Employed,89,31591,30,4,0,0.51,0,1,0,0,0.434,High,Low_Risk
CUST2743,48,Female,Married,Secondary,Employed,154,51429,19,4,0,0.67,0,1,1,0,0.434,High,Low_Risk
CUST1289,45,Female,Married,Primary,Self-employed,173,89639,15,1,1,0.55,1,1,0,0,0.434,Low,Low_Risk
CUST1073,40,Female,Married,Primary,Unemployed,156,35810,19,1,0,0.66,1,1,1,0,0.434,Medium,Low_Risk
CUST1168,23,Female,Married,Secondary,Employed,170,154080,14,3,0,0.62,1,1,0,0,0.434,Medium,Low_Risk
CUST2058,27,Female,Married,University,Self-employed,165,186541,14,4,0,0.95,1,0,0,0,0.434,Medium,Low_Risk
CUST1656,42,Female,Married,Secondary,Employed,168,40179,17,1,0,0.68,0,1,0,0,0.434,Low,Low_Risk
CUST0475,45,Male,Married,Secondary,Employed,164,109239,16,1,0,0.61,2,0,0,0,0.434,Low,Low_Risk
CUST2754,38,Male,Divorced,University,Unemployed,163,156395,15,2,0,0.86,1,1,0,0,0.434,Medium,Low_Risk
CUST0310,50,Female,Married,Primary,Employed,108,282177,21,4,0,0.65,1,1,0,0,0.434,High,Low_Risk
CUST1909,59,Female,Single,University,Self-employed,124,426491,15,3,0,0.6,1,0,1,0,0.434,Medium,Low_Risk
CUST1415,34,Female,Single,Secondary,Self-employed,135,437899,13,1,0,0.65,2,1,0,0,0.434,Low,Low_Risk
CUST2936,18,Male,Married,Primary,Self-employed,120,282274,19,2,0,0.53,1,1,0,0,0.434,Medium,Low_Risk
CUST2783,35,Male,Married,Primary,Self-employed,179,3670,16,3,0,0.7,1,1,0,0,0.434,Medium,Low_Risk
CUST2856,39,Male,Married,Secondary,Unemployed,171,16432,17,3,0,0.73,2,1,0,0,0.434,Medium,Low_Risk
CUST2967,36,Male,Divorced,Secondary,Employed,134,104541,21,1,0,0.86,2,1,0,0,0.434,Medium,Low_Risk
CUST1154,46,Male,Married,,Employed,148,215716,16,3,0,0.65,1,1,1,0,0.433,Medium,Low_Risk
CUST0259,48,Male,Married,Secondary,Employed,175,71227,15,4,0,0.8,0,1,0,0,0.433,Medium,Low_Risk
CUST2438,49,Male,Married,Secondary,Employed,134,55884,22,1,1,0.62,0,0,0,0,0.433,Medium,Low_Risk
CUST2705,31,Female,Married,Secondary,Self-employed,122,395818,16,4,1,0.73,0,1,1,0,0.433,Medium,Low_Risk
CUST0218,37,Male,Divorced,Secondary,Employed,160,173716,15,3,0,0.63,1,1,0,0,0.433,Medium,Low_Risk
CUST1114,44,Female,Single,Secondary,Self-employed,134,352062,15,3,1,0.72,0,1,0,0,0.433,Medium,Low_Risk
CUST1593,38,Male,Single,,Employed,143,123577,19,2,0,0.76,0,1,0,0,0.433,Medium,Low_Risk
CUST2745,36,Female,Married,,Employed,107,371222,19,2,0,0.72,2,1,0,0,0.433,Medium,Low_Risk
CUST2399,21,Female,Married,Secondary,Employed,149,163918,17,4,0,0.81,0,1,0,0,0.433,High,Low_Risk
CUST2313,40,Male,Married,,Self-employed,169,239737,12,2,0,0.94,3,1,0,0,0.433,Low,Low_Risk
CUST1223,38,Male,Single,University,Self-employed,142,254249,16,4,0,0.96,1,0,0,0,0.433,Medium,Low_Risk
CUST2027,37,Male,Married,Secondary,Employed,164,21536,18,2,0,0.91,1,1,1,0,0.433,Medium,Low_Risk
CUST1799,25,Male,Divorced,,Employed,170,63058,16,2,0,0.67,0,1,0,0,0.433,Medium,Low_Risk
CUST1766,62,Female,Married,Secondary,Employed,162,414686,9,2,0,1.0,0,0,0,0,0.433,Low,Low_Risk
CUST1155,25,Male,Single,Secondary,Employed,153,12078,20,1,0,0.53,3,1,0,0,0.433,Medium,Low_Risk
CUST1146,35,Female,Single,Primary,Self-employed,115,103236,24,3,0,0.91,0,0,0,0,0.433,High,Low_Risk
CUST1481,42,Male,Single,University,Employed,165,55564,17,4,0,0.86,1,0,0,0,0.433,High,Low_Risk
CUST2591,22,Female,Single,Primary,Employed,178,91419,14,4,0,0.69,1,0,0,0,0.433,Medium,Low_Risk
CUST1988,62,Female,Married,,Employed,163,70085,17,3,0,0.69,2,1,1,0,0.433,Medium,Low_Risk
CUST2813,36,Male,Single,Secondary,Employed,179,87972,14,4,0,0.78,0,1,0,0,0.433,Medium,Low_Risk
CUST2650,30,Female,Divorced,Primary,Employed,150,70709,19,2,0,0.84,2,0,0,0,0.432,Medium,Low_Risk
CUST1235,59,Male,Married,Secondary,Employed,175,154055,13,2,1,0.59,0,0,0,0,0.432,Medium,Low_Risk
CUST1290,33,Female,Single,University,Employed,125,494855,13,2,0,0.66,0,1,0,0,0.432,Medium,Low_Risk
CUST0362,23,Male,Single,Secondary,Employed,176,101991,14,4,0,0.65,1,1,1,0,0.432,Medium,Low_Risk
CUST2029,35,Male,Single,University,Employed,163,64953,17,1,0,0.6,0,1,0,0,0.432,Low,Low_Risk
CUST0669,42,Male,Married,Primary,Employed,171,11043,17,3,0,0.65,2,1,1,0,0.432,Medium,Low_Risk
CUST0872,38,Female,Single,University,Unemployed,152,140561,17,4,0,0.78,1,0,0,0,0.432,High,Low_Risk
CUST1891,33,Female,Single,Primary,Employed,177,12342,16,3,0,0.94,0,1,1,0,0.432,Medium,Low_Risk
CUST2212,34,Female,Divorced,Primary,Self-employed,166,2228,18,2,0,0.56,0,1,0,0,0.432,Medium,Low_Risk
CUST1519,39,Female,Married,Secondary,Self-employed,180,246653,10,1,0,1.0,1,1,1,0,0.432,Low,Low_Risk
CUST2980,51,Female,Single,Primary,Employed,167,37400,17,4,0,0.79,1,1,1,0,0.432,High,Low_Risk
CUST2269,40,Female,Divorced,Secondary,Employed,153,261673,14,2,1,0.63,2,1,0,0,0.432,Medium,Low_Risk
CUST0849,28,Male,Single,Primary,Employed,177,94358,14,1,0,0.89,1,1,0,0,0.432,Low,Low_Risk
CUST0831,43,Male,Single,Primary,Self-employed,172,46846,16,2,0,0.87,0,1,0,0,0.432,Medium,Low_Risk
CUST0240,38,Male,Married,Primary,Self-employed,150,198720,16,2,1,0.52,0,1,0,0,0.432,Medium,Low_Risk
CUST1524,35,Female,Married,Secondary,Employed,144,67713,20,1,0,0.61,1,1,0,0,0.432,Medium,Low_Risk
CUST0041,31,Female,Married,Primary,Employed,175,23866,16,2,0,0.63,1,1,0,0,0.432,Medium,Low_Risk
CUST2244,26,Female,Married,Secondary,Employed,154,120930,17,1,0,0.91,0,1,0,0,0.431,Low,Low_Risk
CUST0680,28,Female,Married,Primary,Employed,156,323211,12,1,1,0.52,1,1,0,0,0.431,Low,Low_Risk
CUST0618,20,Female,Married,Secondary,Self-employed,105,331648,20,1,0,0.91,1,0,0,0,0.431,Medium,Low_Risk
CUST1019,56,Male,Single,Primary,Employed,159,299605,12,3,0,0.75,0,0,0,0,0.431,Medium,Low_Risk
CUST1120,37,Female,Single,Primary,Self-employed,158,307602,12,1,0,0.83,1,1,1,0,0.431,Low,Low_Risk
CUST2476,33,Male,Married,Secondary,Employed,153,86400,18,1,0,0.91,1,1,0,0,0.431,Medium,Low_Risk
CUST1258,26,Male,Single,Primary,Self-employed,153,87280,18,3,0,0.86,0,1,0,0,0.431,Medium,Low_Risk
CUST2740,40,Male,Single,Secondary,Unemployed,174,27002,16,3,0,0.6,1,1,0,0,0.431,Medium,Low_Risk
CUST2560,35,Male,Married,Secondary,Unemployed,165,46622,17,2,1,0.55,1,1,0,0,0.431,Medium,Low_Risk
CUST2677,50,Female,Married,Secondary,Self-employed,177,132798,13,3,1,0.85,2,1,0,0,0.431,Medium,Low_Risk
CUST2868,40,Female,Married,Primary,Self-employed,96,479741,18,2,0,0.7,1,0,1,0,0.431,Medium,Low_Risk
CUST1447,42,Male,Single,Secondary,Employed,119,24930,25,1,0,0.78,0,1,1,0,0.431,Medium,Low_Risk
CUST0150,37,Male,Divorced,Primary,Employed,145,144009,18,1,0,0.58,1,0,1,0,0.431,Medium,Low_Risk
CUST2226,22,Male,Single,Primary,Employed,156,492727,8,4,1,0.7,2,0,0,0,0.431,Medium,Low_Risk
CUST1849,39,Male,Married,,Employed,179,119206,13,2,0,1.0,2,1,1,0,0.431,Medium,Low_Risk
CUST1275,42,Male,Married,Secondary,Employed,55,592217,22,2,1,0.75,1,0,0,0,0.431,Medium,Low_Risk
CUST0837,43,Female,Married,Secondary,Self-employed,170,10745,17,2,0,0.61,2,1,0,0,0.431,Medium,Low_Risk
CUST0879,35,Male,Married,Secondary,Employed,179,249329,10,1,0,0.89,2,1,1,0,0.431,Low,Low_Risk
CUST0843,39,Male,Married,Primary,Employed,102,312827,21,1,0,0.6,2,0,0,0,0.431,Medium,Low_Risk
CUST0325,51,Female,Married,Secondary,Self-employed,157,100368,17,4,0,0.92,1,1,0,0,0.431,High,Low_Risk
CUST1882,48,Male,Married,Secondary,Self-employed,127,308361,17,2,0,0.67,1,0,0,0,0.431,Medium,Low_Risk
CUST2439,25,Female,Single,Primary,Self-employed,178,83953,14,2,0,0.9,3,1,0,0,0.431,Medium,Low_Risk
CUST0402,30,Male,Married,Primary,Employed,133,350446,15,1,0,0.88,1,1,0,0,0.431,Low,Low_Risk
CUST2457,18,Female,Single,Secondary,Unemployed,155,155991,16,1,0,0.63,0,1,0,0,0.43,Low,Low_Risk
CUST1368,24,Male,Married,University,Employed,151,54200,19,1,0,0.92,1,1,1,0,0.43,Medium,Low_Risk
CUST0956,31,Male,Divorced,Primary,Employed,140,174390,18,2,0,0.51,0,0,0,0,0.43,Medium,Low_Risk
CUST1899,18,Male,Single,Secondary,Employed,151,53555,19,1,0,0.81,0,1,0,0,0.43,Medium,Low_Risk
CUST0364,36,Male,Single,Primary,Employed,144,59706,20,1,0,0.7,1,1,1,0,0.43,Medium,Low_Risk
CUST0612,38,Female,Married,University,Unemployed,153,123533,17,2,0,0.57,0,1,1,0,0.43,Medium,Low_Risk
CUST0460,29,Female,Single,Secondary,Unemployed,132,356387,15,1,0,0.64,0,1,0,0,0.43,Low,Low_Risk
CUST2496,37,Male,Married,University,Employed,163,270176,12,1,0,0.54,1,1,1,0,0.43,Low,Low_Risk
CUST0841,38,Female,Single,Primary,Employed,155,68069,18,2,0,0.75,1,1,1,0,0.43,Medium,Low_Risk
CUST1459,31,Female,Divorced,University,Self-employed,174,23479,16,1,1,0.74,0,0,1,0,0.43,Low,Low_Risk
CUST1138,25,Male,Married,University,Self-employed,150,230608,15,3,0,0.97,2,0,1,0,0.43,Medium,Low_Risk
CUST1029,29,Female,Married,University,Self-employed,135,118477,20,4,0,0.81,0,1,0,0,0.429,High,Low_Risk
CUST1636,22,Male,Married,Primary,Employed,162,102081,16,1,0,0.69,0,0,0,0,0.429,Low,Low_Risk
CUST0304,33,Male,Single,Secondary,Employed,126,349247,16,2,0,0.5,1,0,1,0,0.429,Medium,Low_Risk
CUST0533,18,Female,Married,University,Employed,121,127564,22,3,0,0.54,1,1,1,0,0.429,High,Low_Risk
CUST2642,28,Male,Married,University,Employed,135,115827,20,2,1,0.92,0,0,1,0,0.429,Medium,Low_Risk
CUST2237,33,Male,Married,Primary,Employed,140,169174,18,2,0,0.96,0,1,1,0,0.429,Medium,Low_Risk
CUST1741,38,Female,Single,Secondary,Employed,175,266149,10,2,0,0.73,2,1,1,0,0.429,Low,Low_Risk
CUST1686,23,Male,Married,University,Self-employed,158,43420,18,2,0,0.55,1,1,0,0,0.429,Medium,Low_Risk
CUST2673,33,Male,Single,Secondary,Employed,179,112509,13,3,1,0.53,0,0,0,0,0.429,Medium,Low_Risk
CUST1162,50,Male,Single,Primary,Employed,169,55213,16,2,0,0.82,1,0,0,0,0.429,Medium,Low_Risk
CUST0098,50,Male,Single,Secondary,Employed,155,24256,19,3,0,0.64,1,1,1,0,0.429,Medium,Low_Risk
CUST2144,41,Male,Single,,Self-employed,152,342040,12,3,0,0.82,0,1,1,0,0.429,Medium,Low_Risk
CUST0375,25,Male,Married,Primary,Employed,143,189856,17,1,0,0.97,0,1,0,0,0.429,Low,Low_Risk
CUST0960,21,Female,Divorced,Secondary,Employed,178,75978,14,1,0,0.81,1,1,0,0,0.429,Low,Low_Risk
CUST0208,18,Female,Married,University,Self-employed,92,625817,15,1,0,0.9,0,0,1,0,0.429,Low,Low_Risk
CUST2395,20,Female,Married,,Employed,156,56719,18,1,1,0.72,0,1,0,0,0.429,Medium,Low_Risk
CUST2377,47,Male,Single,Secondary,Self-employed,135,330607,15,2,1,0.99,0,0,0,0,0.429,Medium,Low_Risk
CUST2003,28,Female,Married,University,Self-employed,126,349453,16,2,0,0.54,1,1,0,0,0.429,Medium,Low_Risk
CUST1326,25,Female,Married,Primary,Employed,168,186705,13,2,0,0.65,0,1,0,0,0.429,Medium,Low_Risk
CUST0404,37,Male,Single,University,Employed,173,109939,14,1,0,0.62,1,1,1,0,0.429,Low,Low_Risk
CUST0646,27,Male,Single,,Employed,148,240219,15,1,0,0.86,0,1,1,0,0.429,Low,Low_Risk
CUST0959,28,Male,Single,University,Employed,148,196568,16,1,0,0.92,0,0,0,0,0.429,Low,Low_Risk
CUST2523,41,Male,Married,University,Employed,115,293556,19,2,0,0.8,4,1,0,0,0.428,Medium,Low_Risk
CUST0450,25,Female,Married,Primary,Employed,147,241868,15,1,0,0.69,2,0,1,0,0.428,Low,Low_Risk
CUST1419,43,Female,Divorced,Secondary,Self-employed,91,374453,21,2,0,0.99,0,1,0,0,0.428,Medium,Low_Risk
CUST2839,30,Male,Single,Secondary,Self-employed,175,8617,16,4,0,0.89,1,1,0,0,0.428,Medium,Low_Risk
CUST0766,39,Female,Married,University,Self-employed,105,321076,20,2,0,0.73,1,1,0,0,0.428,Medium,Low_Risk
CUST2226,18,Female,Single,University,Unemployed,133,83589,21,1,0,0.91,0,1,0,0,0.428,Medium,Low_Risk
CUST1007,19,Male,Married,University,Employed,161,104070,16,3,2,0.66,0,1,0,0,0.428,Medium,Low_Risk
CUST1438,19,Male,Divorced,Secondary,Self-employed,154,151547,16,2,0,0.97,0,1,0,0,0.428,Medium,Low_Risk
CUST0528,18,Male,Single,University,Self-employed,137,141742,19,2,0,0.62,0,0,0,0,0.428,Medium,Low_Risk
CUST1202,35,Female,Single,Secondary,Employed,173,66485,15,3,0,0.52,0,1,1,0,0.428,Medium,Low_Risk
CUST0636,32,Female,Married,Secondary,Employed,166,70563,16,2,0,0.69,0,1,0,0,0.428,Medium,Low_Risk
CUST0754,31,Male,Married,Secondary,Employed,138,94647,20,3,0,0.92,1,1,0,0,0.428,Medium,Low_Risk
CUST1689,41,Female,Single,Secondary,Employed,137,99076,20,2,0,0.82,0,1,1,0,0.428,Medium,Low_Risk
CUST1735,30,Male,Single,University,Employed,96,211489,24,1,1,0.76,2,1,1,0,0.428,Medium,Low_Risk
CUST2570,46,Female,Married,Primary,Self-employed,166,27159,17,2,0,0.81,1,1,0,0,0.428,Medium,Low_Risk
CUST2655,27,Male,Divorced,Secondary,Employed,133,255802,17,2,3,0.97,0,0,0,0,0.428,Medium,Medium_Risk
CUST1562,42,Male,Single,,Employed,149,61269,19,3,0,0.94,0,0,0,0,0.428,Medium,Low_Risk
CUST0609,24,Male,Single,Secondary,Self-employed,156,94795,17,1,0,0.96,2,1,0,0,0.428,Low,Low_Risk
CUST2829,18,Female,Single,Secondary,Employed,155,62846,18,1,0,0.67,1,1,0,0,0.428,Medium,Low_Risk
CUST1782,48,Male,Divorced,Secondary,Self-employed,162,12532,18,2,0,0.71,2,0,0,0,0.428,Medium,Low_Risk
CUST0580,44,Female,Married,,Employed,116,329505,18,2,0,0.9,2,1,0,0,0.428,Medium,Low_Risk
CUST0094,30,Male,Single,Primary,Employed,136,230092,17,3,0,0.51,1,0,0,0,0.427,Medium,Low_Risk
CUST1233,30,Male,Married,Primary,Employed,143,10159,21,1,1,0.76,2,1,0,0,0.427,Medium,Low_Risk
CUST2905,27,Female,Married,University,Unemployed,161,60098,17,1,0,0.67,3,1,1,0,0.427,Low,Low_Risk
CUST1886,25,Female,Married,,Unemployed,137,53558,21,4,1,0.51,1,0,1,0,0.427,High,Low_Risk
CUST0721,27,Female,Single,Secondary,Self-employed,143,181954,17,2,0,0.8,3,1,1,0,0.427,Medium,Low_Risk
CUST0103,48,Female,Single,Primary,Employed,137,266260,16,4,0,0.72,2,0,0,0,0.427,Medium,Low_Risk
CUST0500,29,Male,Married,Primary,Unemployed,105,359354,19,2,0,0.68,0,1,0,0,0.427,Medium,Low_Risk
CUST2418,52,Female,Married,,Self-employed,159,30446,18,4,0,0.8,3,1,0,0,0.427,High,Low_Risk
CUST1721,34,Female,Single,,Self-employed,157,41403,18,1,1,0.82,2,1,0,0,0.427,Medium,Low_Risk
CUST1280,18,Male,Married,University,Employed,132,2774,23,1,0,0.56,0,1,0,0,0.427,Medium,Low_Risk
CUST2636,39,Male,Single,Secondary,Employed,168,96538,15,1,0,0.58,2,1,0,0,0.427,Low,Low_Risk
CUST1768,46,Male,Married,Secondary,Self-employed,145,253611,15,2,0,0.76,2,0,0,0,0.427,Medium,Low_Risk
CUST2239,51,Female,Married,Primary,Employed,170,122144,14,1,1,0.66,2,1,1,0,0.427,Low,Low_Risk
CUST2834,38,Male,Divorced,Secondary,Employed,177,76614,14,3,0,0.85,3,1,1,0,0.427,Medium,Low_Risk
CUST1751,18,Male,Divorced,Primary,Self-employed,178,25937,15,1,0,0.77,1,1,0,0,0.427,Low,Low_Risk
CUST1756,26,Male,Married,University,Unemployed,160,22178,18,1,1,0.77,2,1,0,0,0.427,Medium,Low_Risk
CUST2984,44,Male,Married,Secondary,Unemployed,137,12445,22,3,0,0.74,0,1,1,0,0.427,High,Low_Risk
CUST0145,41,Male,Married,Primary,Employed,121,289331,18,1,1,0.8,1,1,1,0,0.427,Medium,Low_Risk
CUST2458,43,Male,Married,Secondary,Self-employed,154,23155,19,2,1,0.52,0,1,0,0,0.427,Medium,Low_Risk
CUST2448,26,Female,Single,Secondary,Self-employed,147,70555,19,1,0,0.56,0,1,0,0,0.427,Medium,Low_Risk
CUST2554,46,Female,Divorced,Secondary,Self-employed,146,289859,14,4,0,0.59,1,1,1,0,0.427,Medium,Low_Risk
CUST2386,27,Female,Married,University,Employed,142,102778,19,1,2,0.97,0,1,0,0,0.427,Medium,Low_Risk
CUST1692,22,Male,Married,Secondary,Employed,152,203546,15,2,0,0.86,1,1,1,0,0.427,Medium,Low_Risk
CUST0535,39,Female,Single,University,Employed,135,150725,19,4,0,0.79,0,1,1,0,0.427,High,Low_Risk
CUST2393,47,Male,Single,Primary,Employed,154,20082,19,2,0,0.69,1,1,0,0,0.427,Medium,Low_Risk
CUST0481,45,Female,Married,Primary,Employed,172,21859,16,2,1,0.89,1,1,0,0,0.426,Medium,Low_Risk
CUST1723,36,Female,Married,Primary,Employed,135,317444,15,1,0,0.62,0,0,0,0,0.426,Low,Low_Risk
CUST2265,63,Female,Married,Secondary,Self-employed,160,186896,14,1,0,0.68,3,1,0,0,0.426,Low,Low_Risk
CUST0587,51,Male,Single,Secondary,Employed,167,99046,15,2,0,0.76,1,0,0,0,0.426,Medium,Low_Risk
CUST0843,37,Male,Divorced,Primary,Employed,141,107708,19,3,1,0.78,0,1,0,0,0.426,Medium,Low_Risk
CUST2044,50,Male,Married,Primary,Employed,174,175945,12,1,1,0.51,0,1,0,0,0.426,Low,Low_Risk
CUST0701,37,Male,Married,University,Self-employed,140,26570,21,1,0,0.8,2,0,1,0,0.426,Medium,Low_Risk
CUST1017,38,Female,Divorced,Secondary,Employed,147,107617,18,3,0,0.57,2,1,1,0,0.426,Medium,Low_Risk
CUST0414,31,Female,Single,Primary,Self-employed,178,148524,12,3,0,0.8,0,1,1,0,0.426,Medium,Low_Risk
CUST0534,18,Male,Single,Secondary,Employed,167,14033,17,1,0,0.92,0,0,0,0,0.426,Low,Low_Risk
CUST0874,19,Female,Single,,Unemployed,61,827896,15,3,0,0.73,1,0,0,0,0.426,Medium,Low_Risk
CUST0084,32,Female,Single,Primary,Self-employed,158,159597,15,3,1,0.72,3,1,0,0,0.426,Medium,Medium_Risk
CUST1545,30,Female,Married,Primary,Unemployed,147,106738,18,2,0,0.82,1,1,0,0,0.426,Medium,Low_Risk
CUST0221,44,Female,Single,Primary,Self-employed,156,2887,19,1,0,0.9,3,1,0,0,0.426,Medium,Low_Risk
CUST2607,39,Male,Married,Secondary,Employed,158,115618,16,1,0,0.58,1,1,0,0,0.426,Low,Low_Risk
CUST2367,30,Female,Married,Secondary,Employed,28,967963,17,1,0,0.8,1,1,1,0,0.426,Low,Low_Risk
CUST1797,22,Female,Married,Primary,Employed,140,368381,13,2,1,0.72,2,1,1,0,0.426,Medium,Low_Risk
CUST1878,35,Female,Divorced,University,Employed,86,699715,14,3,0,0.57,0,0,0,0,0.426,Medium,Low_Risk
CUST1851,38,Female,Single,Primary,Employed,147,189870,16,1,2,0.96,1,1,1,0,0.425,Low,Medium_Risk
CUST2360,22,Female,Married,University,Employed,151,160603,16,1,0,0.51,1,1,1,0,0.425,Low,Low_Risk
CUST0185,18,Male,Single,Primary,Employed,135,60740,21,1,0,0.91,1,1,1,0,0.425,Medium,Low_Risk
CUST2348,43,Female,Single,Primary,Employed,157,120420,16,1,0,0.73,0,1,0,0,0.425,Low,Low_Risk
CUST2031,26,Male,Married,Secondary,Employed,178,103449,13,2,0,0.77,0,0,0,0,0.425,Medium,Low_Risk
CUST0215,27,Female,Divorced,Secondary,Unemployed,125,213160,19,3,0,0.94,0,0,1,0,0.425,Medium,Low_Risk
CUST2001,32,Male,Single,Primary,Employed,153,147177,16,1,0,0.58,1,1,0,0,0.425,Low,Low_Risk
CUST2384,50,Female,Single,Secondary,Self-employed,103,364846,19,3,0,0.62,0,1,1,0,0.425,Medium,Low_Risk
CUST1297,41,Male,Married,Primary,Employed,167,135851,14,4,0,0.99,0,1,0,0,0.425,Medium,Low_Risk
CUST2475,32,Male,Single,Secondary,Self-employed,27,889576,19,4,0,0.64,1,0,0,0,0.425,High,Low_Risk
CUST2147,43,Male,Married,Secondary,Employed,131,300721,16,1,1,0.76,3,0,1,0,0.425,Low,Medium_Risk
CUST1857,45,Female,Married,University,Employed,160,227079,13,4,0,0.79,1,1,0,0,0.425,Medium,Low_Risk
CUST0153,48,Male,Married,Secondary,Self-employed,164,71673,16,2,1,0.52,2,1,0,0,0.425,Medium,Low_Risk
CUST1668,28,Female,Single,Secondary,Self-employed,129,226409,18,2,1,1.0,1,1,0,0,0.425,Medium,Low_Risk
CUST2420,39,Male,Single,Secondary,Self-employed,141,16532,21,1,0,0.85,2,0,1,0,0.425,Medium,Low_Risk
CUST2058,23,Male,Divorced,University,Unemployed,72,661900,17,1,0,0.69,4,0,0,0,0.425,Low,Low_Risk
CUST1475,39,Male,Single,Primary,Self-employed,152,110231,17,3,0,0.85,1,1,1,0,0.425,Medium,Low_Risk
CUST2613,32,Female,Married,University,Employed,122,277586,18,3,0,0.98,1,1,1,0,0.425,Medium,Low_Risk
CUST1281,53,Male,Married,University,Self-employed,160,143399,15,2,0,0.98,1,0,0,0,0.425,Medium,Low_Risk
CUST1070,31,Female,Divorced,University,Unemployed,169,81222,15,2,1,0.74,0,0,0,0,0.425,Medium,Low_Risk
CUST1570,38,Female,Single,University,Employed,135,59591,21,2,1,0.56,1,1,0,0,0.425,Medium,Low_Risk
CUST1382,37,Female,Married,University,Employed,136,47883,21,1,0,0.78,1,0,0,0,0.424,Medium,Low_Risk
CUST0017,18,Female,Single,Primary,Employed,170,110917,14,2,0,0.57,2,0,0,0,0.424,Medium,Low_Risk
CUST1923,31,Female,Married,,Self-employed,155,129599,16,2,0,0.79,1,0,0,0,0.424,Medium,Low_Risk
CUST1873,43,Male,Married,University,Unemployed,173,89119,14,4,0,0.58,0,0,0,0,0.424,Medium,Low_Risk
CUST0296,38,Female,Divorced,Primary,Employed,140,62806,20,1,0,0.69,0,1,0,0,0.424,Medium,Low_Risk
CUST1841,29,Male,Married,University,Employed,145,154426,17,2,0,0.99,1,1,1,0,0.424,Medium,Low_Risk
CUST2655,33,Male,Married,Primary,Employed,109,404242,17,1,0,0.61,2,1,0,0,0.424,Low,Low_Risk
CUST0790,32,Male,Single,University,Employed,164,25944,17,1,0,0.55,1,1,0,0,0.424,Low,Low_Risk
CUST2560,37,Male,Divorced,Primary,Employed,147,101403,18,2,0,0.75,1,0,0,0,0.424,Medium,Low_Risk
CUST1716,26,Female,Single,,Employed,153,100067,17,4,0,0.97,3,1,1,0,0.424,High,Low_Risk
CUST2813,33,Male,Single,Primary,Self-employed,155,86389,17,2,1,0.65,3,1,0,0,0.424,Medium,Medium_Risk
CUST1230,54,Female,Single,Secondary,Employed,176,68511,14,3,0,0.72,0,0,0,0,0.424,Medium,Low_Risk
CUST1217,31,Male,Single,Secondary,Employed,131,208898,18,3,0,0.52,0,0,0,0,0.424,Medium,Low_Risk
CUST0180,29,Male,Single,Secondary,Employed,138,247562,16,2,0,0.92,1,0,1,0,0.424,Medium,Low_Risk
CUST0017,27,Male,Single,University,Employed,101,247756,22,4,1,0.62,0,1,0,0,0.424,High,Low_Risk
CUST1751,18,Female,Married,Secondary,Employed,102,26675,27,3,0,0.92,0,0,0,0,0.424,High,Low_Risk
CUST2650,45,Male,Married,Primary,Self-employed,180,41963,14,3,0,0.59,0,1,0,0,0.424,Medium,Low_Risk
CUST2667,23,Male,Married,Primary,Employed,101,501684,16,1,2,0.6,2,1,0,0,0.424,Low,Medium_Risk
CUST1797,42,Female,Single,,Self-employed,176,111178,13,4,0,0.86,3,1,1,0,0.424,Medium,Low_Risk
CUST0499,44,Female,Married,Secondary,Employed,175,36132,15,3,0,0.64,2,1,1,0,0.424,Medium,Low_Risk
CUST0799,46,Female,Married,Secondary,Employed,170,194951,12,2,0,0.6,1,1,1,0,0.424,Low,Low_Risk
CUST1757,33,Female,Married,,Employed,104,96378,25,3,1,0.78,2,0,1,0,0.424,High,Low_Risk
CUST1339,23,Female,Single,University,Employed,169,328889,9,2,0,0.63,0,0,0,0,0.424,Low,Low_Risk
CUST0822,68,Female,Single,Secondary,Employed,143,254869,15,2,0,0.69,1,0,0,0,0.424,Medium,Low_Risk
CUST1286,20,Male,Married,Secondary,Employed,159,59390,17,3,0,0.66,1,1,1,0,0.424,Medium,Low_Risk
CUST0516,30,Male,Single,Secondary,Employed,169,241694,11,2,0,0.78,1,1,0,0,0.423,Low,Low_Risk
CUST1521,31,Female,Married,Primary,Employed,121,231068,19,2,2,0.92,1,0,1,0,0.423,Medium,Medium_Risk
CUST0785,30,Female,Married,University,Employed,148,258095,14,3,0,0.81,0,1,1,0,0.423,Medium,Low_Risk
CUST1402,33,Female,Married,University,Employed,108,364481,18,1,1,0.87,2,1,0,0,0.423,Medium,Low_Risk
CUST0244,61,Male,Single,Primary,Self-employed,139,279485,15,1,1,0.98,2,0,1,0,0.423,Low,Low_Risk
CUST2217,41,Male,Married,Primary,Employed,172,94572,14,1,0,0.9,4,1,1,0,0.423,Low,Low_Risk
CUST2131,30,Female,Married,,Employed,152,102968,17,1,0,0.97,1,0,0,0,0.423,Low,Low_Risk
CUST1542,50,Male,Single,University,Self-employed,167,84523,15,2,0,0.73,0,1,0,0,0.423,Medium,Low_Risk
CUST2464,34,Male,Married,Secondary,Employed,172,52431,15,1,0,0.65,1,1,0,0,0.423,Low,Low_Risk
CUST0240,19,Male,Single,Secondary,Employed,103,229724,22,1,0,0.96,1,0,0,0,0.423,Medium,Low_Risk
CUST1207,42,Female,Married,Primary,Self-employed,175,31300,15,2,0,0.55,0,1,1,0,0.423,Medium,Low_Risk
CUST1057,48,Female,Divorced,Secondary,Employed,166,49005,16,2,0,0.97,1,1,0,0,0.423,Medium,Low_Risk
CUST1979,18,Male,Married,Primary,Self-employed,133,278964,16,4,0,0.69,1,1,0,0,0.423,Medium,Low_Risk
CUST1700,34,Female,Single,Secondary,Self-employed,129,475404,12,1,0,0.87,2,1,0,0,0.423,Low,Low_Risk
CUST1150,24,Male,Married,Secondary,Self-employed,167,1639,17,1,0,0.84,0,1,0,0,0.423,Low,Low_Risk
CUST2567,25,Female,Married,Primary,Employed,161,39630,17,1,1,0.64,4,1,1,0,0.423,Low,Medium_Risk
CUST2592,34,Female,Married,Secondary,Employed,132,108006,20,1,1,0.95,0,0,1,0,0.422,Medium,Low_Risk
CUST1651,35,Female,Married,,Self-employed,145,64708,19,1,0,0.85,0,1,1,0,0.422,Medium,Low_Risk
CUST2024,29,Female,Divorced,Primary,Employed,134,138108,19,1,0,0.79,0,1,1,0,0.422,Medium,Low_Risk
CUST0139,24,Female,Married,,Employed,155,78771,17,3,0,0.93,0,1,0,0,0.422,Medium,Low_Risk
CUST0878,44,Female,Divorced,University,Employed,97,96764,26,2,0,0.51,0,1,1,0,0.422,Medium,Low_Risk
CUST0706,20,Male,Single,,Employed,166,256293,11,1,1,0.93,0,1,1,0,0.422,Low,Low_Risk
CUST1365,40,Male,Single,,Employed,135,89554,20,1,0,0.79,1,1,0,0,0.422,Medium,Low_Risk
CUST1286,40,Female,Married,Secondary,Employed,158,100549,16,2,0,0.95,0,1,0,0,0.422,Medium,Low_Risk
CUST2044,29,Male,Married,Primary,Employed,158,101675,16,2,0,0.73,1,0,0,0,0.422,Medium,Low_Risk
CUST2859,37,Female,Married,Secondary,Self-employed,128,135450,20,1,0,0.91,0,1,0,0,0.422,Medium,Low_Risk
CUST1606,29,Female,Married,Primary,Unemployed,167,251312,11,2,0,0.86,1,1,0,0,0.422,Low,Low_Risk
CUST1690,60,Female,Divorced,University,Self-employed,175,67526,14,3,0,0.65,1,0,1,0,0.422,Medium,Low_Risk
CUST1058,36,Female,Single,,Self-employed,173,165817,12,3,0,0.55,0,1,0,0,0.422,Medium,Low_Risk
CUST0420,25,Female,Single,Secondary,Unemployed,168,30294,16,4,1,0.66,3,1,1,0,0.422,Medium,Medium_Risk
CUST0676,27,Female,Married,Secondary,Employed,178,49333,14,2,0,0.95,1,1,0,0,0.422,Medium,Low_Risk
CUST2310,31,Male,Married,,Employed,152,143521,16,4,1,0.76,0,1,0,0,0.422,Medium,Low_Risk
CUST2358,24,Male,Divorced,Primary,Employed,117,169391,21,3,0,0.52,0,1,0,0,0.422,Medium,Low_Risk
CUST1729,30,Female,Single,Secondary,Self-employed,145,188404,16,1,0,0.58,2,1,0,0,0.422,Low,Low_Risk
CUST1525,51,Female,Single,Primary,Employed,170,230554,11,1,0,0.94,2,0,0,0,0.422,Low,Low_Risk
CUST1246,44,Female,Married,Secondary,Employed,65,612484,19,3,0,0.81,1,0,0,0,0.422,Medium,Low_Risk
CUST0360,20,Male,Married,University,Unemployed,134,55212,21,2,1,0.62,1,1,0,0,0.422,Medium,Low_Risk
CUST0567,43,Female,Married,Secondary,Employed,148,500,20,1,1,0.94,0,0,0,0,0.422,Medium,Low_Risk
CUST2078,32,Female,Single,Secondary,Self-employed,118,371223,16,2,0,0.65,0,1,0,0,0.421,Medium,Low_Risk
CUST1569,18,Male,Married,,Employed,110,428107,16,1,3,0.65,1,1,1,0,0.421,Low,Medium_Risk
CUST2148,18,Female,Married,Primary,Self-employed,161,75147,16,1,0,0.96,2,0,0,0,0.421,Low,Low_Risk
CUST2636,31,Male,Divorced,,Employed,119,281205,18,2,0,0.76,2,1,1,0,0.421,Medium,Low_Risk
CUST0201,42,Female,Divorced,University,Self-employed,121,309294,17,4,1,0.74,1,1,1,0,0.421,High,Low_Risk
CUST1551,45,Female,Married,Primary,Employed,116,428429,15,3,0,0.78,0,1,0,0,0.421,Medium,Low_Risk
CUST0496,34,Male,Married,,Employed,136,161470,18,4,0,0.93,2,1,0,0,0.421,High,Low_Risk
CUST2971,18,Male,Married,Secondary,Employed,167,76044,15,1,0,0.58,2,1,0,0,0.421,Low,Low_Risk
CUST1552,42,Male,Married,Primary,Employed,114,104104,23,1,0,0.7,1,1,1,0,0.421,Medium,Low_Risk
CUST1902,25,Male,Married,University,Unemployed,137,198550,17,1,0,0.76,1,1,0,0,0.421,Low,Low_Risk
CUST0674,43,Male,Married,Secondary,Employed,167,333752,9,1,0,0.82,2,0,1,0,0.421,Low,Low_Risk
CUST2826,18,Female,Married,University,Employed,84,96869,28,3,0,0.94,0,1,0,0,0.421,High,Low_Risk
CUST2369,42,Female,Single,Primary,Employed,143,27133,20,4,0,0.83,0,1,1,0,0.42,High,Low_Risk
CUST2676,42,Male,Married,University,Employed,170,94499,14,1,1,0.53,1,1,0,0,0.42,Low,Low_Risk
CUST0290,37,Male,Divorced,University,Employed,174,25520,15,2,2,0.98,1,1,0,0,0.42,Medium,Medium_Risk
CUST0906,50,Female,Married,Secondary,Employed,161,155679,14,3,0,0.8,1,0,0,0,0.42,Medium,Low_Risk
CUST1464,54,Female,Single,Secondary,Employed,177,89370,13,2,0,0.64,1,0,0,0,0.42,Medium,Low_Risk
CUST2537,32,Female,Married,Secondary,Employed,142,74516,19,4,0,0.51,0,1,0,0,0.42,High,Low_Risk
CUST0673,43,Male,Single,University,Employed,115,261200,19,1,0,0.61,0,1,1,0,0.42,Medium,Low_Risk
CUST2657,42,Male,Single,Primary,Employed,164,91853,15,1,1,0.55,1,1,1,0,0.42,Low,Low_Risk
CUST0287,22,Female,Single,University,Self-employed,139,179296,17,2,0,0.93,1,0,0,0,0.42,Medium,Low_Risk
CUST2051,29,Female,Married,Primary,Employed,167,284381,10,2,0,0.93,0,1,1,0,0.42,Low,Low_Risk
CUST2291,33,Male,Married,University,Employed,141,338693,13,2,0,0.79,2,1,1,0,0.42,Medium,Low_Risk
CUST1063,37,Male,Married,,Employed,165,2702,17,1,1,0.54,0,1,0,0,0.42,Low,Low_Risk
CUST0545,35,Female,Single,University,Employed,127,179920,19,4,0,0.64,0,1,1,0,0.42,High,Low_Risk
CUST0329,32,Male,Married,Primary,Employed,153,41035,18,3,0,0.7,0,0,0,0,0.42,Medium,Low_Risk
CUST1619,45,Female,Married,,Employed,162,190555,13,3,0,0.62,0,1,0,0,0.42,Medium,Low_Risk
CUST2648,39,Male,Single,,Employed,164,51087,16,3,0,0.64,0,0,0,0,0.42,Medium,Low_Risk
CUST2710,32,Male,Single,University,Employed,160,34255,17,4,1,0.68,1,1,0,0,0.42,High,Low_Risk
CUST0433,32,Female,Single,University,Employed,69,873749,12,2,0,0.85,1,1,0,0,0.42,Low,Low_Risk
CUST2857,45,Male,Married,University,Self-employed,70,827833,13,4,0,0.78,0,1,0,0,0.42,Medium,Low_Risk
CUST2579,18,Female,Divorced,,Unemployed,174,193321,11,3,0,0.93,2,1,1,0,0.42,Medium,Low_Risk
CUST2862,27,Male,Married,Primary,Unemployed,128,123501,20,2,0,0.87,1,1,1,0,0.419,Medium,Low_Risk
CUST2788,55,Female,Divorced,Secondary,Self-employed,166,119429,14,3,1,0.65,1,1,0,0,0.419,Medium,Low_Risk
CUST0471,25,Female,Married,Primary,Self-employed,130,155230,19,1,1,0.79,4,1,0,0,0.419,Medium,Medium_Risk
CUST0271,41,Female,Single,University,Employed,149,236923,14,3,0,0.88,1,1,0,0,0.419,Medium,Low_Risk
CUST0677,27,Male,Single,Primary,Employed,70,354001,24,3,0,0.65,0,0,0,0,0.419,High,Low_Risk
CUST2546,24,Female,Single,Primary,Self-employed,162,105351,15,1,0,0.89,0,1,0,0,0.419,Low,Low_Risk
CUST1733,36,Male,Married,Primary,Employed,152,87348,17,2,0,0.84,2,1,1,0,0.419,Medium,Low_Risk
CUST2900,43,Female,Married,Primary,Employed,163,12770,17,2,0,0.81,2,1,1,0,0.419,Medium,Low_Risk
CUST1942,31,Female,Married,Primary,Employed,142,154822,17,1,0,0.78,1,0,0,0,0.419,Low,Low_Risk
CUST1805,54,Male,Single,Secondary,Employed,160,243350,12,2,0,0.92,2,1,0,0,0.419,Low,Low_Risk
CUST1845,30,Female,Married,,Unemployed,145,177048,16,4,0,0.98,3,0,1,0,0.419,Medium,Low_Risk
CUST2393,30,Male,Single,Primary,Self-employed,171,40705,15,4,0,1.0,1,1,0,0,0.419,Medium,Low_Risk
CUST1520,31,Female,Married,Secondary,Self-employed,137,64700,20,3,0,0.65,2,1,1,0,0.419,Medium,Low_Risk
CUST2051,48,Female,Single,Secondary,Employed,137,149168,18,1,0,0.8,1,1,0,0,0.419,Medium,Low_Risk
CUST0905,38,Male,Married,Secondary,Self-employed,125,529617,11,2,1,0.55,1,1,0,0,0.419,Low,Low_Risk
CUST1989,44,Female,Married,,Unemployed,146,212822,15,4,0,0.84,0,0,1,0,0.419,Medium,Low_Risk
CUST1798,35,Female,Single,Primary,Employed,149,21212,19,1,0,0.71,4,0,0,0,0.419,Medium,Low_Risk
CUST2033,32,Female,Single,Primary,Unemployed,176,133268,12,1,0,0.56,0,1,1,0,0.419,Low,Low_Risk
CUST0242,18,Male,Single,Secondary,Employed,159,80310,16,3,0,0.59,0,1,0,0,0.419,Medium,Low_Risk
CUST2499,23,Female,Married,Primary,Self-employed,160,72756,16,1,0,0.82,1,0,1,0,0.419,Low,Low_Risk
CUST0403,38,Female,Married,Secondary,Self-employed,143,147830,17,4,0,0.81,0,1,0,0,0.419,High,Low_Risk
CUST2193,18,Female,Single,,Unemployed,162,102145,15,2,0,0.63,1,1,0,0,0.419,Medium,Low_Risk
CUST2781,22,Female,Single,Secondary,Employed,163,95402,15,3,0,0.9,2,1,0,0,0.419,Medium,Low_Risk
CUST0429,45,Male,Married,University,Employed,155,65032,17,1,0,0.73,1,1,0,0,0.419,Low,Low_Risk
CUST0338,27,Male,Married,,Unemployed,37,921323,16,1,0,0.58,0,1,0,0,0.419,Low,Low_Risk
CUST2772,27,Female,Single,Primary,Employed,148,282061,13,1,1,0.53,0,1,0,0,0.418,Low,Low_Risk
CUST1552,18,Male,Married,University,Employed,128,460853,12,3,1,0.62,2,1,1,0,0.418,Medium,Low_Risk
CUST1982,31,Female,Single,University,Employed,174,60537,14,2,0,0.81,0,0,0,0,0.418,Medium,Low_Risk
CUST0354,23,Female,Married,Primary,Self-employed,145,2761,20,2,0,0.57,1,1,1,0,0.418,Medium,Low_Risk
CUST0329,31,Male,Single,Primary,Employed,179,66158,13,3,0,0.65,0,1,1,0,0.418,Medium,Low_Risk
CUST1538,18,Female,Single,,Employed,161,191173,13,1,0,0.87,0,1,1,0,0.418,Low,Low_Risk
CUST2339,20,Male,Divorced,Secondary,Self-employed,145,174719,16,1,0,0.88,2,1,1,0,0.418,Low,Low_Risk
CUST1300,34,Male,Married,,Unemployed,145,129457,17,2,2,0.89,0,1,0,0,0.418,Medium,Low_Risk
CUST2301,46,Male,Married,Secondary,Employed,157,133329,15,2,1,0.99,0,1,1,0,0.418,Medium,Low_Risk
CUST0644,35,Male,Married,Primary,Self-employed,148,27387,19,4,1,0.87,1,0,1,0,0.418,High,Low_Risk
CUST1922,24,Male,Married,Secondary,Self-employed,126,8077,23,2,0,0.85,0,1,0,0,0.418,Medium,Low_Risk
CUST2578,28,Male,Married,Secondary,Unemployed,140,379808,12,3,0,0.52,2,1,1,0,0.418,Medium,Low_Risk
CUST1774,34,Female,Single,Secondary,Employed,154,280926,12,2,0,0.81,3,1,1,0,0.418,Low,Low_Risk
CUST2429,30,Male,Married,,Employed,157,175036,14,2,0,0.95,1,1,0,0,0.418,Medium,Low_Risk
CUST2021,27,Female,Married,Primary,Self-employed,145,86779,18,1,0,0.53,1,0,0,0,0.418,Medium,Low_Risk
CUST1012,39,Female,Married,,Employed,126,261004,17,3,0,0.6,0,1,1,0,0.418,Medium,Low_Risk
CUST0551,21,Male,Married,Secondary,Employed,175,51572,14,1,0,0.99,1,1,0,0,0.418,Low,Low_Risk
CUST1053,56,Female,Married,Primary,Self-employed,156,225583,13,1,0,0.92,2,1,0,0,0.418,Low,Low_Risk
CUST1536,19,Female,Married,Primary,Employed,167,106158,14,4,0,0.96,2,1,0,0,0.418,Medium,Low_Risk
CUST0108,31,Female,Married,Secondary,Self-employed,157,171771,14,1,1,0.91,0,1,1,0,0.417,Low,Low_Risk
CUST0783,40,Male,Divorced,Secondary,Employed,141,68078,19,2,0,0.68,1,1,0,0,0.417,Medium,Low_Risk
CUST2677,20,Male,Married,,Self-employed,158,121092,15,1,0,0.99,2,1,0,0,0.417,Low,Low_Risk
CUST2381,54,Female,Single,Secondary,Employed,141,197644,16,2,0,0.96,1,1,0,0,0.417,Medium,Low_Risk
CUST0107,45,Female,Single,University,Employed,90,420360,19,3,0,0.81,1,0,1,0,0.417,Medium,Low_Risk
CUST2650,33,Female,Married,University,Employed,125,178759,19,2,0,0.5,3,0,0,0,0.417,Medium,Low_Risk
CUST1690,42,Female,Married,University,Self-employed,167,146153,13,1,1,0.88,1,0,0,0,0.417,Low,Low_Risk
CUST0886,48,Male,Divorced,Secondary,Employed,143,225984,15,1,0,0.6,2,0,0,0,0.417,Low,Low_Risk
CUST2028,48,Male,Single,Secondary,Employed,148,148029,16,2,0,0.99,2,1,0,0,0.417,Medium,Low_Risk
CUST1420,29,Female,Single,Secondary,Unemployed,128,73500,21,3,0,0.62,1,0,0,0,0.417,Medium,Low_Risk
CUST2425,33,Female,Single,Primary,Employed,162,96651,15,1,0,0.67,0,1,0,0,0.417,Low,Low_Risk
CUST0752,28,Female,Married,Primary,Self-employed,149,58574,18,2,0,0.63,1,1,0,0,0.417,Medium,Low_Risk
CUST0079,31,Male,Married,University,Employed,150,133876,16,2,0,0.81,2,1,1,0,0.417,Medium,Low_Risk
CUST2586,36,Female,Married,Secondary,Self-employed,177,77036,13,2,0,0.86,1,1,0,0,0.417,Medium,Low_Risk
CUST0441,31,Male,Single,,Self-employed,168,140533,13,2,0,0.77,0,1,0,0,0.417,Medium,Low_Risk
CUST0401,42,Female,Single,Secondary,Employed,108,168866,22,1,0,0.57,1,0,0,0,0.417,Medium,Low_Risk
CUST2920,21,Female,Married,Secondary,Employed,140,157518,17,1,0,0.73,0,1,1,0,0.416,Low,Low_Risk
CUST1862,31,Female,Married,Primary,Self-employed,130,224524,17,1,0,0.83,0,0,0,0,0.416,Low,Low_Risk
CUST1316,38,Male,Married,Primary,Employed,168,8165,16,1,0,0.81,0,1,0,0,0.416,Low,Low_Risk
CUST2881,24,Female,Married,Secondary,Employed,135,232899,16,2,0,0.82,2,1,0,0,0.416,Medium,Low_Risk
CUST1379,45,Female,Married,Primary,Self-employed,165,114096,14,3,0,0.82,1,0,0,0,0.416,Medium,Low_Risk
CUST1197,40,Male,Single,Secondary,Employed,168,6480,16,1,0,0.92,0,0,1,0,0.416,Low,Low_Risk
CUST0204,23,Male,Married,Secondary,Self-employed,132,508823,10,1,0,0.62,3,1,1,0,0.416,Low,Low_Risk
CUST1156,19,Male,Married,University,Employed,156,216224,13,2,0,0.64,2,1,1,0,0.416,Medium,Low_Risk
CUST2889,33,Female,Divorced,Secondary,Unemployed,162,133898,14,1,0,0.81,2,0,0,0,0.416,Low,Low_Risk
CUST0250,53,Female,Single,Secondary,Self-employed,139,81412,19,1,0,0.97,1,1,1,0,0.416,Medium,Low_Risk
CUST0398,38,Male,Single,Secondary,Employed,145,36854,19,2,0,0.77,1,1,0,0,0.416,Medium,Low_Risk
CUST0200,18,Male,Married,Primary,Employed,130,312863,15,2,0,0.74,1,1,0,0,0.416,Medium,Low_Risk
CUST0185,41,Female,Single,Secondary,Employed,134,113611,19,1,0,0.9,3,1,1,0,0.416,Medium,Low_Risk
CUST1110,40,Female,Married,Secondary,Employed,162,132226,14,2,0,0.67,1,1,0,0,0.416,Medium,Low_Risk
CUST1211,43,Female,Married,,Self-employed,176,205416,10,1,0,0.58,1,1,0,0,0.416,Low,Low_Risk
CUST0193,39,Female,Divorced,Primary,Employed,145,36466,19,2,2,0.69,1,1,0,0,0.416,Medium,Medium_Risk
CUST2509,50,Female,Married,,Employed,157,169866,14,2,0,0.54,2,1,0,0,0.416,Medium,Low_Risk
CUST1323,36,Male,Single,University,Self-employed,119,215138,19,1,0,0.56,3,1,0,0,0.416,Medium,Low_Risk
CUST0772,40,Female,Single,Secondary,Self-employed,158,247363,12,1,0,0.81,2,1,0,0,0.416,Low,Low_Risk
CUST1405,18,Male,Married,Secondary,Employed,175,45214,14,2,0,0.71,2,0,0,0,0.416,Medium,Low_Risk
CUST0526,49,Female,Single,Secondary,Employed,118,94045,22,2,0,0.89,0,1,0,0,0.415,Medium,Low_Risk
CUST1109,45,Female,Married,University,Employed,121,158443,20,1,0,0.95,0,0,1,0,0.415,Medium,Low_Risk
CUST2708,32,Male,Married,Primary,Unemployed,142,182217,16,2,0,0.55,2,1,0,0,0.415,Medium,Low_Risk
CUST0517,36,Female,Divorced,,Employed,111,478767,14,1,0,0.78,1,1,0,0,0.415,Low,Low_Risk
CUST1847,18,Male,Married,Primary,Self-employed,163,123715,14,1,0,0.85,1,1,1,0,0.415,Low,Low_Risk
CUST2962,53,Male,Divorced,University,Self-employed,160,17197,17,2,0,0.84,0,0,0,0,0.415,Medium,Low_Risk
CUST2758,31,Male,Married,University,Self-employed,156,86522,16,2,0,0.85,0,1,0,0,0.415,Medium,Low_Risk
CUST1936,23,Male,Married,Secondary,Employed,155,5975,18,4,0,0.64,0,1,0,0,0.415,High,Low_Risk
CUST0796,28,Female,Single,Secondary,Employed,174,5541,15,2,0,0.97,0,1,1,0,0.415,Medium,Low_Risk
CUST0712,19,Male,Married,Secondary,Self-employed,163,79085,15,2,0,0.84,1,1,0,0,0.415,Medium,Low_Risk
CUST1685,27,Male,Married,University,Self-employed,173,94851,13,1,0,0.72,0,1,0,0,0.415,Low,Low_Risk
CUST1445,40,Male,Married,Secondary,Employed,112,135335,22,4,0,0.8,1,1,1,0,0.415,High,Low_Risk
CUST2987,28,Male,Single,University,Employed,148,57645,18,3,0,0.98,1,1,1,0,0.415,Medium,Low_Risk
CUST0462,34,Male,Single,Primary,Employed,113,422330,15,4,0,0.66,0,1,0,0,0.415,Medium,Low_Risk
CUST2664,38,Male,Single,University,Employed,130,50764,21,1,2,0.91,3,1,0,0,0.415,Medium,Medium_Risk
CUST0018,48,Male,Single,Secondary,Employed,177,24170,14,4,0,0.52,0,1,0,0,0.415,Medium,Low_Risk
CUST1318,33,Male,Single,Primary,Employed,134,23981,21,1,0,0.61,0,1,1,0,0.415,Medium,Low_Risk
CUST2581,33,Female,Single,Primary,Self-employed,169,40478,15,2,0,0.83,3,0,0,0,0.415,Medium,Low_Risk
CUST0653,30,Male,Married,Primary,Self-employed,169,37822,15,2,0,0.83,0,1,1,0,0.415,Medium,Low_Risk
CUST2974,44,Female,Divorced,Primary,Employed,151,78067,17,4,0,0.82,0,1,0,0,0.415,High,Low_Risk
CUST1426,51,Male,Single,,Employed,158,28045,17,1,0,0.53,1,1,0,0,0.415,Low,Low_Risk
CUST2078,29,Female,Single,University,Self-employed,116,403418,15,1,0,0.7,1,1,1,0,0.415,Low,Low_Risk
CUST0836,40,Female,Divorced,Primary,Unemployed,154,185007,14,2,0,0.87,1,1,0,0,0.415,Medium,Low_Risk
CUST1965,43,Male,Single,Primary,Employed,101,292894,20,2,1,0.57,2,1,0,0,0.415,Medium,Low_Risk
CUST2646,50,Male,Married,University,Self-employed,172,18847,15,2,0,0.92,4,1,0,0,0.415,Medium,Low_Risk
CUST1799,23,Male,Single,Primary,Employed,116,64434,23,3,0,0.58,2,1,0,0,0.415,High,Low_Risk
CUST0514,22,Female,Married,Primary,Unemployed,123,55891,22,3,0,0.62,2,1,0,0,0.415,High,Low_Risk
CUST0818,34,Female,Single,Primary,Self-employed,124,476434,12,4,0,0.68,2,1,0,0,0.415,Medium,Low_Risk
CUST2560,48,Female,Married,Secondary,Self-employed,166,143944,13,2,0,0.8,1,1,1,0,0.415,Medium,Low_Risk
CUST0983,41,Female,Single,Primary,Unemployed,131,216841,17,2,0,0.54,0,0,0,0,0.415,Medium,Low_Risk
CUST0090,30,Male,Single,Secondary,Unemployed,127,242245,17,2,0,0.58,1,1,1,0,0.415,Medium,Low_Risk
CUST0201,37,Female,Married,Primary,Unemployed,157,158300,14,1,0,0.88,1,0,0,0,0.414,Low,Low_Risk
CUST0659,34,Male,Married,Primary,Self-employed,179,180170,10,3,0,0.51,4,0,0,0,0.414,Medium,Low_Risk
CUST0621,34,Female,Divorced,,Employed,164,112198,14,1,0,0.68,1,1,0,0,0.414,Low,Low_Risk
CUST1061,38,Male,Married,Secondary,Employed,161,176513,13,1,0,0.96,3,1,0,0,0.414,Low,Low_Risk
CUST1943,35,Male,Married,Secondary,Self-employed,140,149774,17,3,0,0.77,0,1,1,0,0.414,Medium,Low_Risk
CUST1449,18,Male,Married,University,Self-employed,137,44175,20,1,0,0.66,0,0,0,0,0.414,Medium,Low_Risk
CUST0005,30,Male,Divorced,Primary,Employed,132,205192,17,1,0,0.7,1,0,0,0,0.414,Low,Low_Risk
CUST0627,31,Female,Married,Secondary,Employed,169,415815,6,1,1,0.74,0,1,0,0,0.414,Low,Low_Risk
CUST1503,24,Male,Married,University,Employed,164,110201,14,2,0,0.54,1,0,0,0,0.414,Medium,Low_Risk
CUST0863,56,Male,Married,,Employed,155,88980,16,2,0,0.75,2,0,1,0,0.414,Medium,Low_Risk
CUST0786,40,Male,Divorced,University,Employed,134,147525,18,3,0,0.89,2,1,0,0,0.414,Medium,Low_Risk
CUST0277,29,Female,Single,University,Employed,134,277531,15,1,0,0.68,0,0,0,0,0.414,Low,Low_Risk
CUST2251,43,Female,Single,,Employed,138,78907,19,1,0,0.76,2,0,0,0,0.414,Medium,Low_Risk
CUST2580,30,Female,Single,Primary,Employed,150,39013,18,1,0,0.82,1,0,1,0,0.414,Medium,Low_Risk
CUST1350,25,Female,Divorced,Primary,Unemployed,132,368664,13,2,0,0.64,2,1,1,0,0.413,Medium,Low_Risk
CUST2974,51,Female,Divorced,Primary,Employed,121,275065,17,3,0,0.88,0,0,0,0,0.413,Medium,Low_Risk
CUST2886,24,Female,Married,Primary,Self-employed,157,28191,17,1,1,0.63,0,1,0,0,0.413,Low,Low_Risk
CUST2242,42,Male,Divorced,Primary,Employed,170,191815,11,1,0,0.79,1,1,0,0,0.413,Low,Low_Risk
CUST1291,51,Female,Single,University,Unemployed,102,195534,22,4,1,0.79,1,0,0,0,0.413,High,Low_Risk
CUST1792,21,Male,Single,Secondary,Employed,97,483498,16,2,0,0.6,0,1,1,0,0.413,Medium,Low_Risk
CUST0444,40,Female,Single,Secondary,Self-employed,145,494858,8,3,0,0.85,1,0,1,0,0.413,Medium,Low_Risk
CUST0772,35,Male,Married,University,Employed,167,1735,16,1,0,0.77,2,1,0,0,0.413,Low,Low_Risk
CUST2946,34,Female,Married,Secondary,Employed,149,41497,18,2,0,0.75,0,1,1,0,0.413,Medium,Low_Risk
CUST1335,40,Male,Married,Secondary,Employed,131,249305,16,2,1,0.65,1,1,0,0,0.413,Medium,Low_Risk
CUST2876,50,Male,Single,Secondary,Employed,158,146771,14,2,0,0.62,1,1,1,0,0.413,Medium,Low_Risk
CUST1639,34,Male,Married,Secondary,Self-employed,142,174823,16,1,0,0.99,0,0,0,0,0.413,Low,Low_Risk
CUST2770,30,Male,Married,Primary,Employed,179,5198,14,1,0,0.7,0,1,0,0,0.413,Low,Low_Risk
CUST1001,37,Female,Married,University,Employed,149,41660,18,3,0,0.81,0,0,0,0,0.413,Medium,Low_Risk
CUST2341,30,Male,Single,Secondary,Employed,134,358284,13,1,0,0.8,1,0,0,0,0.413,Low,Low_Risk
CUST2226,36,Female,Married,Secondary,Self-employed,171,16136,15,2,0,0.72,0,1,0,0,0.413,Medium,Low_Risk
CUST2455,34,Female,Married,Secondary,Employed,150,159499,15,2,0,0.71,2,1,1,0,0.413,Medium,Low_Risk
CUST2829,36,Male,Divorced,Primary,Self-employed,109,62899,24,1,0,0.87,0,0,0,0,0.413,Medium,Low_Risk
CUST1846,35,Female,Single,Secondary,Unemployed,161,43898,16,3,0,0.54,0,1,0,0,0.413,Medium,Low_Risk
CUST0279,39,Female,Single,Secondary,Employed,166,303023,9,3,0,0.65,1,1,1,0,0.412,Medium,Low_Risk
CUST1056,43,Female,Single,Primary,Employed,165,53245,15,2,0,0.99,0,1,0,0,0.412,Medium,Low_Risk
CUST1717,20,Male,Married,University,Employed,166,89670,14,1,0,0.91,0,1,1,0,0.412,Low,Low_Risk
CUST2661,31,Male,Single,Secondary,Employed,165,140954,13,1,0,0.51,1,1,0,0,0.412,Low,Low_Risk
CUST2403,33,Female,Married,Secondary,Unemployed,124,82114,21,1,0,0.79,1,0,0,0,0.412,Medium,Low_Risk
CUST0181,29,Female,Single,University,Employed,179,128657,11,2,1,0.9,2,1,0,0,0.412,Low,Low_Risk
CUST2541,36,Male,Single,University,Employed,169,152444,12,2,0,0.66,0,1,0,0,0.412,Low,Low_Risk
CUST2907,38,Female,Single,University,Employed,129,387098,13,3,0,0.76,0,0,0,0,0.412,Medium,Low_Risk
CUST2450,35,Male,Married,Secondary,Unemployed,120,108231,21,1,0,0.58,1,1,0,0,0.412,Medium,Low_Risk
CUST2964,18,Female,Married,Secondary,Self-employed,147,219582,14,1,1,0.56,0,1,0,0,0.412,Low,Low_Risk
CUST1216,36,Female,Single,Secondary,Self-employed,163,23783,16,1,0,0.71,4,1,1,0,0.412,Low,Low_Risk
CUST2872,45,Male,Married,Primary,Self-employed,133,273237,15,1,0,0.55,1,1,0,0,0.412,Low,Low_Risk
CUST2840,31,Female,Married,University,Self-employed,164,104916,14,3,0,0.87,0,1,1,0,0.412,Medium,Low_Risk
CUST2555,35,Female,Single,University,Self-employed,122,180126,19,4,0,0.69,1,0,0,0,0.412,High,Low_Risk
CUST0421,55,Female,Married,Secondary,Employed,127,230454,17,3,0,0.62,1,0,0,0,0.412,Medium,Low_Risk
CUST0151,30,Female,Single,Secondary,Self-employed,118,290994,17,2,0,0.8,2,1,0,0,0.412,Medium,Low_Risk
CUST2803,43,Male,Divorced,Primary,Self-employed,89,448314,18,1,0,0.8,1,1,0,0,0.412,Medium,Low_Risk
CUST2346,25,Male,Married,Secondary,Self-employed,162,31382,16,1,0,0.56,1,1,0,0,0.412,Low,Low_Risk
CUST0296,44,Male,Married,,Employed,135,90457,19,2,0,0.6,1,1,0,0,0.412,Medium,Low_Risk
CUST2469,43,Male,Married,,Employed,127,359706,14,1,0,0.77,1,1,1,0,0.412,Low,Low_Risk
CUST1923,40,Male,Divorced,Secondary,Unemployed,150,541663,6,1,0,0.94,2,0,1,0,0.412,Low,Low_Risk
CUST0130,52,Male,Single,Secondary,Self-employed,150,114190,16,1,0,0.56,1,0,1,0,0.412,Low,Low_Risk
CUST0986,40,Male,Single,Primary,Self-employed,114,188411,20,4,1,0.51,0,1,0,0,0.411,High,Low_Risk
CUST1030,21,Female,Married,Secondary,Employed,89,317125,21,2,0,0.93,0,1,0,0,0.411,Medium,Low_Risk
CUST0049,27,Female,Married,Primary,Employed,166,43324,15,2,0,0.73,3,1,0,0,0.411,Medium,Low_Risk
CUST1753,43,Male,Married,Secondary,Employed,164,57425,15,2,0,0.96,1,1,0,0,0.411,Medium,Low_Risk
CUST2356,23,Female,Divorced,Secondary,Self-employed,145,104104,17,2,0,0.59,2,1,0,0,0.411,Medium,Low_Risk
CUST2070,36,Male,Married,Primary,Employed,109,97283,23,1,1,0.72,1,1,0,0,0.411,Medium,Low_Risk
CUST2830,32,Female,Single,Primary,Self-employed,131,114840,19,1,0,0.79,0,0,0,0,0.411,Medium,Low_Risk
CUST0867,24,Male,Divorced,Secondary,Unemployed,141,2194,20,4,0,0.92,3,0,0,0,0.411,High,Low_Risk
CUST1256,37,Male,Single,,Unemployed,172,213615,10,2,1,0.81,0,0,1,0,0.411,Low,Low_Risk
CUST1924,31,Male,Married,Secondary,Employed,153,218664,13,1,0,0.68,2,1,0,0,0.411,Low,Low_Risk
CUST1804,45,Female,Single,Secondary,Self-employed,113,239673,19,4,1,0.56,1,1,0,0,0.411,High,Low_Risk
CUST1232,18,Male,Married,University,Employed,127,12517,22,3,0,0.97,1,1,1,0,0.411,High,Low_Risk
CUST0334,32,Female,Married,Primary,Employed,153,176051,14,3,1,0.69,1,1,0,0,0.411,Medium,Low_Risk
CUST0375,40,Male,Single,Primary,Employed,141,216976,15,3,0,0.8,3,0,0,0,0.411,Medium,Low_Risk
CUST2061,26,Female,Single,Secondary,Employed,131,282547,15,1,0,0.94,3,1,1,0,0.411,Low,Low_Risk
CUST1727,20,Male,Single,Primary,Employed,174,73691,13,3,0,0.9,1,1,1,0,0.411,Medium,Low_Risk
CUST0065,23,Female,Single,Primary,Employed,111,210351,20,3,1,0.61,1,0,0,0,0.411,Medium,Low_Risk
CUST2122,29,Female,Single,University,Employed,132,21406,21,1,0,0.88,1,1,0,0,0.411,Medium,Low_Risk
CUST1321,23,Female,Married,Primary,Employed,99,122466,24,2,0,0.63,1,1,1,0,0.411,Medium,Low_Risk
CUST1519,45,Female,Divorced,Secondary,Employed,121,183243,19,2,0,0.79,2,1,0,0,0.411,Medium,Low_Risk
CUST1249,39,Male,Single,Primary,Self-employed,135,252154,15,4,0,0.62,4,1,0,0,0.41,Medium,Low_Risk
CUST1651,46,Female,Single,,Employed,126,57342,21,1,1,0.56,1,0,0,0,0.41,Medium,Low_Risk
CUST0107,27,Male,Married,Secondary,Self-employed,157,57263,16,2,0,0.94,1,1,1,0,0.41,Medium,Low_Risk
CUST0754,34,Male,Single,Secondary,Unemployed,133,9919,21,1,0,0.67,1,1,0,0,0.41,Medium,Low_Risk
CUST1430,40,Female,Single,University,Employed,134,3956,21,2,0,0.58,0,1,0,0,0.41,Medium,Low_Risk
CUST0359,32,Male,Single,University,Employed,114,184175,20,2,0,0.51,2,1,0,0,0.41,Medium,Low_Risk
CUST0326,49,Male,Married,Primary,Self-employed,139,99214,18,4,1,0.94,2,1,0,0,0.41,High,Low_Risk
CUST1552,28,Male,Married,Secondary,Employed,79,296033,23,3,0,0.69,1,1,0,0,0.41,High,Low_Risk
CUST1056,50,Male,Single,University,Employed,131,152608,18,1,0,0.99,1,1,0,0,0.41,Medium,Low_Risk
CUST0635,23,Female,Married,Primary,Employed,128,470409,11,1,0,0.74,0,1,1,0,0.41,Low,Low_Risk
CUST0754,20,Male,Married,Secondary,Employed,163,18731,16,4,1,0.52,1,1,0,0,0.41,Medium,Low_Risk
CUST0913,49,Female,Married,Secondary,Unemployed,165,298816,9,1,0,0.7,1,0,1,0,0.41,Low,Low_Risk
CUST2960,26,Female,Divorced,Secondary,Employed,139,55080,19,2,0,0.58,0,0,0,0,0.41,Medium,Low_Risk
CUST2525,39,Male,Married,Primary,Employed,167,73514,14,2,0,0.77,1,0,0,0,0.41,Medium,Low_Risk
CUST1844,47,Male,Single,Secondary,Self-employed,168,110593,13,1,0,0.64,3,1,1,0,0.41,Low,Low_Risk
CUST2807,44,Male,Married,University,Self-employed,112,156338,21,1,0,0.59,2,1,1,0,0.41,Medium,Low_Risk
CUST0357,28,Male,Single,Primary,Employed,165,89919,14,2,0,0.97,0,0,0,0,0.41,Medium,Low_Risk
CUST0893,27,Female,Married,Secondary,Self-employed,140,133594,17,2,0,0.74,1,1,0,0,0.41,Medium,Low_Risk
CUST1405,42,Female,Single,Secondary,Self-employed,138,104634,18,1,0,0.98,2,0,0,0,0.41,Medium,Low_Risk
CUST1542,55,Female,Married,,Unemployed,140,345816,12,1,1,0.98,3,1,0,0,0.41,Low,Medium_Risk
CUST2929,44,Female,Divorced,Secondary,Self-employed,109,261382,19,3,0,0.6,0,0,1,0,0.41,Medium,Low_Risk
CUST0638,33,Female,Married,Secondary,Employed,166,123841,13,1,0,0.74,0,0,0,0,0.41,Low,Low_Risk
CUST2681,27,Female,Single,Primary,Employed,175,102781,12,1,0,0.93,0,1,0,0,0.41,Low,Low_Risk
CUST1638,18,Female,Single,Secondary,Self-employed,60,848139,13,1,0,0.83,1,1,0,0,0.409,Low,Low_Risk
CUST1068,37,Female,Single,,Employed,126,139213,19,2,0,0.79,2,1,0,0,0.409,Medium,Low_Risk
CUST0327,36,Female,Single,University,Self-employed,160,204552,12,3,0,0.76,1,1,0,0,0.409,Medium,Low_Risk
CUST2650,41,Female,Married,Primary,Self-employed,100,575602,13,1,0,0.68,1,0,0,0,0.409,Low,Low_Risk
CUST2379,32,Male,Single,University,Employed,120,268301,17,2,0,0.66,2,1,1,0,0.409,Medium,Low_Risk
CUST2245,41,Female,Married,Secondary,Unemployed,153,207287,13,2,0,0.84,2,1,1,0,0.409,Medium,Low_Risk
CUST0474,24,Male,Single,,Employed,132,13042,21,1,0,0.62,0,1,1,0,0.409,Medium,Low_Risk
CUST1050,51,Male,Single,University,Employed,180,65423,12,1,0,0.84,1,1,0,0,0.409,Low,Low_Risk
CUST0716,30,Female,Married,Secondary,Employed,166,118682,13,2,0,0.68,1,1,0,0,0.409,Medium,Low_Risk
CUST0483,24,Male,Married,University,Self-employed,116,252622,18,2,0,0.53,2,1,0,0,0.409,Medium,Low_Risk
CUST0713,41,Female,Single,Primary,Employed,148,30501,18,4,0,0.51,1,0,0,0,0.409,High,Low_Risk
CUST2030,28,Male,Single,Secondary,Employed,132,57549,20,3,0,0.56,1,0,1,0,0.409,Medium,Low_Risk
CUST0773,22,Female,Divorced,Primary,Employed,97,171830,23,2,0,0.76,0,1,1,0,0.409,Medium,Low_Risk
CUST1151,41,Female,Single,University,Employed,68,495252,20,1,0,0.59,0,0,0,0,0.409,Medium,Low_Risk
CUST2536,32,Male,Single,University,Employed,172,76671,13,4,0,0.92,1,1,0,0,0.409,Medium,Low_Risk
CUST0090,35,Female,Single,Primary,Employed,136,112378,18,2,0,0.87,1,1,1,0,0.409,Medium,Low_Risk
CUST0785,36,Female,Married,Secondary,Self-employed,149,24562,18,1,1,0.81,1,0,1,0,0.409,Medium,Low_Risk
CUST1905,37,Female,Married,Primary,Self-employed,149,68352,17,3,1,0.63,2,1,0,0,0.409,Medium,Low_Risk
CUST1027,45,Male,Married,Secondary,Employed,92,331114,20,2,1,0.83,1,1,0,0,0.409,Medium,Low_Risk
CUST1059,31,Female,Single,Secondary,Employed,88,401682,19,1,0,0.63,1,1,0,0,0.409,Medium,Low_Risk
CUST2673,29,Male,Married,,Employed,77,181696,26,2,0,0.84,0,1,0,0,0.409,Medium,Low_Risk
CUST2126,32,Male,Divorced,Primary,Employed,159,41073,16,1,0,0.88,0,1,0,0,0.409,Low,Low_Risk
CUST2977,27,Female,Married,Secondary,Employed,169,12884,15,2,0,0.71,1,1,0,0,0.409,Medium,Low_Risk
CUST1561,33,Male,Married,Secondary,Employed,151,49814,17,4,0,0.51,1,0,0,0,0.408,High,Low_Risk
CUST0249,37,Female,Single,Primary,Self-employed,179,151777,10,2,0,0.51,0,1,0,0,0.408,Low,Low_Risk
CUST1162,22,Female,Married,Secondary,Employed,180,188132,9,1,0,0.95,2,1,1,0,0.408,Low,Low_Risk
CUST1682,36,Female,Married,Primary,Employed,116,502657,12,1,0,0.75,0,1,0,0,0.408,Low,Low_Risk
CUST2198,32,Female,Married,University,Employed,114,517073,12,1,0,0.71,0,1,0,0,0.408,Low,Low_Risk
CUST1335,31,Female,Married,Primary,Self-employed,145,88353,17,1,0,0.79,2,1,0,0,0.408,Low,Low_Risk
CUST2387,35,Female,Married,University,Self-employed,150,142013,15,3,1,0.95,0,1,1,0,0.408,Medium,Low_Risk
CUST0198,46,Male,Single,Primary,Employed,115,126801,21,4,0,0.63,1,1,0,0,0.408,High,Low_Risk
CUST2521,38,Female,Single,Primary,Self-employed,141,202283,15,2,0,0.87,0,0,1,0,0.408,Medium,Low_Risk
CUST2718,33,Male,Single,Primary,Self-employed,112,317222,17,3,0,0.86,0,1,0,0,0.408,Medium,Low_Risk
CUST0534,33,Female,Single,Secondary,Unemployed,76,650168,15,2,0,0.62,2,0,0,0,0.408,Medium,Low_Risk
CUST1314,47,Male,Married,Primary,Employed,115,253827,18,3,0,0.55,1,1,0,0,0.408,Medium,Low_Risk
CUST1048,28,Female,Married,Primary,Employed,158,729,17,1,0,0.68,0,1,0,0,0.408,Low,Low_Risk
CUST0685,51,Male,Divorced,Secondary,Self-employed,79,629872,15,1,0,0.77,3,0,0,0,0.408,Low,Low_Risk
CUST2926,29,Female,Single,Primary,Self-employed,151,48002,17,3,0,0.59,0,0,1,0,0.408,Medium,Low_Risk
CUST1114,23,Female,Single,Secondary,Self-employed,154,72313,16,3,1,0.77,1,1,1,0,0.408,Medium,Low_Risk
CUST1469,50,Female,Married,Secondary,Unemployed,148,21193,18,4,0,0.75,0,1,1,0,0.407,High,Low_Risk
CUST0261,41,Female,Married,Primary,Employed,162,55141,15,1,0,0.98,1,1,0,0,0.407,Low,Low_Risk
CUST2175,32,Male,Single,Secondary,Self-employed,143,16630,19,2,0,0.91,0,0,1,0,0.407,Medium,Low_Risk
CUST0929,30,Female,Single,,Employed,99,191986,22,1,0,0.67,2,0,1,0,0.407,Medium,Low_Risk
CUST0199,40,Male,Single,Primary,Employed,121,335658,15,2,2,0.52,0,1,0,0,0.407,Medium,Low_Risk
CUST1652,25,Female,Single,Secondary,Employed,141,242589,14,1,0,0.98,1,1,0,0,0.407,Low,Low_Risk
CUST2170,32,Male,Married,Secondary,Employed,77,595294,16,1,0,0.56,1,0,0,0,0.407,Low,Low_Risk
CUST0720,42,Female,Single,,Self-employed,158,125226,14,1,0,0.91,1,0,0,0,0.407,Low,Low_Risk
CUST0370,54,Male,Married,University,Employed,164,39430,15,4,0,0.92,1,0,1,0,0.407,Medium,Low_Risk
CUST0740,18,Female,Single,Primary,Employed,101,560982,13,2,0,0.67,0,1,1,0,0.407,Medium,Low_Risk
CUST1474,37,Female,Married,University,Unemployed,158,166150,13,4,0,0.62,1,1,1,0,0.407,Medium,Low_Risk
CUST0112,38,Male,Single,Primary,Employed,151,43047,17,1,0,0.85,2,1,0,0,0.407,Low,Low_Risk
CUST0674,28,Male,Single,Primary,Employed,126,260101,16,4,1,0.78,4,1,0,0,0.407,Medium,Medium_Risk
CUST2945,18,Male,Single,,Self-employed,163,175601,12,1,1,0.75,0,1,1,0,0.407,Low,Low_Risk
CUST0832,25,Female,Single,,Employed,153,117075,15,3,1,0.93,1,1,1,0,0.407,Medium,Low_Risk
CUST0235,30,Male,Single,,Employed,169,7408,15,3,0,0.97,2,1,0,0,0.407,Medium,Low_Risk
CUST2826,32,Male,Married,University,Self-employed,105,700617,9,2,0,0.5,1,1,0,0,0.407,Low,Low_Risk
CUST0913,39,Female,Single,Secondary,Employed,134,76454,19,1,0,0.63,1,1,0,0,0.407,Medium,Low_Risk
CUST0248,32,Male,Married,Primary,Self-employed,138,7839,20,1,0,0.77,2,1,0,0,0.407,Medium,Low_Risk
CUST1547,49,Female,Single,Primary,Employed,136,234371,15,2,1,0.82,1,1,0,0,0.407,Medium,Low_Risk
CUST2979,43,Male,Single,Primary,Employed,90,465359,17,2,0,0.67,1,1,0,0,0.407,Medium,Low_Risk
CUST1627,48,Female,Married,Secondary,Employed,123,232609,17,4,0,0.82,2,0,1,0,0.406,High,Low_Risk
CUST1313,42,Male,Single,Primary,Unemployed,131,179373,17,2,0,0.55,2,0,1,0,0.406,Medium,Low_Risk
CUST0256,34,Female,Single,University,Unemployed,143,350260,11,1,0,0.81,0,0,0,0,0.406,Low,Low_Risk
CUST2826,25,Female,Married,Primary,Employed,173,144968,11,2,0,0.99,0,1,0,0,0.406,Low,Low_Risk
CUST0667,27,Female,Married,Primary,Self-employed,148,230604,13,1,1,0.84,0,1,0,0,0.406,Low,Low_Risk
CUST1553,38,Male,Single,Secondary,Employed,137,392942,11,3,1,0.82,1,1,0,0,0.406,Medium,Low_Risk
CUST1431,36,Male,Married,Primary,Unemployed,130,652490,6,4,1,0.72,2,1,0,0,0.406,Medium,Low_Risk
CUST0338,57,Male,Single,Secondary,Self-employed,91,496641,16,3,0,0.62,1,1,1,0,0.406,Medium,Low_Risk
CUST2135,47,Female,Married,,Unemployed,180,10231,13,2,0,0.87,2,0,0,0,0.406,Medium,Low_Risk
CUST1870,44,Female,Single,University,Employed,131,49485,20,2,0,0.96,0,1,1,0,0.406,Medium,Low_Risk
CUST2721,30,Female,Single,Primary,Self-employed,91,154698,24,2,0,0.79,1,1,1,0,0.406,Medium,Low_Risk
CUST0950,32,Female,Divorced,University,Employed,137,50232,19,1,0,0.76,0,1,0,0,0.406,Medium,Low_Risk
CUST1843,30,Male,Married,Primary,Employed,152,32087,17,1,1,0.97,0,0,0,0,0.406,Low,Low_Risk
CUST2752,37,Male,Married,,Self-employed,138,130164,17,1,0,0.95,0,0,0,0,0.406,Low,Low_Risk
CUST2044,33,Male,Married,,Self-employed,77,465798,19,3,0,0.91,0,1,1,0,0.406,Medium,Low_Risk
CUST2974,29,Male,Married,Primary,Self-employed,176,37175,13,1,0,0.7,1,1,0,0,0.406,Low,Low_Risk
CUST0632,42,Female,Married,Secondary,Employed,164,80207,14,3,0,0.84,0,1,0,0,0.406,Medium,Low_Risk
CUST2517,36,Female,Single,,Employed,140,159823,16,2,0,0.51,1,0,0,0,0.406,Medium,Low_Risk
CUST0196,50,Male,Single,Primary,Employed,150,130515,15,1,0,0.7,0,1,0,0,0.406,Low,Low_Risk
CUST1088,36,Male,Married,Secondary,Employed,127,34217,21,2,1,0.86,1,0,0,0,0.406,Medium,Low_Risk
CUST1253,21,Male,Divorced,Secondary,Employed,154,19038,17,1,0,0.91,0,0,1,0,0.406,Low,Low_Risk
CUST2351,29,Male,Divorced,Secondary,Self-employed,110,69292,23,1,0,0.83,1,1,0,0,0.406,Medium,Low_Risk
CUST2465,36,Male,Married,Secondary,Self-employed,165,29955,15,2,0,0.9,1,1,0,0,0.406,Medium,Low_Risk
CUST0340,30,Female,Married,Primary,Employed,172,21850,14,1,0,0.82,0,1,0,0,0.406,Low,Low_Risk
CUST2268,33,Male,Married,Primary,Self-employed,88,644358,13,2,1,0.69,1,0,0,0,0.406,Medium,Low_Risk
CUST1787,54,Female,Single,University,Employed,170,33681,14,3,0,0.65,0,0,1,0,0.405,Medium,Low_Risk
CUST0579,28,Male,Married,Secondary,Unemployed,163,40595,15,3,0,0.93,0,1,1,0,0.405,Medium,Low_Risk
CUST1365,39,Male,Single,Primary,Employed,98,18255,26,3,0,0.86,0,1,1,0,0.405,High,Low_Risk
CUST0039,18,Female,Married,Secondary,Employed,153,278440,11,1,0,0.91,2,1,0,0,0.405,Low,Low_Risk
CUST2985,34,Male,Single,Secondary,Employed,72,579103,17,4,0,0.63,0,1,0,0,0.405,High,Low_Risk
CUST2263,41,Female,Married,,Self-employed,167,55422,14,1,0,0.96,1,1,0,0,0.405,Low,Low_Risk
CUST0376,44,Male,Single,Secondary,Employed,103,239844,20,4,0,0.81,1,1,1,0,0.405,High,Low_Risk
CUST1751,35,Male,Married,Secondary,Employed,177,27262,13,2,0,0.82,1,0,1,0,0.405,Medium,Low_Risk
CUST2570,56,Male,Single,Secondary,Self-employed,106,431575,15,3,0,0.84,1,0,0,0,0.405,Medium,Low_Risk
CUST2332,42,Male,Married,Primary,Employed,133,246638,15,1,0,0.82,0,0,0,0,0.405,Low,Low_Risk
CUST2049,36,Male,Divorced,Primary,Employed,171,70905,13,4,0,0.75,0,0,0,0,0.405,Medium,Low_Risk
CUST0636,26,Female,Married,Primary,Self-employed,142,140225,16,2,1,0.59,2,1,0,0,0.405,Medium,Low_Risk
CUST0719,33,Male,Married,Secondary,Self-employed,140,366295,11,1,0,0.68,0,1,1,0,0.405,Low,Low_Risk
CUST2633,33,Female,Single,University,Self-employed,162,88512,14,2,0,0.52,1,1,0,0,0.405,Medium,Low_Risk
CUST1834,44,Male,Divorced,Secondary,Self-employed,130,55599,20,1,0,0.85,2,0,0,0,0.405,Medium,Low_Risk
CUST1408,28,Male,Single,Secondary,Employed,168,88655,13,3,0,0.83,2,0,0,0,0.405,Medium,Low_Risk
CUST2292,50,Female,Married,Primary,Employed,102,375999,17,1,0,0.53,1,0,0,0,0.405,Low,Low_Risk
CUST1021,51,Male,Married,Primary,Employed,136,183777,16,1,0,0.5,0,1,0,0,0.405,Low,Low_Risk
CUST2497,39,Female,Single,Primary,Unemployed,123,484314,11,4,0,0.63,1,1,0,0,0.405,Medium,Low_Risk
CUST0083,54,Female,Single,Secondary,Employed,144,425279,9,3,0,0.84,4,1,0,0,0.405,Medium,Low_Risk
CUST2704,25,Female,Married,Secondary,Self-employed,150,43464,17,4,0,0.57,1,0,0,0,0.405,High,Low_Risk
CUST2256,26,Female,Single,Secondary,Employed,131,90834,19,2,0,0.93,0,1,0,0,0.405,Medium,Low_Risk
CUST1864,32,Male,Single,Secondary,Unemployed,149,8352,18,3,0,0.69,0,1,0,0,0.405,Medium,Low_Risk
CUST2675,36,Female,Married,University,Unemployed,149,91721,16,1,0,0.77,0,0,0,0,0.405,Low,Low_Risk
CUST0265,27,Male,Married,University,Self-employed,118,305480,16,1,0,0.69,4,1,0,0,0.405,Low,Low_Risk
CUST2438,31,Male,Single,Secondary,Unemployed,135,145375,17,4,1,0.98,3,1,1,0,0.405,High,Medium_Risk
CUST1262,53,Female,Single,Secondary,Self-employed,155,49886,16,2,0,0.94,0,1,1,0,0.405,Medium,Low_Risk
CUST0286,18,Male,Divorced,University,Unemployed,121,75078,21,4,0,0.78,0,1,0,0,0.405,High,Low_Risk
CUST0776,46,Male,Married,Secondary,Self-employed,119,428480,13,1,0,0.9,2,0,0,0,0.405,Low,Low_Risk
CUST0195,44,Male,Single,Primary,Self-employed,180,1537,13,3,0,0.52,0,1,0,0,0.404,Medium,Low_Risk
CUST2924,28,Female,Married,University,Employed,135,102131,18,1,0,0.52,0,0,1,0,0.404,Medium,Low_Risk
CUST0831,30,Male,Married,University,Employed,145,32520,18,4,0,0.56,2,1,0,0,0.404,High,Low_Risk
CUST1572,28,Male,Married,Secondary,Unemployed,101,122404,23,1,0,0.59,1,1,0,0,0.404,Medium,Low_Risk
CUST2608,18,Male,Married,Secondary,Self-employed,158,70303,15,2,0,0.62,2,1,0,0,0.404,Medium,Low_Risk
CUST2959,36,Male,Single,University,Employed,143,1041,19,4,0,0.59,2,1,0,0,0.404,High,Low_Risk
CUST1779,28,Male,Married,Secondary,Self-employed,176,30044,13,1,0,0.83,1,0,1,0,0.404,Low,Low_Risk
CUST0910,39,Female,Single,University,Employed,168,85951,13,2,0,0.65,1,1,1,0,0.404,Medium,Low_Risk
CUST1224,58,Male,Single,Secondary,Self-employed,177,109638,11,2,0,0.73,0,1,1,0,0.404,Low,Low_Risk
CUST2471,23,Female,Single,,Self-employed,149,47166,17,1,1,0.81,0,1,0,0,0.404,Low,Low_Risk
CUST0319,18,Female,Married,Secondary,Employed,102,241294,20,3,0,0.82,0,1,0,0,0.404,Medium,Low_Risk
CUST0733,27,Male,Divorced,Primary,Self-employed,127,70938,20,3,0,0.56,0,0,0,0,0.404,Medium,Low_Risk
CUST1548,49,Female,Married,Primary,Employed,160,97766,14,2,0,0.54,0,1,0,0,0.404,Medium,Low_Risk
CUST1000,48,Female,Single,Secondary,Employed,154,54604,16,1,0,0.95,0,1,0,0,0.404,Low,Low_Risk
CUST0792,50,Male,Married,,Employed,130,48741,20,2,0,0.51,0,1,0,0,0.404,Medium,Low_Risk
CUST0623,26,Female,Single,Primary,Self-employed,160,54462,15,2,0,0.59,1,1,1,0,0.404,Medium,Low_Risk
CUST0694,42,Male,Single,Primary,Employed,158,281771,10,1,0,0.74,0,1,0,0,0.404,Low,Low_Risk
CUST2367,43,Female,Married,Secondary,Self-employed,118,5112,23,1,0,0.71,0,1,0,0,0.404,Medium,Low_Risk
CUST2169,36,Female,Single,,Employed,158,195010,12,1,1,0.69,2,0,0,0,0.404,Low,Low_Risk
CUST0250,29,Female,Married,University,Unemployed,145,203113,14,3,2,0.68,0,1,0,0,0.404,Medium,Low_Risk
CUST1067,31,Female,Single,Secondary,Self-employed,151,33296,17,3,0,0.71,1,0,0,0,0.404,Medium,Low_Risk
CUST0502,28,Male,Single,Primary,Employed,149,132844,15,1,0,0.54,2,1,1,0,0.404,Low,Low_Risk
CUST1866,39,Female,Divorced,Secondary,Employed,133,241344,15,1,0,0.76,1,1,0,0,0.404,Low,Low_Risk
CUST1747,47,Male,Married,University,Employed,153,142892,14,3,0,0.95,0,1,0,0,0.403,Medium,Low_Risk
CUST2675,45,Female,Married,Secondary,Unemployed,155,1747,17,4,0,0.78,2,0,1,0,0.403,High,Low_Risk
CUST2355,38,Male,Single,Secondary,Self-employed,161,2197,16,1,0,0.54,3,1,1,0,0.403,Low,Low_Risk
CUST1551,23,Male,Single,Secondary,Employed,118,126966,20,2,0,0.99,1,1,0,0,0.403,Medium,Low_Risk
CUST1609,38,Male,Married,Primary,Employed,73,522004,18,1,0,0.59,0,1,1,0,0.403,Medium,Low_Risk
CUST2385,42,Female,Divorced,Primary,Employed,140,232401,14,1,0,0.67,0,0,1,0,0.403,Low,Low_Risk
CUST0903,44,Male,Married,Secondary,Self-employed,161,45379,15,2,0,0.93,0,1,0,0,0.403,Medium,Low_Risk
CUST0124,42,Male,Divorced,Secondary,Unemployed,151,157586,14,1,0,0.58,0,1,1,0,0.403,Low,Low_Risk
CUST0737,29,Female,Married,University,Self-employed,132,159759,17,1,0,0.86,1,1,1,0,0.403,Low,Low_Risk
CUST0186,29,Female,Single,Primary,Self-employed,125,417937,12,1,0,0.72,1,1,1,0,0.403,Low,Low_Risk
CUST1498,32,Female,Divorced,Primary,Employed,124,127451,19,2,0,0.54,2,1,0,0,0.403,Medium,Low_Risk
CUST1937,58,Female,Single,Primary,Employed,143,212288,14,1,0,0.64,1,0,1,0,0.403,Low,Low_Risk
CUST2190,33,Female,Married,University,Employed,91,355258,19,1,0,0.68,1,0,0,0,0.403,Medium,Low_Risk
CUST0431,26,Male,Married,University,Employed,143,168673,15,1,1,0.92,3,1,0,0,0.403,Low,Medium_Risk
CUST0217,35,Female,Married,Secondary,Employed,141,180775,15,4,1,0.81,1,0,1,0,0.403,Medium,Low_Risk
CUST1474,38,Male,Single,Secondary,Employed,129,350906,13,1,0,0.52,0,1,1,0,0.403,Low,Low_Risk
CUST1354,27,Male,Single,Secondary,Employed,146,63896,17,3,0,0.69,0,1,0,0,0.403,Medium,Low_Risk
CUST1919,29,Female,Married,,Self-employed,157,66472,15,3,0,0.64,3,1,0,0,0.402,Medium,Low_Risk
CUST2826,39,Male,Single,Primary,Employed,129,216358,16,3,1,0.52,1,1,0,0,0.402,Medium,Low_Risk
CUST2191,39,Female,Married,University,Employed,115,60398,22,2,0,0.58,0,1,0,0,0.402,Medium,Low_Risk
CUST1781,32,Male,Single,,Unemployed,140,57683,18,1,0,0.83,1,1,1,0,0.402,Medium,Low_Risk
CUST1830,30,Female,Single,,Employed,116,392992,14,3,0,0.54,0,1,0,0,0.402,Medium,Low_Risk
CUST1212,41,Female,Married,Secondary,Self-employed,142,215767,14,2,1,0.99,2,1,0,0,0.402,Medium,Low_Risk
CUST1720,38,Female,Married,Primary,Employed,163,25189,15,1,0,0.65,0,1,0,0,0.402,Low,Low_Risk
CUST1639,54,Male,Single,University,Employed,156,34066,16,2,0,0.51,1,1,1,0,0.402,Medium,Low_Risk
CUST0574,32,Female,Single,Primary,Self-employed,132,369415,12,3,0,0.76,1,1,1,0,0.402,Medium,Low_Risk
CUST1783,38,Female,Single,Secondary,Self-employed,173,169597,10,1,1,0.7,1,0,0,0,0.402,Low,Low_Risk
CUST0408,32,Female,Married,Secondary,Self-employed,137,164912,16,4,0,0.75,1,0,0,0,0.402,Medium,Low_Risk
CUST1337,48,Male,Married,Secondary,Employed,110,178406,20,1,0,0.51,1,1,0,0,0.402,Medium,Low_Risk
CUST2570,46,Male,Single,,Self-employed,146,269855,12,3,0,1.0,1,0,0,0,0.402,Medium,Low_Risk
CUST1238,24,Female,Married,Secondary,Self-employed,141,135971,16,2,0,0.66,1,0,0,0,0.402,Medium,Low_Risk
CUST1532,50,Female,Single,,Self-employed,148,215611,13,1,0,0.94,0,1,1,0,0.402,Low,Low_Risk
CUST2448,55,Male,Divorced,Secondary,Employed,103,100724,23,3,0,0.76,0,0,1,0,0.402,High,Low_Risk
CUST0101,46,Male,Married,Secondary,Employed,130,83583,19,4,0,0.82,1,1,0,0,0.402,High,Low_Risk
CUST0915,37,Female,Married,Primary,Self-employed,165,96459,13,2,0,0.85,1,1,0,0,0.402,Medium,Low_Risk
CUST0849,18,Male,Married,Primary,Unemployed,52,665227,18,3,0,0.92,1,1,1,0,0.402,Medium,Low_Risk
CUST0821,51,Male,Married,Primary,Employed,155,80223,15,1,0,0.73,1,0,0,0,0.402,Low,Low_Risk
CUST2463,30,Female,Married,Secondary,Employed,100,333361,18,1,0,0.97,2,1,0,0,0.402,Medium,Low_Risk
CUST2600,34,Female,Married,Secondary,Self-employed,148,2841,18,1,0,0.86,1,1,0,0,0.402,Medium,Low_Risk
CUST1656,29,Male,Married,University,Employed,140,141359,16,3,0,0.98,1,1,0,0,0.402,Medium,Low_Risk
CUST2514,25,Female,Divorced,Secondary,Employed,152,16668,17,1,0,0.51,0,1,0,0,0.402,Low,Low_Risk
CUST1935,40,Male,Married,Primary,Employed,106,204721,20,1,1,0.67,1,1,0,0,0.402,Medium,Low_Risk
CUST1551,35,Female,Single,Primary,Employed,108,192001,20,4,0,0.57,2,1,0,0,0.402,High,Low_Risk
CUST0836,38,Female,Single,Primary,Employed,129,131370,18,1,0,0.93,2,1,0,0,0.402,Medium,Low_Risk
CUST2441,29,Male,Married,University,Self-employed,100,247499,20,1,0,0.57,0,1,1,0,0.402,Medium,Low_Risk
CUST1470,43,Female,Married,University,Self-employed,179,3155,13,2,0,0.9,0,1,0,0,0.402,Medium,Low_Risk
CUST1179,35,Female,Married,Secondary,Self-employed,142,39386,18,1,0,0.92,2,1,1,0,0.401,Medium,Low_Risk
CUST2522,44,Male,Single,Primary,Employed,133,185422,16,3,0,0.97,1,1,1,0,0.401,Medium,Low_Risk
CUST1607,40,Female,Single,Secondary,Employed,113,623106,9,4,0,0.57,1,1,1,0,0.401,Medium,Low_Risk
CUST0845,47,Male,Divorced,Secondary,Employed,44,416680,25,1,0,0.66,2,1,1,0,0.401,Medium,Low_Risk
CUST1931,34,Female,Married,Secondary,Employed,125,155354,18,1,0,0.72,0,1,0,0,0.401,Medium,Low_Risk
CUST1506,35,Female,Single,Secondary,Self-employed,116,50078,22,3,1,0.96,1,1,0,0,0.401,High,Low_Risk
CUST2301,34,Male,Single,Primary,Employed,97,308886,19,4,0,0.85,1,1,0,0,0.401,High,Low_Risk
CUST2335,40,Male,Married,Secondary,Employed,73,513516,18,1,0,0.51,0,1,0,0,0.401,Medium,Low_Risk
CUST1431,26,Female,Married,Secondary,Employed,103,224001,20,3,0,0.55,0,0,0,0,0.401,Medium,Low_Risk
CUST1997,18,Male,Married,Secondary,Employed,145,144778,15,1,0,0.85,2,1,1,0,0.401,Low,Low_Risk
CUST0213,52,Male,Married,Primary,Employed,126,531353,9,1,0,0.76,1,1,0,0,0.401,Low,Low_Risk
CUST1339,18,Female,Single,Secondary,Self-employed,171,178985,10,2,0,0.78,1,0,0,0,0.401,Low,Low_Risk
CUST1495,41,Male,Married,Secondary,Unemployed,141,427914,9,2,0,0.6,0,1,0,0,0.401,Low,Low_Risk
CUST2026,41,Female,Single,Primary,Self-employed,134,50216,19,1,0,0.58,0,0,0,0,0.401,Medium,Low_Risk
CUST2289,43,Male,Married,University,Self-employed,100,412274,16,2,0,0.87,0,0,0,0,0.401,Medium,Low_Risk
CUST2952,20,Female,Married,Secondary,Employed,140,180206,15,4,1,0.78,2,1,0,0,0.401,Medium,Low_Risk
CUST0673,52,Female,Single,,Unemployed,139,145748,16,2,0,0.66,0,1,1,0,0.401,Medium,Low_Risk
CUST0748,52,Male,Married,,Employed,156,70617,15,4,0,0.54,1,1,1,0,0.401,Medium,Low_Risk
CUST2095,30,Female,Married,Primary,Unemployed,113,237901,18,3,0,0.99,0,1,0,0,0.401,Medium,Low_Risk
CUST0455,21,Female,Single,Secondary,Employed,162,199324,11,1,0,0.93,0,1,1,0,0.401,Low,Low_Risk
CUST1833,32,Female,Married,Secondary,Employed,120,19840,22,1,1,0.79,1,1,0,0,0.401,Medium,Low_Risk
CUST2284,45,Male,Divorced,Secondary,Employed,165,51470,14,3,1,0.51,0,1,1,0,0.401,Medium,Low_Risk
CUST0497,41,Female,Married,Primary,Employed,116,91311,21,3,0,0.52,1,1,0,0,0.401,Medium,Low_Risk
CUST2591,26,Male,Married,Primary,Self-employed,147,218654,13,1,0,0.71,0,0,1,0,0.401,Low,Low_Risk
CUST2921,18,Female,Married,Secondary,Employed,110,303551,17,3,0,0.52,1,1,0,0,0.401,Medium,Low_Risk
CUST2884,42,Male,Single,Primary,Self-employed,161,119302,13,3,0,0.91,0,1,0,0,0.401,Medium,Low_Risk
CUST1081,27,Female,Married,Secondary,Employed,130,34981,20,1,0,0.81,1,1,1,0,0.4,Medium,Low_Risk
CUST0386,28,Male,Married,University,Employed,153,173545,13,1,1,0.86,0,0,1,0,0.4,Low,Low_Risk
CUST2112,32,Male,Single,,Employed,159,45100,15,4,0,0.76,0,1,1,0,0.4,Medium,Low_Risk
CUST2507,46,Female,Married,Secondary,Self-employed,167,117087,12,2,0,0.6,1,1,0,0,0.4,Low,Low_Risk
CUST0118,44,Male,Single,Primary,Employed,88,660749,12,2,0,0.78,1,0,0,0,0.4,Low,Low_Risk
CUST0464,32,Male,Married,University,Employed,151,14208,17,1,0,0.76,0,0,0,0,0.4,Low,Low_Risk
CUST0220,34,Female,Single,Primary,Employed,138,62278,18,3,1,0.89,3,1,0,0,0.4,Medium,Medium_Risk
CUST2118,41,Female,Married,Secondary,Self-employed,130,374937,12,2,0,0.51,1,0,0,0,0.4,Low,Low_Risk
CUST0339,43,Female,Married,,Self-employed,161,32531,15,1,0,0.57,0,1,0,0,0.4,Low,Low_Risk
CUST0307,50,Female,Single,,Employed,141,423355,9,3,0,0.81,0,1,1,0,0.4,Medium,Low_Risk
CUST1623,23,Male,Divorced,Primary,Employed,112,155117,20,2,0,0.71,1,0,0,0,0.4,Medium,Low_Risk
CUST2806,18,Female,Married,,Employed,167,116369,12,4,0,0.5,2,1,0,0,0.4,Medium,Low_Risk
CUST2729,20,Male,Single,University,Employed,158,136635,13,3,1,0.58,0,0,1,0,0.4,Medium,Low_Risk
CUST2634,41,Male,Married,University,Employed,160,208594,11,2,1,0.57,1,1,0,0,0.4,Low,Low_Risk
CUST2327,41,Female,Married,,Employed,173,120888,11,1,2,0.74,1,1,0,0,0.4,Low,Medium_Risk
CUST0568,24,Male,Married,Secondary,Self-employed,162,110403,13,1,0,0.58,1,0,0,0,0.4,Low,Low_Risk
CUST2587,39,Female,Married,University,Employed,147,171168,14,1,0,0.77,0,1,0,0,0.4,Low,Low_Risk
CUST1817,62,Female,Single,Secondary,Self-employed,115,434122,13,2,0,0.71,4,1,0,0,0.4,Medium,Low_Risk
CUST0521,31,Male,Married,Primary,Self-employed,147,44442,17,1,0,0.6,0,0,0,0,0.4,Low,Low_Risk
CUST0259,45,Male,Single,Primary,Employed,143,282521,12,1,0,0.85,2,1,0,0,0.4,Low,Low_Risk
CUST1376,37,Female,Divorced,Primary,Self-employed,147,44894,17,1,0,0.6,1,1,0,0,0.4,Low,Low_Risk
CUST0498,37,Male,Single,Primary,Employed,84,51526,27,1,0,0.92,0,0,1,0,0.4,Medium,Low_Risk
CUST0008,43,Female,Single,,Employed,139,262809,13,1,0,0.77,3,1,0,0,0.399,Low,Low_Risk
CUST2546,40,Male,Married,Secondary,Self-employed,158,90967,14,2,0,0.51,1,1,0,0,0.399,Medium,Low_Risk
CUST1942,32,Male,Single,Primary,Employed,175,15909,13,1,0,0.57,0,1,0,0,0.399,Low,Low_Risk
CUST2068,24,Male,Married,Secondary,Employed,133,7107,20,2,1,0.68,1,1,0,0,0.399,Medium,Low_Risk
CUST2314,39,Male,Single,Primary,Employed,138,103061,17,2,0,0.55,2,0,0,0,0.399,Medium,Low_Risk
CUST0262,38,Female,Married,University,Employed,161,70365,14,1,0,0.73,2,1,0,0,0.399,Low,Low_Risk
CUST0317,55,Female,Married,,Employed,174,109395,11,2,0,0.53,3,1,0,0,0.399,Low,Low_Risk
CUST0318,63,Female,Married,Secondary,Employed,137,446607,9,4,0,0.9,1,1,1,0,0.399,Medium,Low_Risk
CUST1887,55,Female,Married,Secondary,Employed,124,154753,18,1,0,0.61,1,1,1,0,0.399,Medium,Low_Risk
CUST0819,29,Male,Divorced,Primary,Employed,106,576579,11,2,0,0.55,2,1,1,0,0.399,Low,Low_Risk
CUST0568,30,Male,Married,Primary,Unemployed,142,73247,17,2,1,0.85,1,1,1,0,0.399,Medium,Low_Risk
CUST2440,30,Male,Married,Secondary,Employed,156,20386,16,2,0,0.9,1,0,0,0,0.399,Medium,Low_Risk
CUST0972,39,Male,Single,Primary,Self-employed,176,96636,11,1,1,0.77,0,1,1,0,0.399,Low,Low_Risk
CUST0807,36,Female,Single,Secondary,Self-employed,156,62395,15,2,0,0.8,1,1,0,0,0.399,Medium,Low_Risk
CUST2351,37,Female,Single,Secondary,Self-employed,128,297060,14,2,0,0.5,2,1,0,0,0.399,Medium,Low_Risk
CUST2021,40,Male,Married,University,Self-employed,144,61075,17,1,0,0.99,0,0,0,0,0.399,Low,Low_Risk
CUST0740,19,Male,Divorced,Secondary,Self-employed,163,14999,15,2,0,0.62,1,1,0,0,0.399,Medium,Low_Risk
CUST1673,42,Female,Single,University,Employed,130,70207,19,1,2,0.51,1,1,1,0,0.399,Medium,Medium_Risk
CUST0749,42,Female,Married,Secondary,Self-employed,151,10853,17,1,0,0.85,0,1,1,0,0.399,Low,Low_Risk
CUST1451,35,Female,Married,,Employed,176,8816,13,1,0,0.69,0,0,0,0,0.399,Low,Low_Risk
CUST0398,42,Male,Single,University,Self-employed,92,419275,17,4,0,0.94,2,1,0,0,0.399,High,Low_Risk
CUST0681,42,Female,Married,University,Employed,128,341302,13,2,0,0.53,1,0,1,0,0.399,Medium,Low_Risk
CUST2624,53,Female,Married,University,Employed,156,146874,13,1,0,0.73,0,0,1,0,0.399,Low,Low_Risk
CUST1088,31,Male,Married,Secondary,Employed,156,64089,15,2,0,0.66,1,1,0,0,0.399,Medium,Low_Risk
CUST0216,36,Male,Married,Secondary,Unemployed,142,75272,17,3,0,0.92,0,1,1,0,0.399,Medium,Low_Risk
CUST2549,31,Female,Married,,Self-employed,171,3466,14,1,1,0.59,1,1,0,0,0.399,Low,Low_Risk
CUST1268,40,Female,Single,Primary,Employed,143,105577,16,2,0,0.66,0,1,0,0,0.398,Medium,Low_Risk
CUST2065,31,Female,Single,Primary,Unemployed,122,37034,21,3,0,0.92,0,1,1,0,0.398,Medium,Low_Risk
CUST1566,43,Female,Married,,Employed,175,10846,13,1,0,0.62,2,1,0,0,0.398,Low,Low_Risk
CUST0380,30,Male,Married,Secondary,Employed,167,23163,14,2,1,0.61,0,0,1,0,0.398,Medium,Low_Risk
CUST0231,49,Male,Married,Secondary,Self-employed,165,82822,13,3,0,0.68,2,1,0,0,0.398,Medium,Low_Risk
CUST2021,31,Male,Married,Secondary,Self-employed,126,179279,17,2,0,0.64,0,0,0,0,0.398,Medium,Low_Risk
CUST1170,37,Female,Married,,Employed,152,42519,16,4,0,0.53,0,0,1,0,0.398,Medium,Low_Risk
CUST0882,31,Female,Single,Secondary,Employed,169,52449,13,2,1,0.99,0,1,0,0,0.398,Medium,Low_Risk
CUST2521,36,Male,Married,Secondary,Employed,81,405193,19,1,0,0.81,0,1,0,0,0.398,Medium,Low_Risk
CUST0513,26,Male,Married,University,Employed,124,25390,21,1,0,0.64,2,0,1,0,0.398,Medium,Low_Risk
CUST0730,47,Male,Single,Primary,Employed,77,221094,24,3,0,0.74,1,0,1,0,0.398,High,Low_Risk
CUST0517,40,Male,Married,Secondary,Self-employed,144,99098,16,4,0,0.95,0,1,0,0,0.398,Medium,Low_Risk
CUST0055,32,Female,Married,Secondary,Employed,128,208692,16,2,0,0.84,1,1,0,0,0.398,Medium,Low_Risk
CUST0272,54,Female,Married,Primary,Employed,131,104540,18,1,0,0.8,0,1,0,0,0.398,Medium,Low_Risk
CUST2751,36,Female,Married,Primary,Self-employed,178,163150,9,3,0,0.87,0,1,0,0,0.398,Medium,Low_Risk
CUST1404,26,Male,Married,University,Employed,135,76280,18,1,0,0.54,1,0,0,0,0.398,Medium,Low_Risk
CUST0658,32,Male,Single,Secondary,Employed,176,175092,9,2,0,0.78,0,1,0,0,0.398,Low,Low_Risk
CUST2439,30,Female,Single,,Self-employed,134,38243,19,2,0,0.93,0,1,1,0,0.398,Medium,Low_Risk
CUST0947,28,Male,Single,Primary,Self-employed,145,4862,18,1,0,0.79,1,1,0,0,0.398,Medium,Low_Risk
CUST2514,18,Female,Married,Secondary,Self-employed,132,182566,16,4,1,0.9,0,1,0,0,0.398,Medium,Low_Risk
CUST0331,34,Female,Single,Secondary,Unemployed,153,78426,15,3,0,0.85,0,0,0,0,0.398,Medium,Low_Risk
CUST2494,36,Male,Married,University,Employed,100,270039,19,2,0,0.83,1,1,1,0,0.397,Medium,Low_Risk
CUST2814,42,Male,Single,University,Unemployed,177,78661,11,2,0,0.63,1,0,0,0,0.397,Low,Low_Risk
CUST1990,39,Male,Married,,Employed,104,370777,16,1,0,0.96,0,1,1,0,0.397,Low,Low_Risk
CUST1425,23,Female,Married,Primary,Employed,123,68369,20,1,0,0.71,0,0,1,0,0.397,Medium,Low_Risk
CUST2905,39,Male,Married,Primary,Employed,136,531108,7,1,0,0.92,0,1,0,0,0.397,Low,Low_Risk
CUST2131,38,Male,Single,University,Self-employed,160,112501,13,3,0,0.94,0,1,0,0,0.397,Medium,Low_Risk
CUST1739,24,Male,Single,Secondary,Self-employed,144,135866,15,1,1,0.74,2,0,0,0,0.397,Low,Low_Risk
CUST0489,37,Male,Married,Primary,Employed,125,182503,17,1,0,0.56,0,0,1,0,0.397,Low,Low_Risk
CUST0720,27,Female,Married,Secondary,Employed,122,288836,15,3,0,0.74,1,0,1,0,0.397,Medium,Low_Risk
CUST0652,31,Female,Divorced,University,Self-employed,163,5571,15,1,0,0.77,0,1,1,0,0.397,Low,Low_Risk
CUST0374,35,Male,Single,Secondary,Employed,158,42373,15,2,0,0.65,1,1,0,0,0.397,Medium,Low_Risk
CUST1521,51,Male,Married,,Employed,149,61274,16,1,1,0.85,0,0,0,0,0.397,Low,Low_Risk
CUST1694,50,Female,Single,University,Employed,120,46802,21,2,0,0.95,0,1,0,0,0.397,Medium,Low_Risk
CUST1901,51,Male,Married,University,Employed,166,28890,14,1,0,0.84,4,0,0,0,0.397,Low,Low_Risk
CUST0309,42,Female,Married,University,Employed,167,20044,14,4,0,0.53,1,1,0,0,0.397,Medium,Low_Risk
CUST0804,37,Male,Married,University,Self-employed,63,610457,17,1,1,0.8,0,1,0,0,0.397,Low,Low_Risk
CUST2882,34,Female,Married,Secondary,Employed,149,15603,17,1,0,0.91,2,1,0,0,0.397,Low,Low_Risk
CUST0447,43,Female,Married,Primary,Unemployed,128,289102,14,3,0,0.63,0,0,1,0,0.397,Medium,Low_Risk
CUST0997,34,Female,Married,Primary,Self-employed,153,34399,16,3,0,0.58,0,1,0,0,0.397,Medium,Low_Risk
CUST0560,35,Male,Divorced,University,Self-employed,140,120498,16,3,2,0.6,0,1,1,0,0.397,Medium,Low_Risk
CUST2041,38,Female,Married,Secondary,Employed,22,1230074,9,1,0,0.85,0,0,0,0,0.397,Low,Low_Risk
CUST1261,53,Male,Married,,Employed,154,68280,15,1,0,0.87,0,1,0,0,0.397,Low,Low_Risk
CUST0354,21,Female,Married,Secondary,Employed,93,190672,22,3,0,0.99,2,0,0,0,0.397,High,Low_Risk
CUST2131,22,Male,Single,Secondary,Self-employed,162,97971,13,2,0,0.78,1,1,0,0,0.397,Medium,Low_Risk
CUST2719,30,Female,Married,University,Employed,94,394425,17,3,1,0.99,0,1,0,0,0.397,Medium,Low_Risk
CUST0289,31,Male,Married,Primary,Employed,135,240241,14,1,0,0.96,0,0,0,0,0.397,Low,Low_Risk
CUST1379,24,Female,Single,Secondary,Self-employed,162,57086,14,2,0,0.92,0,1,0,0,0.397,Medium,Low_Risk
CUST2892,28,Female,Divorced,,Employed,130,103263,18,1,1,0.55,0,0,0,0,0.396,Medium,Low_Risk
CUST1501,33,Female,Single,Secondary,Employed,146,161950,14,2,1,0.67,0,1,1,0,0.396,Medium,Low_Risk
CUST2211,28,Male,Single,Primary,Employed,164,122842,12,2,0,0.59,0,1,0,0,0.396,Low,Low_Risk
CUST2676,39,Female,Single,University,Employed,164,81605,13,2,1,0.75,0,1,1,0,0.396,Medium,Low_Risk
CUST1881,29,Male,Married,Primary,Employed,156,9150,16,3,1,0.87,2,1,0,0,0.396,Medium,Low_Risk
CUST2389,40,Female,Single,,Self-employed,125,265199,15,3,0,0.67,1,1,0,0,0.396,Medium,Low_Risk
CUST0287,31,Female,Married,Secondary,Self-employed,155,271404,10,4,0,0.55,1,1,0,0,0.396,Medium,Low_Risk
CUST2506,38,Female,Married,,Employed,136,144711,16,1,0,0.67,1,1,0,0,0.396,Low,Low_Risk
CUST2936,42,Female,Married,Primary,Employed,102,167623,21,3,1,0.7,0,0,0,0,0.396,Medium,Low_Risk
CUST1193,33,Female,Divorced,Primary,Employed,133,292234,13,1,0,0.71,1,1,0,0,0.396,Low,Low_Risk
CUST2948,28,Male,Married,University,Employed,157,43993,15,1,1,0.75,0,0,0,0,0.396,Low,Low_Risk
CUST2511,19,Female,Married,Secondary,Employed,138,46941,18,1,0,0.94,0,1,1,0,0.396,Medium,Low_Risk
CUST1512,35,Female,Married,Secondary,Employed,144,258663,12,2,0,0.92,1,1,0,0,0.396,Low,Low_Risk
CUST2930,41,Male,Single,Secondary,Employed,150,133801,14,4,1,0.52,1,1,0,0,0.396,Medium,Low_Risk
CUST2187,42,Male,Single,Secondary,Self-employed,134,159191,16,1,0,0.91,0,1,0,0,0.396,Low,Low_Risk
CUST0478,39,Male,Married,Secondary,Employed,142,146768,15,1,0,0.71,1,0,0,0,0.396,Low,Low_Risk
CUST1472,27,Male,Married,Secondary,Employed,161,57624,14,3,0,0.59,2,1,1,0,0.396,Medium,Low_Risk
CUST2177,20,Male,Married,,Employed,121,250103,16,4,0,0.95,0,0,0,0,0.396,Medium,Low_Risk
CUST1598,41,Male,Married,University,Self-employed,126,299204,14,1,1,0.74,1,1,1,0,0.396,Low,Low_Risk
CUST1730,24,Male,Married,Secondary,Employed,158,163944,12,2,0,0.69,0,1,0,0,0.396,Low,Low_Risk
CUST0270,25,Male,Married,Secondary,Employed,143,178594,14,4,1,0.52,1,1,0,0,0.395,Medium,Low_Risk
CUST2096,49,Male,Single,Secondary,Employed,109,115732,21,2,0,0.82,3,0,0,0,0.395,Medium,Low_Risk
CUST1437,26,Female,Married,Primary,Employed,153,110944,14,3,0,0.58,0,0,0,0,0.395,Medium,Low_Risk
CUST1380,19,Male,Single,Primary,Employed,144,126955,15,2,0,0.66,1,0,0,0,0.395,Medium,Low_Risk
CUST1513,35,Male,Married,Secondary,Employed,142,14847,18,1,0,0.59,0,1,0,0,0.395,Medium,Low_Risk
CUST1920,41,Female,Single,Secondary,Employed,66,327156,23,4,0,0.74,0,0,0,0,0.395,High,Low_Risk
CUST1797,48,Male,Married,Primary,Employed,106,306378,17,2,1,0.61,2,0,1,0,0.395,Medium,Low_Risk
CUST2082,24,Female,Married,Primary,Employed,155,50928,15,1,1,0.76,2,1,0,0,0.395,Low,Low_Risk
CUST2938,32,Male,Married,Primary,Self-employed,163,41661,14,4,0,0.84,1,0,0,0,0.395,Medium,Low_Risk
CUST1785,32,Female,Single,Primary,Unemployed,124,351504,13,2,0,0.8,1,1,0,0,0.395,Medium,Low_Risk
CUST1938,42,Male,Single,Primary,Self-employed,111,312359,16,1,1,1.0,1,0,0,0,0.395,Low,Low_Risk
CUST0061,46,Female,Married,Primary,Self-employed,98,401267,16,1,0,0.61,0,1,1,0,0.395,Low,Low_Risk
CUST1372,34,Male,Married,Secondary,Employed,135,277014,13,3,0,0.65,1,1,0,0,0.395,Medium,Low_Risk
CUST2148,29,Male,Married,Secondary,Employed,101,298048,18,2,0,0.72,2,1,0,0,0.395,Medium,Low_Risk
CUST1267,35,Male,Single,Secondary,Employed,164,34938,14,2,0,0.57,1,1,1,0,0.395,Medium,Low_Risk
CUST1668,42,Female,Married,Secondary,Employed,171,70871,12,1,0,0.84,0,1,0,0,0.395,Low,Low_Risk
CUST1857,27,Female,Married,Primary,Employed,148,145579,14,4,0,0.9,2,1,0,0,0.395,Medium,Low_Risk
CUST2812,21,Female,Married,Primary,Self-employed,163,82772,13,3,0,0.7,0,0,1,0,0.395,Medium,Low_Risk
CUST0365,18,Female,Married,University,Employed,97,324009,18,2,0,0.54,0,0,1,0,0.395,Medium,Low_Risk
CUST0820,43,Female,Divorced,Primary,Employed,103,284438,18,2,0,0.78,1,1,0,0,0.395,Medium,Low_Risk
CUST0420,37,Female,Married,,Employed,135,150211,16,3,1,0.79,4,1,0,0,0.395,Medium,Medium_Risk
CUST0371,34,Male,Married,Secondary,Employed,168,4068,14,1,0,0.78,0,0,1,0,0.395,Low,Low_Risk
CUST0924,35,Female,Married,University,Employed,104,233886,19,2,0,0.95,1,1,0,0,0.395,Medium,Low_Risk
CUST0593,29,Female,Single,University,Employed,165,26824,14,1,0,0.84,1,1,0,0,0.395,Low,Low_Risk
CUST1935,28,Female,Single,University,Employed,174,7147,13,2,0,0.65,1,0,0,0,0.395,Medium,Low_Risk
CUST0766,35,Female,Married,Secondary,Employed,118,136164,19,1,0,0.55,1,1,1,0,0.395,Medium,Low_Risk
CUST1064,36,Female,Married,Primary,Self-employed,141,150422,15,1,0,0.88,0,1,0,0,0.395,Low,Low_Risk
CUST1921,30,Male,Married,Secondary,Employed,155,93752,14,2,0,0.74,0,1,0,0,0.395,Medium,Low_Risk
CUST0990,45,Male,Single,Secondary,Employed,162,5382,15,3,0,0.59,0,1,0,0,0.395,Medium,Low_Risk
CUST2685,33,Male,Married,,Unemployed,162,3689,15,2,0,0.77,2,1,0,0,0.395,Medium,Low_Risk
CUST1536,47,Male,Married,Secondary,Employed,126,506447,9,2,1,0.78,1,0,1,0,0.395,Low,Low_Risk
CUST2508,29,Female,Married,Primary,Employed,167,14502,14,4,1,0.61,0,1,0,0,0.395,Medium,Low_Risk
CUST0983,30,Female,Single,,Self-employed,143,131287,15,1,0,0.53,0,1,0,0,0.394,Low,Low_Risk
CUST0743,53,Female,Married,Secondary,Employed,150,124570,14,4,0,0.87,0,1,1,0,0.394,Medium,Low_Risk
CUST2533,29,Female,Single,Primary,Self-employed,174,89285,11,2,0,0.51,0,1,0,0,0.394,Low,Low_Risk
CUST1447,26,Male,Married,,Employed,140,108021,16,2,0,0.98,0,1,0,0,0.394,Medium,Low_Risk
CUST1488,43,Female,Married,Secondary,Employed,51,763803,15,1,0,0.68,1,1,0,0,0.394,Low,Low_Risk
CUST0051,30,Female,Married,Secondary,Employed,113,255073,17,1,0,0.87,2,1,0,0,0.394,Low,Low_Risk
CUST0916,21,Male,Married,University,Employed,166,13597,14,3,0,0.76,0,1,0,0,0.394,Medium,Low_Risk
CUST1842,30,Female,Single,University,Employed,149,3579,17,3,0,0.87,1,0,0,0,0.394,Medium,Low_Risk
CUST2220,46,Female,Married,Secondary,Employed,97,534744,13,1,0,0.83,7,0,0,0,0.394,Low,Medium_Risk
CUST2385,39,Male,Married,,Employed,125,128330,18,2,0,0.57,0,1,0,0,0.394,Medium,Low_Risk
CUST1241,32,Male,Married,Primary,Employed,121,153750,18,2,0,0.75,0,1,0,0,0.394,Medium,Low_Risk
CUST1190,44,Male,Married,Secondary,Employed,130,136654,17,2,0,0.85,1,1,1,0,0.394,Medium,Low_Risk
CUST2219,40,Male,Married,Secondary,Self-employed,164,28982,14,3,0,0.81,1,1,0,0,0.394,Medium,Low_Risk
CUST0188,30,Male,Divorced,Primary,Employed,175,122734,10,2,0,0.63,0,1,1,0,0.394,Low,Low_Risk
CUST2357,26,Male,Single,University,Self-employed,113,294663,16,2,0,0.66,2,0,0,0,0.394,Medium,Low_Risk
CUST2445,39,Male,Single,Primary,Employed,140,23415,18,2,0,0.72,1,1,0,0,0.394,Medium,Low_Risk
CUST0165,31,Male,Married,Secondary,Self-employed,127,283911,14,1,0,0.71,0,1,0,0,0.394,Low,Low_Risk
CUST0490,22,Male,Single,Secondary,Unemployed,143,48469,17,2,0,0.63,0,1,1,0,0.394,Medium,Low_Risk
CUST2999,46,Female,Married,Primary,Employed,154,139797,13,1,0,0.7,1,1,0,0,0.394,Low,Low_Risk
CUST1002,64,Female,Married,Secondary,Employed,152,68331,15,1,1,0.62,0,1,1,0,0.394,Low,Low_Risk
CUST1244,28,Male,Single,Primary,Self-employed,154,56387,15,1,0,0.65,1,0,1,0,0.394,Low,Low_Risk
CUST0810,52,Male,Married,Secondary,Unemployed,167,7109,14,3,0,0.89,1,1,1,0,0.394,Medium,Low_Risk
CUST2061,24,Female,Single,Secondary,Self-employed,174,4437,13,1,0,0.99,0,0,0,0,0.394,Low,Low_Risk
CUST1122,32,Female,Single,Secondary,Self-employed,163,35061,14,3,0,0.97,1,1,0,0,0.394,Medium,Low_Risk
CUST0089,25,Male,Married,Primary,Employed,157,115390,13,2,0,0.88,5,1,0,0,0.393,Medium,Medium_Risk
CUST2027,27,Female,Single,University,Employed,140,190798,14,1,0,0.6,1,0,0,0,0.393,Low,Low_Risk
CUST1789,29,Female,Single,University,Unemployed,135,54515,18,2,0,0.93,2,1,1,0,0.393,Medium,Low_Risk
CUST2509,36,Male,Single,University,Unemployed,162,40490,14,3,0,0.51,2,1,1,0,0.393,Medium,Low_Risk
CUST0187,40,Female,Divorced,Secondary,Employed,155,86717,14,1,0,0.61,2,1,0,0,0.393,Low,Low_Risk
CUST0914,38,Male,Single,Primary,Self-employed,127,26025,20,2,0,0.65,0,1,1,0,0.393,Medium,Low_Risk
CUST1475,60,Female,Married,University,Self-employed,141,141443,15,4,0,0.92,1,1,1,0,0.393,Medium,Low_Risk
CUST2537,21,Female,Divorced,Secondary,Unemployed,155,500,16,2,1,0.56,0,0,0,0,0.393,Medium,Low_Risk
CUST2514,31,Male,Married,University,Employed,140,61757,17,2,0,0.94,1,0,0,0,0.393,Medium,Low_Risk
CUST2624,25,Female,Divorced,Secondary,Employed,138,33983,18,4,0,0.7,2,0,0,0,0.393,High,Low_Risk
CUST2621,32,Female,Single,Secondary,Self-employed,157,73754,14,1,0,0.54,1,1,0,0,0.393,Low,Low_Risk
CUST0633,34,Male,Divorced,Primary,Employed,132,116857,17,2,0,0.68,1,0,0,0,0.393,Medium,Low_Risk
CUST2836,32,Female,Single,Secondary,Employed,174,500,13,4,0,0.5,1,1,1,0,0.393,Medium,Low_Risk
CUST0321,39,Female,Single,University,Unemployed,129,10161,20,3,0,0.53,1,0,0,0,0.393,Medium,Low_Risk
CUST2499,37,Male,Divorced,Secondary,Employed,123,9014,21,1,0,0.71,0,1,0,0,0.393,Medium,Low_Risk
CUST0492,48,Male,Single,Secondary,Employed,148,48891,16,1,0,0.81,1,1,0,0,0.393,Low,Low_Risk
CUST1951,18,Female,Married,Primary,Employed,144,120556,15,3,0,0.79,1,0,0,0,0.393,Medium,Low_Risk
CUST1089,40,Female,Single,Secondary,Self-employed,132,160076,16,4,0,0.64,2,0,0,0,0.393,Medium,Low_Risk
CUST2048,49,Male,Married,Secondary,Employed,105,133808,21,1,1,0.59,2,1,1,0,0.393,Medium,Low_Risk
CUST1861,52,Male,Single,Primary,Employed,57,592197,18,1,0,0.73,0,1,1,0,0.393,Medium,Low_Risk
CUST1871,30,Female,Married,Secondary,Employed,124,83789,19,1,0,0.57,0,0,0,0,0.392,Medium,Low_Risk
CUST1311,43,Female,Divorced,Secondary,Self-employed,167,86719,12,2,0,0.97,1,1,0,0,0.392,Low,Low_Risk
CUST0335,20,Male,Single,Primary,Self-employed,150,117397,14,1,1,0.57,1,1,1,0,0.392,Low,Low_Risk
CUST1553,45,Male,Single,Secondary,Employed,164,150580,11,2,1,0.61,1,1,0,0,0.392,Low,Low_Risk
CUST0343,39,Male,Divorced,Primary,Employed,134,141138,16,2,0,0.76,0,0,0,0,0.392,Medium,Low_Risk
CUST1861,46,Female,Married,Secondary,Employed,104,93107,22,3,0,0.69,0,1,0,0,0.392,High,Low_Risk
CUST1185,38,Male,Married,University,Employed,106,292428,17,1,0,0.6,1,1,0,0,0.392,Low,Low_Risk
CUST1620,44,Male,Divorced,Primary,Self-employed,146,100654,15,1,0,0.88,2,1,1,0,0.392,Low,Low_Risk
CUST2189,41,Female,Single,University,Employed,168,37895,13,1,0,0.54,3,0,0,0,0.392,Low,Low_Risk
CUST1607,38,Male,Single,Primary,Unemployed,127,22068,20,1,0,0.82,0,1,1,0,0.392,Medium,Low_Risk
CUST0055,47,Male,Single,Primary,Self-employed,112,207586,18,1,0,0.66,1,1,0,0,0.392,Medium,Low_Risk
CUST1468,21,Female,Married,University,Unemployed,118,212310,17,1,1,0.89,4,1,0,0,0.392,Low,Medium_Risk
CUST1767,29,Female,Divorced,University,Employed,169,285439,7,4,1,0.62,0,1,0,0,0.392,Medium,Low_Risk
CUST1404,40,Male,Single,University,Employed,139,21381,18,1,0,0.59,1,1,1,0,0.392,Medium,Low_Risk
CUST0300,63,Male,Single,Secondary,Employed,170,109207,11,1,0,0.86,1,1,0,0,0.392,Low,Low_Risk
CUST2059,26,Male,Single,University,Employed,134,59366,18,3,0,0.93,0,1,0,0,0.392,Medium,Low_Risk
CUST1699,30,Female,Married,Secondary,Employed,152,105527,14,1,0,0.58,0,0,0,0,0.392,Low,Low_Risk
CUST0583,24,Female,Married,University,Employed,123,91729,19,2,0,0.82,1,1,0,0,0.392,Medium,Low_Risk
CUST0251,45,Male,Single,Secondary,Employed,177,16760,12,3,0,0.8,0,0,0,0,0.392,Medium,Low_Risk
CUST1951,28,Male,Single,Primary,Employed,156,31780,15,1,0,0.98,0,1,1,0,0.392,Low,Low_Risk
CUST0315,48,Male,Married,,Employed,151,66347,15,1,0,0.76,1,1,0,0,0.392,Low,Low_Risk
CUST0382,47,Female,Married,Primary,Self-employed,131,79945,18,1,0,0.74,0,1,0,0,0.392,Medium,Low_Risk
CUST0445,34,Male,Married,University,Employed,114,19886,22,1,0,0.83,0,1,0,0,0.391,Medium,Low_Risk
CUST2777,45,Male,Single,Secondary,Self-employed,147,90806,15,1,0,0.58,1,0,1,0,0.391,Low,Low_Risk
CUST0804,38,Male,Divorced,Secondary,Employed,173,82779,11,1,0,0.99,3,0,0,0,0.391,Low,Low_Risk
CUST0384,30,Female,Married,Secondary,Self-employed,178,90514,10,3,0,0.96,0,1,0,0,0.391,Medium,Low_Risk
CUST1787,39,Male,Married,Secondary,Employed,168,157542,10,3,0,0.67,0,1,0,0,0.391,Medium,Low_Risk
CUST2596,54,Male,Married,Secondary,Employed,178,46831,11,2,1,0.93,1,1,0,0,0.391,Low,Low_Risk
CUST2184,29,Male,Single,Secondary,Unemployed,96,143990,22,1,2,0.94,2,0,0,0,0.391,Medium,Medium_Risk
CUST2397,41,Female,Single,University,Employed,123,215897,16,2,0,0.6,0,1,0,0,0.391,Medium,Low_Risk
CUST0398,45,Male,Married,University,Employed,101,110102,22,1,0,0.94,0,1,0,0,0.391,Medium,Low_Risk
CUST1193,20,Male,Married,Secondary,Employed,100,77121,23,1,0,0.56,0,0,1,0,0.391,Medium,Low_Risk
CUST0739,31,Male,Married,Secondary,Self-employed,148,127733,14,1,0,0.96,1,1,0,0,0.391,Low,Low_Risk
CUST2002,27,Male,Single,Primary,Employed,166,88094,12,1,1,0.55,1,1,0,0,0.391,Low,Low_Risk
CUST0432,27,Male,Married,Secondary,Self-employed,170,273860,7,2,0,0.58,0,1,0,0,0.391,Low,Low_Risk
CUST0954,33,Female,Divorced,Secondary,Employed,132,110719,17,3,0,0.93,2,1,0,0,0.391,Medium,Low_Risk
CUST1674,18,Female,Married,University,Employed,90,313576,19,1,0,0.63,0,1,1,0,0.391,Medium,Low_Risk
CUST2881,33,Female,Married,University,Self-employed,162,30765,14,3,0,0.53,0,0,1,0,0.391,Medium,Low_Risk
CUST0974,49,Female,Single,,Employed,98,385797,16,1,0,0.66,1,1,0,0,0.391,Low,Low_Risk
CUST1492,41,Male,Divorced,University,Employed,134,97286,17,1,0,0.81,0,0,0,0,0.391,Low,Low_Risk
CUST1965,38,Female,Married,Secondary,Self-employed,120,192612,17,3,0,0.71,0,1,0,0,0.391,Medium,Low_Risk
CUST1839,30,Female,Married,Secondary,Employed,115,140203,19,1,0,0.8,2,1,0,0,0.391,Medium,Low_Risk
CUST1501,32,Male,Married,Primary,Self-employed,128,475547,9,2,0,0.5,1,1,1,0,0.391,Low,Low_Risk
CUST2240,30,Female,Single,Secondary,Employed,143,35921,17,2,0,0.7,0,1,0,0,0.391,Medium,Low_Risk
CUST1279,25,Male,Single,Primary,Self-employed,130,167467,16,4,0,0.53,1,0,0,0,0.391,Medium,Low_Risk
CUST0616,29,Male,Married,Primary,Employed,121,143778,18,2,1,0.91,2,1,1,0,0.391,Medium,Low_Risk
CUST0474,43,Female,Divorced,Secondary,Self-employed,148,41429,16,1,0,0.52,0,1,0,0,0.391,Low,Low_Risk
CUST0326,35,Male,Single,Primary,Unemployed,112,73134,21,1,0,0.63,0,0,0,0,0.39,Medium,Low_Risk
CUST2429,35,Male,Single,University,Employed,139,16847,18,2,0,0.78,0,1,0,0,0.39,Medium,Low_Risk
CUST1370,44,Male,Married,University,Employed,158,181694,11,1,0,0.97,0,0,0,0,0.39,Low,Low_Risk
CUST1070,35,Female,Married,Primary,Self-employed,126,190520,16,2,0,0.72,3,0,0,0,0.39,Medium,Low_Risk
CUST1581,32,Male,Married,Secondary,Employed,151,61216,15,1,0,0.66,0,0,0,0,0.39,Low,Low_Risk
CUST2992,38,Male,Married,,Unemployed,140,179258,14,4,1,1.0,0,1,1,0,0.39,Medium,Low_Risk
CUST0991,28,Male,Married,Primary,Self-employed,179,120305,9,2,0,0.72,2,1,0,0,0.39,Low,Low_Risk
CUST0286,43,Female,Married,Primary,Employed,133,140978,16,1,0,0.73,1,1,1,0,0.39,Low,Low_Risk
CUST0505,35,Female,Married,,Employed,85,303427,20,2,0,0.99,1,1,1,0,0.39,Medium,Low_Risk
CUST2594,25,Female,Single,Primary,Employed,144,194283,13,1,0,0.8,1,1,1,0,0.39,Low,Low_Risk
CUST1016,29,Male,Married,Primary,Employed,124,160744,17,1,1,0.53,1,1,0,0,0.39,Low,Low_Risk
CUST0881,43,Female,Married,,Self-employed,167,76781,12,2,0,0.85,0,1,1,0,0.39,Low,Low_Risk
CUST0915,31,Male,Divorced,Primary,Self-employed,131,197504,15,1,0,0.9,0,0,0,0,0.39,Low,Low_Risk
CUST1003,48,Male,Divorced,Secondary,Unemployed,145,142192,14,2,0,0.89,2,0,1,0,0.39,Medium,Low_Risk
CUST2228,32,Female,Married,Primary,Employed,122,258611,15,3,0,0.62,1,1,0,0,0.39,Medium,Low_Risk
CUST1320,28,Male,Divorced,Secondary,Unemployed,117,419635,12,1,1,0.88,1,0,0,0,0.39,Low,Low_Risk
CUST0630,36,Female,Married,Secondary,Employed,146,136036,14,4,0,0.92,1,1,1,0,0.39,Medium,Low_Risk
CUST2018,38,Female,Married,Primary,Self-employed,160,40485,14,1,0,0.69,2,1,0,0,0.39,Low,Low_Risk
CUST2200,26,Male,Single,,Self-employed,110,85977,21,2,1,0.88,1,1,0,0,0.39,Medium,Low_Risk
CUST1238,45,Male,Married,Primary,Employed,152,51303,15,2,1,0.72,2,1,1,0,0.39,Medium,Low_Risk
CUST0727,44,Male,Married,Primary,Employed,136,248735,13,1,0,0.99,0,1,0,0,0.39,Low,Low_Risk
CUST1643,37,Female,Married,Primary,Employed,162,24809,14,4,1,0.99,0,1,0,0,0.39,Medium,Low_Risk
CUST1512,33,Female,Married,Secondary,Employed,136,121546,16,3,0,0.7,1,1,1,0,0.39,Medium,Low_Risk
CUST0110,27,Male,Married,Secondary,Self-employed,100,327995,17,3,0,0.91,1,1,0,0,0.39,Medium,Low_Risk
CUST1464,38,Female,Single,Secondary,Self-employed,137,155310,15,1,0,0.69,0,0,1,0,0.39,Low,Low_Risk
CUST2617,26,Female,Married,Secondary,Self-employed,145,57377,16,2,0,0.63,3,0,1,0,0.39,Medium,Low_Risk
CUST2077,27,Female,Married,,Employed,159,43808,14,4,0,0.8,1,0,0,0,0.389,Medium,Low_Risk
CUST0683,34,Female,Single,Primary,Employed,174,66210,11,3,0,0.69,0,0,0,0,0.389,Medium,Low_Risk
CUST0314,18,Female,Divorced,Primary,Self-employed,129,120942,17,2,0,0.79,0,0,0,0,0.389,Medium,Low_Risk
CUST0295,37,Male,Single,Primary,Employed,121,8529,21,1,0,0.98,3,0,0,0,0.389,Medium,Low_Risk
CUST0834,52,Male,Divorced,Secondary,Employed,146,262224,11,2,0,0.53,2,1,0,0,0.389,Low,Low_Risk
CUST2980,48,Male,Single,University,Unemployed,171,129624,10,1,0,0.64,0,1,1,0,0.389,Low,Low_Risk
CUST0787,33,Female,Married,University,Employed,121,48149,20,2,0,0.66,0,1,1,0,0.389,Medium,Low_Risk
CUST0583,62,Male,Married,Secondary,Employed,146,216407,12,3,0,0.75,1,1,0,0,0.389,Medium,Low_Risk
CUST2045,29,Male,Single,University,Employed,157,55447,14,2,0,0.51,2,0,0,0,0.389,Medium,Low_Risk
CUST0238,24,Male,Single,Secondary,Self-employed,76,659107,13,2,0,0.61,1,0,0,0,0.389,Medium,Low_Risk
CUST2056,42,Male,Single,,Employed,136,201397,14,1,0,0.67,1,0,0,0,0.389,Low,Low_Risk
CUST1540,28,Male,Married,,Unemployed,166,166187,10,3,0,0.78,0,1,1,0,0.389,Medium,Low_Risk
CUST2362,40,Female,Married,Secondary,Employed,178,83820,10,1,0,0.81,2,1,0,0,0.389,Low,Low_Risk
CUST1845,29,Male,Married,Secondary,Unemployed,158,92412,13,3,0,0.99,1,1,0,0,0.389,Medium,Low_Risk
CUST2768,28,Female,Married,Primary,Self-employed,145,138484,14,3,0,0.74,1,0,0,0,0.389,Medium,Low_Risk
CUST0134,38,Male,Married,Primary,Unemployed,134,258046,13,1,0,0.67,1,1,0,0,0.389,Low,Low_Risk
CUST1311,20,Male,Single,Secondary,Self-employed,103,130092,21,2,1,1.0,0,1,1,0,0.389,Medium,Low_Risk
CUST2535,38,Male,Married,Secondary,Employed,158,50067,14,3,0,0.53,0,0,0,0,0.389,Medium,Low_Risk
CUST1191,20,Female,Married,University,Employed,131,65015,18,2,2,0.73,0,0,0,0,0.389,Medium,Low_Risk
CUST2871,42,Male,Single,Secondary,Employed,119,61628,20,2,1,0.5,1,1,1,0,0.389,Medium,Low_Risk
CUST0311,30,Female,Married,Secondary,Employed,141,122724,15,1,0,0.6,2,1,0,0,0.389,Low,Low_Risk
CUST0413,27,Male,Single,Secondary,Employed,123,118065,18,1,0,0.71,3,1,0,0,0.388,Medium,Low_Risk
CUST2792,34,Female,Single,Primary,Employed,139,220750,13,1,0,0.85,0,1,0,0,0.388,Low,Low_Risk
CUST1339,27,Male,Married,Primary,Employed,177,1873,12,3,1,0.8,3,1,0,0,0.388,Medium,Medium_Risk
CUST0789,30,Male,Divorced,,Self-employed,108,7329,23,3,0,0.92,1,1,1,0,0.388,High,Low_Risk
CUST2894,38,Female,Married,Primary,Self-employed,176,49029,11,1,0,0.56,2,1,1,0,0.388,Low,Low_Risk
CUST2690,26,Male,Single,Primary,Employed,144,143707,14,1,0,0.5,2,1,0,0,0.388,Low,Low_Risk
CUST0719,31,Male,Married,Secondary,Employed,156,145010,12,1,1,0.7,1,1,0,0,0.388,Low,Low_Risk
CUST2033,44,Female,Single,University,Unemployed,149,64217,15,3,2,0.99,1,1,1,0,0.388,Medium,Medium_Risk
CUST2634,43,Male,Single,Primary,Employed,136,68230,17,3,0,0.78,1,1,0,0,0.388,Medium,Low_Risk
CUST2329,26,Male,Divorced,Secondary,Self-employed,176,47623,11,1,0,0.51,1,1,0,0,0.388,Low,Low_Risk
CUST0689,44,Female,Married,,Employed,64,394691,21,1,0,0.88,2,0,1,0,0.388,Medium,Low_Risk
CUST1248,32,Male,Divorced,Secondary,Employed,179,73339,10,4,1,0.61,0,1,1,0,0.388,Medium,Low_Risk
CUST1959,54,Male,Single,Secondary,Employed,171,39564,12,2,1,0.84,2,1,0,0,0.388,Low,Low_Risk
CUST1400,25,Female,Single,University,Employed,106,106779,21,3,0,0.71,0,1,1,0,0.388,Medium,Low_Risk
CUST0307,38,Female,Married,Primary,Employed,110,122482,20,1,0,0.53,0,0,0,0,0.388,Medium,Low_Risk
CUST2729,21,Male,Single,Secondary,Self-employed,100,20652,24,3,1,0.5,1,0,1,0,0.388,High,Low_Risk
CUST2012,50,Male,Married,Primary,Employed,124,24977,20,1,0,0.7,1,0,0,0,0.388,Medium,Low_Risk
CUST0783,42,Female,Single,Primary,Self-employed,176,50819,11,2,0,0.53,2,1,1,0,0.388,Low,Low_Risk
CUST1051,44,Female,Married,Primary,Self-employed,155,66853,14,3,0,0.93,1,1,1,0,0.388,Medium,Low_Risk
CUST1906,26,Female,Single,University,Employed,159,40823,14,3,0,0.84,1,0,1,0,0.388,Medium,Low_Risk
CUST1870,32,Female,Married,Secondary,Employed,158,1602,15,1,1,0.88,1,1,0,0,0.388,Low,Low_Risk
CUST1064,34,Female,Single,University,Employed,125,16900,20,1,1,0.51,1,0,0,0,0.388,Medium,Low_Risk
CUST2757,25,Male,Single,Primary,Employed,129,71483,18,1,1,0.79,0,1,0,0,0.387,Medium,Low_Risk
CUST2934,24,Female,Married,University,Employed,82,268758,21,3,0,0.76,3,1,0,0,0.387,Medium,Low_Risk
CUST0713,42,Male,Married,Secondary,Employed,163,93075,12,1,1,0.91,0,1,0,0,0.387,Low,Low_Risk
CUST2203,34,Female,Married,University,Employed,89,260945,20,2,1,0.79,0,1,0,0,0.387,Medium,Low_Risk
CUST2035,37,Female,Married,Secondary,Employed,151,131639,13,1,0,0.87,0,0,1,0,0.387,Low,Low_Risk
CUST1839,30,Female,Married,University,Unemployed,173,65046,11,3,0,0.8,1,1,0,0,0.387,Medium,Low_Risk
CUST2580,38,Female,Single,University,Self-employed,91,162918,22,3,1,0.85,0,1,1,0,0.387,High,Low_Risk
CUST2812,35,Male,Single,,Unemployed,136,110006,16,1,1,0.73,2,0,0,0,0.387,Low,Low_Risk
CUST2165,23,Male,Single,,Self-employed,119,99780,19,2,0,0.73,0,1,0,0,0.387,Medium,Low_Risk
CUST1577,43,Male,Divorced,University,Self-employed,111,282445,16,2,0,0.52,1,0,0,0,0.387,Medium,Low_Risk
CUST1247,30,Male,Married,Secondary,Employed,151,49469,15,2,0,0.57,1,0,1,0,0.387,Medium,Low_Risk
CUST2658,34,Male,Married,University,Self-employed,155,21334,15,2,0,0.85,0,1,1,0,0.387,Medium,Low_Risk
CUST1241,36,Male,Married,Primary,Employed,174,16865,12,1,0,0.75,2,1,0,0,0.387,Low,Low_Risk
CUST2433,34,Male,Single,Primary,Employed,150,13403,16,3,0,0.68,2,1,0,0,0.387,Medium,Low_Risk
CUST2081,31,Male,Divorced,Primary,Employed,126,175575,16,4,0,0.99,0,0,0,0,0.387,Medium,Low_Risk
CUST0348,27,Male,Divorced,Secondary,Employed,162,51322,13,4,0,0.6,1,1,0,0,0.386,Medium,Low_Risk
CUST1160,30,Male,Married,Primary,Employed,163,46022,13,2,1,0.88,1,1,0,0,0.386,Medium,Low_Risk
CUST1597,24,Male,Single,Secondary,Self-employed,74,21556,28,1,0,0.64,1,1,0,0,0.386,Medium,Low_Risk
CUST0277,46,Male,Married,Primary,Unemployed,132,89365,17,2,0,0.82,1,1,0,0,0.386,Medium,Low_Risk
CUST1308,41,Female,Divorced,University,Self-employed,164,250318,8,1,0,0.67,1,1,1,0,0.386,Low,Low_Risk
CUST0392,27,Female,Married,Secondary,Self-employed,128,160142,16,2,0,0.9,0,0,0,0,0.386,Medium,Low_Risk
CUST2468,35,Female,Married,Secondary,Employed,173,18759,12,1,0,0.9,0,0,0,0,0.386,Low,Low_Risk
CUST2657,20,Male,Married,Secondary,Self-employed,167,19961,13,2,0,0.86,0,1,0,0,0.386,Medium,Low_Risk
CUST1300,29,Male,Married,University,Employed,163,2681,14,1,0,0.78,0,1,0,0,0.386,Low,Low_Risk
CUST2522,46,Male,Married,Secondary,Employed,180,56342,10,1,0,0.86,2,0,0,0,0.386,Low,Low_Risk
CUST0149,44,Male,Single,Primary,Self-employed,135,70301,17,1,1,0.85,3,1,0,0,0.386,Low,Medium_Risk
CUST0315,48,Female,Single,Secondary,Employed,111,571970,9,1,0,0.67,1,1,0,0,0.386,Low,Low_Risk
CUST0441,33,Female,Married,Secondary,Employed,144,90753,15,4,0,0.54,1,1,1,0,0.386,Medium,Low_Risk
CUST0064,28,Male,Single,Secondary,Employed,145,171702,13,1,1,0.81,4,1,0,0,0.386,Low,Medium_Risk
CUST0316,19,Female,Single,Secondary,Self-employed,134,161066,15,2,0,0.7,0,1,0,0,0.386,Medium,Low_Risk
CUST0061,29,Male,Married,,Self-employed,159,30649,14,1,0,0.75,0,1,1,0,0.386,Low,Low_Risk
CUST0634,25,Female,Single,Primary,Employed,151,1380,16,3,0,0.59,0,1,1,0,0.386,Medium,Low_Risk
CUST0069,27,Female,Single,Secondary,Employed,88,390567,17,4,0,0.71,1,1,1,0,0.386,High,Low_Risk
CUST0168,26,Male,Divorced,Primary,Employed,85,372482,18,1,1,0.51,2,1,1,0,0.386,Medium,Low_Risk
CUST2221,37,Male,Married,University,Employed,132,3452,19,3,0,0.66,0,1,1,0,0.386,Medium,Low_Risk
CUST2277,34,Male,Single,University,Employed,108,254517,17,2,0,0.91,4,0,1,0,0.386,Medium,Low_Risk
CUST0051,47,Male,Married,University,Employed,105,106322,21,2,0,0.81,0,0,1,0,0.386,Medium,Low_Risk
CUST0298,27,Male,Single,University,Unemployed,111,62351,21,1,0,0.51,1,1,1,0,0.386,Medium,Low_Risk
CUST2242,18,Male,Married,Secondary,Employed,143,12053,17,3,1,0.57,0,1,1,0,0.386,Medium,Low_Risk
CUST0960,27,Female,Married,Primary,Unemployed,83,463713,16,3,1,0.92,0,1,1,0,0.385,Medium,Low_Risk
CUST2705,50,Female,Married,,Employed,161,55219,13,1,0,0.74,2,0,0,0,0.385,Low,Low_Risk
CUST2985,38,Male,Married,Secondary,Employed,144,2847,17,1,0,0.69,1,0,1,0,0.385,Low,Low_Risk
CUST2756,32,Female,Single,,Self-employed,130,55305,18,3,0,0.64,1,1,0,0,0.385,Medium,Low_Risk
CUST1444,44,Male,Married,Secondary,Self-employed,153,323067,8,1,0,0.77,0,0,1,0,0.385,Low,Low_Risk
CUST1575,27,Female,Single,Primary,Employed,165,240751,8,1,0,0.75,0,1,0,0,0.385,Low,Low_Risk
CUST2519,44,Male,Married,University,Self-employed,150,174889,12,3,1,0.85,0,1,1,0,0.385,Medium,Low_Risk
CUST1884,39,Female,Divorced,Primary,Self-employed,144,44052,16,3,0,0.55,1,1,1,0,0.385,Medium,Low_Risk
CUST2562,48,Female,Married,Secondary,Employed,143,94419,15,2,0,0.59,0,1,0,0,0.385,Medium,Low_Risk
CUST2818,41,Female,Single,,Unemployed,52,382668,23,2,0,0.93,2,1,0,0,0.385,Medium,Low_Risk
CUST0149,19,Female,Married,University,Employed,162,91141,12,1,1,0.52,0,1,0,0,0.385,Low,Low_Risk
CUST2512,34,Female,Single,Primary,Employed,136,98593,16,2,0,0.54,1,1,0,0,0.385,Medium,Low_Risk
CUST1081,43,Male,Married,Secondary,Self-employed,169,2384,13,1,2,0.93,1,0,0,0,0.385,Low,Medium_Risk
CUST1790,35,Female,Married,University,Self-employed,165,69025,12,2,0,0.61,1,0,1,0,0.385,Low,Low_Risk
CUST2512,32,Female,Single,Secondary,Employed,125,49686,19,2,1,0.61,2,0,0,0,0.385,Medium,Low_Risk
CUST2798,21,Male,Married,University,Employed,142,187029,13,1,0,0.97,0,1,0,0,0.385,Low,Low_Risk
CUST0043,30,Female,Married,Secondary,Self-employed,167,185257,9,1,0,0.77,0,1,0,0,0.385,Low,Low_Risk
CUST2305,51,Male,Single,University,Employed,125,176461,16,1,0,0.79,0,0,0,0,0.385,Low,Low_Risk
CUST1835,25,Female,Single,Primary,Employed,129,60021,18,1,0,0.72,1,1,1,0,0.384,Medium,Low_Risk
CUST2086,36,Female,Married,University,Employed,137,133615,15,1,0,0.55,1,1,0,0,0.384,Low,Low_Risk
CUST2489,31,Female,Married,Secondary,Employed,122,194511,16,3,1,0.81,0,1,0,0,0.384,Medium,Low_Risk
CUST1406,24,Male,Divorced,University,Employed,133,245695,13,1,0,0.62,0,1,0,0,0.384,Low,Low_Risk
CUST2580,32,Male,Single,,Self-employed,122,148013,17,4,0,0.87,4,1,0,0,0.384,High,Low_Risk
CUST0214,18,Male,Married,Primary,Unemployed,144,124565,14,2,1,0.82,0,1,0,0,0.384,Medium,Low_Risk
CUST1545,51,Female,Single,Primary,Employed,120,207539,16,2,0,0.52,1,1,0,0,0.384,Medium,Low_Risk
CUST1585,40,Female,Married,Secondary,Employed,138,208035,13,3,0,0.64,0,0,0,0,0.384,Medium,Low_Risk
CUST1762,24,Female,Married,Primary,Unemployed,146,110743,14,2,0,0.9,0,1,1,0,0.384,Medium,Low_Risk
CUST0750,44,Female,Single,University,Employed,86,482716,15,3,0,0.95,1,0,0,0,0.384,Medium,Low_Risk
CUST2508,41,Female,Married,Primary,Self-employed,117,186142,17,2,0,0.62,0,1,1,0,0.384,Medium,Low_Risk
CUST1342,26,Male,Married,University,Self-employed,133,160202,15,2,0,0.55,2,1,0,0,0.384,Medium,Low_Risk
CUST0123,19,Female,Married,Secondary,Employed,136,181162,14,4,0,0.84,0,1,0,0,0.384,Medium,Low_Risk
CUST1239,26,Female,Married,Primary,Employed,99,564840,11,2,1,0.58,2,0,0,0,0.384,Low,Low_Risk
CUST0398,29,Male,Married,Primary,Self-employed,163,38118,13,4,0,0.57,1,1,0,0,0.384,Medium,Low_Risk
CUST1980,27,Female,Married,,Self-employed,62,138353,27,1,0,0.52,1,1,0,0,0.384,Medium,Low_Risk
CUST0583,36,Male,Divorced,University,Employed,166,18271,13,2,1,0.58,2,1,1,0,0.384,Medium,Low_Risk
CUST0822,24,Male,Married,Secondary,Employed,152,30379,15,2,0,0.56,3,1,0,0,0.384,Medium,Low_Risk
CUST1474,41,Female,Single,Primary,Employed,166,102605,11,2,0,0.6,0,1,0,0,0.384,Low,Low_Risk
CUST2363,38,Male,Married,Secondary,Self-employed,167,54548,12,2,0,0.75,0,1,0,0,0.384,Low,Low_Risk
CUST1004,27,Female,Married,Primary,Self-employed,134,235795,13,3,0,0.57,2,1,0,0,0.384,Medium,Low_Risk
CUST1170,37,Male,Married,Primary,Self-employed,137,300251,11,1,0,0.86,1,0,1,0,0.384,Low,Low_Risk
CUST1308,18,Female,Married,Secondary,Employed,180,6908,11,3,0,0.85,2,1,0,0,0.384,Medium,Low_Risk
CUST2552,43,Female,Single,Secondary,Employed,51,723080,15,1,0,0.92,0,1,0,0,0.384,Low,Low_Risk
CUST1968,26,Female,Single,University,Unemployed,175,41586,11,4,0,0.99,1,0,1,0,0.384,Medium,Low_Risk
CUST1883,42,Female,Single,Secondary,Self-employed,132,121953,16,2,1,0.57,1,1,1,0,0.384,Medium,Low_Risk
CUST0650,51,Male,Single,University,Employed,91,364201,17,1,0,0.67,0,0,1,0,0.384,Low,Low_Risk
CUST2604,51,Female,Married,University,Self-employed,161,9599,14,1,1,0.91,3,1,0,0,0.384,Low,Medium_Risk
CUST0043,19,Female,Single,Primary,Self-employed,135,144141,15,1,0,0.86,0,1,1,0,0.384,Low,Low_Risk
CUST0941,29,Female,Single,University,Self-employed,154,13602,15,1,0,0.57,0,1,0,0,0.384,Low,Low_Risk
CUST1811,45,Female,Married,,Employed,170,29416,12,4,0,0.62,3,1,1,0,0.383,Medium,Low_Risk
CUST0161,23,Male,Single,Secondary,Employed,139,30587,17,1,0,0.82,0,0,0,0,0.383,Low,Low_Risk
CUST1080,58,Female,Single,Secondary,Employed,173,47891,11,3,1,0.57,0,0,1,0,0.383,Medium,Low_Risk
CUST2449,32,Male,Divorced,Primary,Unemployed,167,49349,12,1,0,0.76,2,0,0,0,0.383,Low,Low_Risk
CUST0887,46,Female,Married,Secondary,Self-employed,151,71736,14,1,1,0.62,4,1,1,0,0.383,Low,Medium_Risk
CUST0159,42,Female,Married,University,Self-employed,167,7015,13,1,1,0.95,2,1,0,0,0.383,Low,Low_Risk
CUST1268,64,Male,Married,University,Employed,137,41321,17,2,0,0.94,0,1,0,0,0.383,Medium,Low_Risk
CUST1360,44,Female,Married,Secondary,Employed,113,124842,19,4,0,0.92,0,1,1,0,0.383,High,Low_Risk
CUST2107,45,Male,Married,University,Unemployed,126,417776,10,1,0,0.71,0,1,1,0,0.383,Low,Low_Risk
CUST1727,34,Female,Married,Primary,Self-employed,152,237573,10,2,0,0.52,0,0,0,0,0.383,Low,Low_Risk
CUST0076,24,Female,Single,University,Self-employed,98,99088,22,2,0,0.93,1,1,1,0,0.383,Medium,Low_Risk
CUST0903,25,Male,Married,University,Self-employed,153,16646,15,2,1,0.98,0,0,1,0,0.383,Medium,Low_Risk
CUST1394,41,Female,Married,Secondary,Self-employed,126,119949,17,1,0,0.86,0,1,1,0,0.383,Low,Low_Risk
CUST1211,31,Male,Divorced,Secondary,Unemployed,123,95312,18,4,0,0.81,2,1,0,0,0.383,High,Low_Risk
CUST0300,50,Male,Single,Secondary,Employed,122,402795,11,2,1,0.78,0,1,1,0,0.383,Low,Low_Risk
CUST1403,32,Female,Married,Secondary,Self-employed,160,98539,12,1,0,0.56,0,0,0,0,0.383,Low,Low_Risk
CUST2286,18,Female,Single,Primary,Self-employed,114,74883,20,4,0,0.96,0,0,0,0,0.383,High,Low_Risk
CUST2558,38,Male,Single,University,Employed,171,20745,12,2,0,0.75,0,1,0,0,0.383,Low,Low_Risk
CUST2296,32,Female,Divorced,University,Employed,158,25662,14,1,2,0.93,1,1,0,0,0.383,Low,Medium_Risk
CUST0780,30,Male,Married,Secondary,Self-employed,131,124830,16,2,0,0.54,1,0,1,0,0.383,Medium,Low_Risk
CUST0338,19,Male,Single,University,Employed,179,6578,11,2,0,0.88,0,0,1,0,0.383,Low,Low_Risk
CUST1151,37,Male,Single,Secondary,Unemployed,84,363974,18,2,0,0.93,0,1,0,0,0.383,Medium,Low_Risk
CUST1040,32,Female,Married,Secondary,Self-employed,119,167766,17,2,0,0.93,1,1,1,0,0.383,Medium,Low_Risk
CUST2611,50,Male,Married,University,Employed,154,136551,12,2,0,0.95,1,0,0,0,0.383,Low,Low_Risk
CUST0013,22,Male,Single,Primary,Employed,105,90916,21,4,0,0.75,1,1,1,0,0.383,High,Low_Risk
CUST2630,35,Female,Married,University,Employed,116,100578,19,1,0,0.54,1,0,0,0,0.383,Medium,Low_Risk
CUST0869,19,Female,Single,University,Employed,152,23123,15,3,0,0.91,1,1,1,0,0.383,Medium,Low_Risk
CUST0115,36,Female,Married,Primary,Self-employed,147,100274,14,1,0,0.81,0,1,1,0,0.383,Low,Low_Risk
CUST1474,46,Male,Married,Primary,Employed,19,814239,18,2,0,0.62,1,0,1,0,0.383,Medium,Low_Risk
CUST1894,41,Female,Single,,Employed,179,173604,7,3,0,0.85,0,1,0,0,0.382,Low,Low_Risk
CUST1693,36,Female,Divorced,Secondary,Employed,101,201078,19,4,0,0.58,1,1,1,0,0.382,High,Low_Risk
CUST1693,60,Male,Married,Secondary,Self-employed,119,245440,15,2,0,0.76,0,1,0,0,0.382,Medium,Low_Risk
CUST2224,38,Female,Single,University,Employed,127,22850,19,3,0,0.99,1,1,0,0,0.382,Medium,Low_Risk
CUST1119,29,Male,Married,University,Unemployed,98,263303,18,2,0,0.78,1,0,1,0,0.382,Medium,Low_Risk
CUST0097,51,Male,Married,Secondary,Unemployed,124,126920,17,2,0,0.55,1,0,0,0,0.382,Medium,Low_Risk
CUST2342,19,Male,Married,,Employed,142,132381,14,2,0,0.58,1,0,1,0,0.382,Medium,Low_Risk
CUST1682,29,Male,Married,Primary,Employed,64,458059,19,2,0,0.85,0,1,0,0,0.382,Medium,Low_Risk
CUST0761,20,Female,Married,Primary,Employed,166,49888,12,2,0,0.61,0,0,1,0,0.382,Low,Low_Risk
CUST1265,31,Female,Married,Secondary,Unemployed,126,72882,18,1,1,0.66,0,1,1,0,0.382,Medium,Low_Risk
CUST0471,43,Male,Married,University,Unemployed,120,157116,17,2,0,0.76,0,1,0,0,0.382,Medium,Low_Risk
CUST1165,24,Male,Divorced,Primary,Employed,146,146772,13,2,0,0.74,3,0,1,0,0.382,Medium,Low_Risk
CUST2715,18,Female,Married,Secondary,Employed,128,142885,16,1,0,0.51,1,1,0,0,0.382,Low,Low_Risk
CUST0066,48,Male,Single,Secondary,Unemployed,153,12317,15,1,0,0.63,2,1,0,0,0.382,Low,Low_Risk
CUST2428,45,Male,Married,Primary,Employed,103,18249,23,4,0,0.85,0,1,0,0,0.382,High,Low_Risk
CUST0114,22,Female,Single,Secondary,Self-employed,102,280168,17,1,0,0.53,1,0,0,0,0.382,Low,Low_Risk
CUST0336,38,Male,Married,University,Employed,145,69531,15,2,0,0.97,1,0,0,0,0.382,Medium,Low_Risk
CUST1249,51,Female,Divorced,Primary,Employed,104,94184,21,2,0,0.92,2,1,0,0,0.382,Medium,Low_Risk
CUST0417,20,Male,Single,Secondary,Employed,111,388192,13,1,0,0.95,1,1,1,0,0.382,Low,Low_Risk
CUST0234,25,Female,Single,University,Employed,154,260083,9,1,1,0.54,0,1,0,0,0.382,Low,Low_Risk
CUST0974,18,Female,Married,Secondary,Employed,152,18979,15,2,0,0.57,1,1,1,0,0.382,Medium,Low_Risk
CUST0413,24,Male,Single,Primary,Employed,121,190114,16,4,0,0.73,0,1,0,0,0.382,Medium,Low_Risk
CUST1608,61,Female,Married,University,Employed,101,160127,20,2,0,0.53,1,1,0,0,0.382,Medium,Low_Risk
CUST0353,37,Female,Divorced,Primary,Self-employed,158,22018,14,3,0,0.91,3,1,1,0,0.382,Medium,Low_Risk
CUST1429,48,Male,Single,,Employed,157,27724,14,2,1,0.94,0,1,0,0,0.382,Medium,Low_Risk
CUST2526,39,Male,Single,Primary,Unemployed,143,82212,15,1,0,0.7,0,0,1,0,0.382,Low,Low_Risk
CUST1740,38,Female,Married,Primary,Employed,146,144617,13,3,0,0.54,3,0,0,0,0.382,Medium,Low_Risk
CUST0723,46,Male,Married,Primary,Unemployed,120,192662,16,1,0,0.81,0,0,0,0,0.381,Low,Low_Risk
CUST2936,29,Male,Single,Secondary,Self-employed,152,185948,11,3,0,0.63,1,0,0,0,0.381,Medium,Low_Risk
CUST1647,21,Female,Married,Secondary,Self-employed,76,241025,22,1,0,0.83,0,0,0,0,0.381,Medium,Low_Risk
CUST0361,18,Male,Single,,Self-employed,96,231557,19,1,0,0.92,2,1,0,0,0.381,Medium,Low_Risk
CUST1999,54,Male,Married,Secondary,Employed,135,49095,17,3,0,0.84,2,1,0,0,0.381,Medium,Low_Risk
CUST0526,43,Female,Divorced,Secondary,Employed,155,79069,13,1,0,0.75,0,0,0,0,0.381,Low,Low_Risk
CUST2914,32,Female,Married,,Employed,96,147540,21,1,1,0.73,3,1,0,0,0.381,Medium,Medium_Risk
CUST1757,30,Female,Single,Primary,Employed,168,118211,10,1,0,0.81,1,0,0,0,0.381,Low,Low_Risk
CUST0179,41,Female,Single,Secondary,Employed,116,94556,19,1,0,0.99,0,1,1,0,0.381,Medium,Low_Risk
CUST1682,24,Male,Married,Primary,Unemployed,121,143517,17,4,0,0.88,2,1,0,0,0.381,High,Low_Risk
CUST1481,40,Male,Married,Primary,Self-employed,161,124935,11,2,0,0.85,1,1,1,0,0.381,Low,Low_Risk
CUST1323,47,Female,Divorced,Primary,Self-employed,116,95445,19,2,1,0.76,2,0,1,0,0.381,Medium,Low_Risk
CUST1607,33,Male,Single,Secondary,Employed,109,227582,17,2,0,0.58,1,1,1,0,0.381,Medium,Low_Risk
CUST2863,51,Male,Married,Secondary,Self-employed,127,18894,19,2,0,0.78,2,1,1,0,0.381,Medium,Low_Risk
CUST1555,24,Female,Married,Secondary,Unemployed,97,479325,13,2,0,0.87,1,0,0,0,0.381,Medium,Low_Risk
CUST2606,34,Female,Single,University,Self-employed,165,98507,11,4,0,0.54,0,1,0,0,0.381,Medium,Low_Risk
CUST0242,37,Male,Single,University,Employed,78,99789,25,1,0,0.89,0,1,0,0,0.381,Medium,Low_Risk
CUST0479,32,Male,Single,Secondary,Unemployed,124,83240,18,3,1,0.52,2,0,1,0,0.381,Medium,Low_Risk
CUST1262,26,Female,Married,Primary,Employed,133,145480,15,2,0,0.96,0,0,0,0,0.381,Medium,Low_Risk
CUST0400,18,Male,Single,Primary,Self-employed,77,489140,16,1,0,0.51,2,1,0,0,0.381,Low,Low_Risk
CUST2350,30,Male,Single,Primary,Self-employed,120,193527,16,4,1,0.59,2,1,0,0,0.381,Medium,Low_Risk
CUST2532,35,Male,Married,Secondary,Employed,136,167977,14,1,1,0.63,2,1,0,0,0.381,Low,Low_Risk
CUST1095,18,Male,Divorced,University,Self-employed,171,53491,11,2,0,0.71,1,1,0,0,0.381,Low,Low_Risk
CUST1087,25,Female,Married,University,Self-employed,140,8444,17,1,0,0.75,1,1,1,0,0.38,Low,Low_Risk
CUST1385,33,Female,Single,Primary,Employed,160,40456,13,4,0,0.85,1,1,0,0,0.38,Medium,Low_Risk
CUST0337,35,Male,Single,Primary,Employed,137,28623,17,3,0,0.81,3,1,1,0,0.38,Medium,Low_Risk
CUST1103,39,Male,Married,,Unemployed,163,64076,12,3,0,0.88,0,1,1,0,0.38,Medium,Low_Risk
CUST1266,41,Male,Single,Primary,Employed,140,8387,17,2,0,0.95,1,1,0,0,0.38,Medium,Low_Risk
CUST1164,48,Male,Single,University,Self-employed,59,866872,10,2,0,0.75,0,0,1,0,0.38,Low,Low_Risk
CUST0258,30,Female,Married,Primary,Employed,141,46425,16,3,0,0.9,0,0,1,0,0.38,Medium,Low_Risk
CUST1364,26,Female,Married,Secondary,Self-employed,83,485101,15,1,0,0.84,2,1,0,0,0.38,Low,Low_Risk
CUST2605,48,Male,Divorced,University,Employed,124,161918,16,3,0,0.91,1,1,0,0,0.38,Medium,Low_Risk
CUST2646,48,Female,Married,,Employed,175,108143,9,1,0,0.68,1,1,0,0,0.38,Low,Low_Risk
CUST2167,42,Female,Married,Secondary,Employed,69,584346,15,2,0,0.55,1,1,1,0,0.38,Medium,Low_Risk
CUST2037,25,Female,Married,,Self-employed,143,117453,14,4,0,0.88,2,0,1,0,0.38,Medium,Low_Risk
CUST2242,56,Male,Single,Secondary,Employed,103,265589,17,2,0,0.8,0,0,0,0,0.38,Medium,Low_Risk
CUST0210,40,Female,Single,Secondary,Self-employed,133,101911,16,4,0,0.67,1,0,1,0,0.38,Medium,Low_Risk
CUST1064,29,Male,Single,Primary,Employed,105,208905,18,1,0,0.59,2,0,0,0,0.38,Medium,Low_Risk
CUST1901,34,Female,Single,Secondary,Unemployed,148,293885,9,1,0,0.77,1,0,1,0,0.38,Low,Low_Risk
CUST2325,37,Male,Married,Secondary,Employed,136,163340,14,2,0,0.61,1,1,0,0,0.38,Medium,Low_Risk
CUST2714,25,Male,Married,Primary,Self-employed,133,57309,17,1,0,0.56,1,0,0,0,0.38,Low,Low_Risk
CUST1271,28,Female,Married,Secondary,Employed,132,148711,15,3,0,0.96,2,1,1,0,0.38,Medium,Low_Risk
CUST2702,18,Male,Married,University,Employed,134,8003,18,1,0,0.53,0,1,0,0,0.38,Medium,Low_Risk
CUST1729,18,Female,Married,Primary,Employed,156,113385,12,2,1,0.95,4,1,0,0,0.38,Low,Medium_Risk
CUST2664,42,Male,Married,University,Unemployed,176,18009,11,2,0,0.94,2,1,0,0,0.38,Low,Low_Risk
CUST1475,37,Male,Married,Primary,Self-employed,118,199916,16,2,0,0.92,0,1,0,0,0.379,Medium,Low_Risk
CUST1235,41,Female,Married,University,Employed,115,93175,19,1,0,0.94,2,0,0,0,0.379,Medium,Low_Risk
CUST2102,26,Male,Married,Primary,Employed,158,51662,13,2,0,0.95,1,0,1,0,0.379,Medium,Low_Risk
CUST2119,36,Male,Married,Primary,Self-employed,176,11396,11,2,0,0.54,0,1,0,0,0.379,Low,Low_Risk
CUST2186,36,Male,Single,Secondary,Employed,154,34639,14,1,0,0.8,1,1,0,0,0.379,Low,Low_Risk
CUST0147,34,Male,Single,Secondary,Self-employed,141,39109,16,3,0,0.64,0,0,0,0,0.379,Medium,Low_Risk
CUST1195,18,Female,Married,,Employed,110,298142,15,1,0,0.65,1,1,1,0,0.379,Low,Low_Risk
CUST1579,34,Male,Married,University,Employed,109,92629,20,3,0,0.97,2,1,0,0,0.379,Medium,Low_Risk
CUST0067,47,Male,Married,Primary,Unemployed,162,108661,11,3,0,0.8,2,0,0,0,0.379,Medium,Low_Risk
CUST0603,35,Male,Single,Primary,Employed,129,79410,17,2,0,0.53,1,1,0,0,0.379,Medium,Low_Risk
CUST1226,40,Female,Single,Secondary,Unemployed,122,129683,17,1,0,0.77,2,1,0,0,0.379,Low,Low_Risk
CUST0132,26,Male,Married,Secondary,Employed,172,40240,11,3,0,0.65,1,0,1,0,0.379,Medium,Low_Risk
CUST1792,42,Female,Single,Primary,Employed,165,131195,10,2,0,0.61,1,1,0,0,0.379,Low,Low_Risk
CUST0370,30,Male,Single,Primary,Employed,150,62705,14,1,0,0.63,1,1,1,0,0.379,Low,Low_Risk
CUST0578,33,Male,Married,Primary,Employed,153,500,15,1,0,0.51,2,0,1,0,0.379,Low,Low_Risk
CUST0927,18,Female,Married,University,Unemployed,143,26528,16,2,0,0.97,2,1,0,0,0.379,Medium,Low_Risk
CUST1432,27,Female,Married,Primary,Self-employed,138,272336,11,3,0,0.95,0,1,0,0,0.379,Medium,Low_Risk
CUST2662,52,Male,Single,Secondary,Employed,151,13058,15,3,0,0.5,2,0,1,0,0.379,Medium,Low_Risk
CUST2396,34,Male,Married,University,Self-employed,124,115047,17,4,0,0.92,0,1,0,0,0.379,High,Low_Risk
CUST2915,51,Male,Married,University,Employed,152,176603,11,2,0,0.65,0,0,0,0,0.379,Low,Low_Risk
CUST2515,36,Female,Single,Secondary,Employed,163,102270,11,4,0,0.71,0,1,1,0,0.379,Medium,Low_Risk
CUST1056,48,Male,Single,Primary,Employed,113,190455,17,3,0,0.79,1,0,0,0,0.379,Medium,Low_Risk
CUST0525,43,Female,Married,Secondary,Employed,128,47382,18,2,0,0.94,2,1,0,0,0.379,Medium,Low_Risk
CUST2394,38,Male,Single,Secondary,Employed,119,236062,15,2,1,0.89,1,0,1,0,0.379,Medium,Low_Risk
CUST0923,39,Male,Divorced,University,Self-employed,114,186236,17,3,0,0.98,1,1,1,0,0.379,Medium,Low_Risk
CUST0853,57,Female,Married,University,Self-employed,47,729233,15,2,0,0.51,0,1,1,0,0.379,Medium,Low_Risk
CUST1034,38,Female,Divorced,Primary,Unemployed,94,320901,17,1,0,0.54,0,0,0,0,0.379,Low,Low_Risk
CUST1313,48,Male,Married,Primary,Self-employed,145,220131,11,1,0,0.73,2,1,1,0,0.378,Low,Low_Risk
CUST2328,35,Female,Single,Secondary,Employed,149,111005,13,4,0,0.72,1,1,0,0,0.378,Medium,Low_Risk
CUST2684,46,Male,Single,Secondary,Self-employed,60,383493,21,1,0,0.53,1,0,1,0,0.378,Medium,Low_Risk
CUST1196,44,Male,Divorced,Secondary,Employed,128,169974,15,1,1,0.72,1,0,0,0,0.378,Low,Low_Risk
CUST2584,30,Female,Married,Secondary,Unemployed,145,51338,15,2,0,0.92,1,1,1,0,0.378,Medium,Low_Risk
CUST2589,39,Male,Single,Secondary,Self-employed,99,197325,19,2,0,0.96,0,1,0,0,0.378,Medium,Low_Risk
CUST1658,50,Female,Single,Primary,Employed,109,4161,22,3,0,0.98,1,1,0,0,0.378,High,Low_Risk
CUST2214,35,Female,Single,University,Employed,150,143174,12,2,0,0.54,0,0,0,0,0.378,Low,Low_Risk
CUST1477,36,Male,Single,,Self-employed,176,9996,11,2,0,0.77,1,0,0,0,0.378,Low,Low_Risk
CUST2657,36,Female,Married,Secondary,Self-employed,119,145992,17,2,0,0.69,1,1,0,0,0.378,Medium,Low_Risk
CUST0227,23,Male,Single,University,Employed,160,34057,13,2,0,0.55,0,1,1,0,0.378,Medium,Low_Risk
CUST0917,43,Female,Divorced,Primary,Employed,141,77735,15,3,0,0.96,2,0,1,0,0.378,Medium,Low_Risk
CUST1924,18,Female,Divorced,Secondary,Employed,177,86998,9,2,0,0.99,2,1,0,0,0.378,Low,Low_Risk
CUST0528,27,Male,Single,University,Self-employed,147,37216,15,3,0,0.63,1,1,0,0,0.378,Medium,Low_Risk
CUST1237,45,Female,Single,,Employed,91,252953,19,1,0,0.68,2,1,1,0,0.378,Medium,Low_Risk
CUST2877,37,Male,Married,University,Employed,157,13834,14,3,0,0.51,0,1,0,0,0.378,Medium,Low_Risk
CUST2892,36,Male,Single,Secondary,Self-employed,139,52240,16,1,0,0.83,1,1,0,0,0.378,Low,Low_Risk
CUST2113,29,Male,Married,University,Employed,96,260158,18,2,0,0.58,1,1,0,0,0.378,Medium,Low_Risk
CUST1687,24,Male,Single,Primary,Self-employed,173,72339,10,3,0,0.56,1,1,1,0,0.378,Medium,Low_Risk
CUST2169,47,Female,Single,University,Employed,163,55227,12,2,0,0.54,0,1,1,0,0.378,Low,Low_Risk
CUST1792,40,Female,Single,,Employed,125,105239,17,3,0,0.83,1,0,1,0,0.378,Medium,Low_Risk
CUST1386,38,Female,Married,Secondary,Employed,109,87619,20,2,0,0.98,0,0,0,0,0.378,Medium,Low_Risk
CUST0320,38,Male,Single,Secondary,Self-employed,149,108835,13,2,0,0.85,1,1,0,0,0.378,Medium,Low_Risk
CUST2501,37,Female,Married,Secondary,Employed,118,237833,15,1,0,0.87,1,1,0,0,0.378,Low,Low_Risk
CUST1565,35,Female,Single,Secondary,Employed,154,74769,13,1,0,0.82,2,0,0,0,0.378,Low,Low_Risk
CUST0535,25,Female,Single,Primary,Self-employed,162,103521,11,1,0,0.94,2,0,0,0,0.378,Low,Low_Risk
CUST0752,30,Female,Married,University,Employed,42,293711,26,3,0,0.67,3,1,0,0,0.378,High,Low_Risk
CUST1928,38,Male,Single,Secondary,Self-employed,164,92989,11,1,0,0.94,1,0,0,0,0.378,Low,Low_Risk
CUST0106,38,Male,Married,University,Self-employed,149,150708,12,2,0,0.59,0,1,0,0,0.378,Low,Low_Risk
CUST2339,29,Female,Married,Primary,Employed,147,120810,13,1,0,0.74,0,0,1,0,0.377,Low,Low_Risk
CUST1899,34,Female,Married,Secondary,Employed,120,50154,19,3,0,0.81,1,1,1,0,0.377,Medium,Low_Risk
CUST2334,35,Male,Married,Primary,Unemployed,127,256298,13,3,0,0.72,0,1,0,0,0.377,Medium,Low_Risk
CUST1836,25,Male,Married,Secondary,Self-employed,123,284632,13,1,0,0.67,1,1,1,0,0.377,Low,Low_Risk
CUST1907,39,Female,Divorced,Primary,Self-employed,118,274232,14,1,0,0.92,2,0,0,0,0.377,Low,Low_Risk
CUST2435,24,Male,Married,Primary,Employed,130,108265,16,1,0,0.83,3,1,0,0,0.377,Low,Low_Risk
CUST0688,31,Male,Married,Primary,Employed,166,74641,11,1,0,0.52,0,1,0,0,0.377,Low,Low_Risk
CUST2712,20,Male,Married,,Employed,156,16387,14,2,0,0.74,0,1,0,0,0.377,Medium,Low_Risk
CUST2970,26,Male,Divorced,University,Employed,48,331578,24,2,1,0.92,0,1,1,0,0.377,Medium,Low_Risk
CUST0368,35,Male,Single,Secondary,Employed,175,12649,11,1,1,0.6,2,1,0,0,0.377,Low,Low_Risk
CUST1636,30,Male,Married,Secondary,Self-employed,86,283255,19,1,0,0.53,1,0,0,0,0.377,Medium,Low_Risk
CUST1219,28,Male,Married,Primary,Employed,127,169925,15,2,0,0.88,2,0,0,0,0.377,Medium,Low_Risk
CUST2313,36,Male,Single,Secondary,Self-employed,76,480395,16,1,0,0.93,1,1,0,0,0.377,Low,Low_Risk
CUST2406,36,Female,Married,Secondary,Employed,117,112002,18,1,1,0.88,1,1,1,0,0.377,Medium,Low_Risk
CUST2465,35,Female,Married,University,Self-employed,126,10250,19,3,0,0.86,2,1,0,0,0.377,Medium,Low_Risk
CUST1712,27,Female,Married,University,Self-employed,135,73604,16,1,0,0.81,4,1,0,0,0.377,Low,Low_Risk
CUST1380,39,Female,Married,Primary,Unemployed,141,34666,16,2,0,0.69,2,0,1,0,0.377,Medium,Low_Risk
CUST1637,23,Female,Divorced,Secondary,Employed,125,100802,17,1,1,0.65,2,0,1,0,0.377,Low,Low_Risk
CUST1284,27,Female,Single,Secondary,Self-employed,123,29102,19,1,0,0.95,3,0,0,0,0.377,Medium,Low_Risk
CUST2182,38,Female,Married,University,Employed,165,36930,12,1,0,0.72,2,1,1,0,0.377,Low,Low_Risk
CUST0611,32,Female,Single,Secondary,Self-employed,143,103891,14,3,0,0.82,0,0,0,0,0.377,Medium,Low_Risk
CUST0486,23,Female,Married,Primary,Employed,85,34205,25,3,0,0.61,1,0,0,0,0.377,High,Low_Risk
CUST2458,40,Female,Married,Secondary,Employed,136,26301,17,1,0,0.61,2,0,0,0,0.377,Low,Low_Risk
CUST1040,31,Male,Married,Primary,Self-employed,78,383400,18,1,1,0.71,0,1,1,0,0.377,Medium,Low_Risk
CUST2789,18,Female,Married,,Employed,168,60541,11,1,0,0.77,4,0,1,0,0.377,Low,Low_Risk
CUST1961,38,Female,Married,Primary,Self-employed,163,7740,13,2,0,0.82,0,0,0,0,0.377,Medium,Low_Risk
CUST2118,30,Female,Divorced,University,Unemployed,131,16527,18,2,0,0.6,0,1,0,0,0.377,Medium,Low_Risk
CUST0244,18,Male,Married,Primary,Self-employed,104,243266,17,1,0,0.86,0,0,1,0,0.377,Low,Low_Risk
CUST0874,49,Female,Single,Primary,Employed,126,7895,19,3,0,0.57,1,1,1,0,0.377,Medium,Low_Risk
CUST2030,39,Male,Divorced,Secondary,Employed,118,233099,15,3,0,0.88,2,1,0,0,0.377,Medium,Low_Risk
CUST0653,23,Male,Married,Secondary,Employed,154,111523,12,4,0,1.0,1,0,0,0,0.377,Medium,Low_Risk
CUST2474,33,Female,Married,University,Self-employed,157,9592,14,3,0,0.52,1,0,0,0,0.377,Medium,Low_Risk
CUST1023,27,Female,Single,University,Employed,166,31150,12,2,0,0.6,1,1,1,0,0.377,Low,Low_Risk
CUST2397,42,Female,Divorced,Secondary,Unemployed,176,45200,10,2,1,0.68,1,1,0,0,0.377,Low,Low_Risk
CUST1075,30,Female,Single,Primary,Employed,163,48931,12,2,0,0.66,3,1,0,0,0.376,Low,Low_Risk
CUST1082,18,Male,Married,,Unemployed,152,81181,13,1,0,0.63,0,1,0,0,0.376,Low,Low_Risk
CUST0421,63,Male,Single,Primary,Self-employed,161,18270,13,3,0,0.82,0,1,0,0,0.376,Medium,Low_Risk
CUST1962,47,Male,Divorced,Primary,Self-employed,158,166551,10,1,2,0.53,3,0,1,0,0.376,Low,Medium_Risk
CUST2162,39,Male,Divorced,Secondary,Self-employed,165,34041,12,1,0,0.51,1,1,0,0,0.376,Low,Low_Risk
CUST2875,29,Male,Single,Primary,Self-employed,129,237067,13,1,1,0.57,3,1,1,0,0.376,Low,Medium_Risk
CUST0615,56,Female,Single,Secondary,Unemployed,105,446423,12,1,0,0.65,0,1,0,0,0.376,Low,Low_Risk
CUST2213,22,Female,Married,,Self-employed,74,363406,19,3,0,0.96,1,1,0,0,0.376,Medium,Low_Risk
CUST2519,30,Female,Single,Primary,Employed,106,269701,16,3,0,0.5,1,1,0,0,0.376,Medium,Low_Risk
CUST1894,30,Male,Single,Secondary,Self-employed,139,41326,16,1,1,0.53,2,1,1,0,0.376,Low,Low_Risk
CUST0094,35,Male,Married,Primary,Employed,142,192000,12,3,0,0.6,2,1,1,0,0.376,Medium,Low_Risk
CUST0634,35,Male,Single,University,Employed,148,22576,15,2,0,0.6,0,1,1,0,0.376,Medium,Low_Risk
CUST2458,27,Female,Married,Primary,Employed,130,230149,13,2,0,0.84,0,1,0,0,0.376,Medium,Low_Risk
CUST2378,32,Female,Divorced,Secondary,Self-employed,158,123580,11,2,0,0.89,0,1,0,0,0.376,Low,Low_Risk
CUST2966,37,Male,Married,Secondary,Self-employed,127,296830,12,1,0,0.95,0,1,0,0,0.376,Low,Low_Risk
CUST2750,41,Female,Single,Secondary,Employed,174,14764,11,1,0,0.7,1,1,0,0,0.376,Low,Low_Risk
CUST0733,34,Male,Married,Primary,Unemployed,89,131747,22,2,0,0.65,2,0,1,0,0.376,Medium,Low_Risk
CUST2486,37,Female,Married,University,Self-employed,103,37035,22,2,0,0.96,0,0,0,0,0.376,Medium,Low_Risk
CUST1737,34,Male,Married,Primary,Employed,108,215514,17,3,0,0.58,0,1,0,0,0.376,Medium,Low_Risk
CUST0712,41,Female,Married,,Employed,164,39520,12,2,0,0.51,1,0,1,0,0.376,Low,Low_Risk
CUST1611,39,Female,Divorced,Secondary,Employed,128,77530,17,2,0,0.69,0,1,0,0,0.376,Medium,Low_Risk
CUST2635,23,Female,Single,Secondary,Employed,44,442609,22,2,0,0.9,1,1,0,0,0.376,Medium,Low_Risk
CUST2869,28,Female,Divorced,Secondary,Self-employed,153,113229,12,1,0,0.87,2,1,0,0,0.375,Low,Low_Risk
CUST0993,30,Male,Single,Primary,Employed,165,114107,10,1,0,0.62,1,1,0,0,0.375,Low,Low_Risk
CUST1702,18,Female,Married,,Employed,113,3960,21,2,0,0.73,4,1,0,0,0.375,Medium,Low_Risk
CUST0915,18,Male,Single,,Self-employed,143,9661,16,3,0,0.73,2,1,0,0,0.375,Medium,Low_Risk
CUST2948,56,Female,Married,University,Self-employed,131,134713,15,1,0,0.55,0,1,1,0,0.375,Low,Low_Risk
CUST2665,45,Female,Single,University,Self-employed,148,17247,15,3,0,0.62,2,1,1,0,0.375,Medium,Low_Risk
CUST0139,29,Female,Single,Secondary,Unemployed,153,68655,13,1,0,0.72,2,1,0,0,0.375,Low,Low_Risk
CUST1113,33,Male,Married,,Employed,135,108421,15,1,0,0.66,0,0,0,0,0.375,Low,Low_Risk
CUST2147,19,Female,Married,University,Employed,161,225514,8,3,0,0.79,2,1,1,0,0.375,Medium,Low_Risk
CUST2091,40,Male,Married,Primary,Employed,110,238972,16,3,0,0.52,2,0,0,0,0.375,Medium,Low_Risk
CUST2880,40,Female,Married,Primary,Employed,111,315864,14,1,1,0.81,0,0,1,0,0.375,Low,Low_Risk
CUST2047,18,Female,Divorced,University,Employed,148,105373,13,2,0,0.82,1,1,0,0,0.375,Medium,Low_Risk
CUST1725,27,Female,Divorced,Primary,Employed,140,30411,16,3,0,0.85,1,1,1,0,0.375,Medium,Low_Risk
CUST1422,19,Male,Single,Secondary,Employed,145,126282,13,3,0,0.97,0,1,0,0,0.375,Medium,Low_Risk
CUST1159,45,Male,Married,Secondary,Self-employed,172,64853,10,2,1,0.89,2,1,1,0,0.375,Low,Low_Risk
CUST2936,29,Female,Married,Secondary,Self-employed,76,343770,19,1,0,0.92,0,1,0,0,0.375,Medium,Low_Risk
CUST2034,18,Male,Single,Secondary,Employed,85,196181,21,4,0,0.9,0,1,0,0,0.375,High,Low_Risk
CUST1306,56,Female,Single,University,Self-employed,124,185081,15,2,0,0.61,0,1,1,0,0.375,Medium,Low_Risk
CUST2131,37,Male,Single,University,Employed,98,195280,19,1,0,0.68,0,1,1,0,0.375,Medium,Low_Risk
CUST1397,52,Female,Single,Primary,Self-employed,108,293975,15,2,0,0.85,2,0,0,0,0.375,Medium,Low_Risk
CUST0007,18,Female,Single,University,Employed,153,25614,14,2,0,0.54,0,1,0,0,0.375,Medium,Low_Risk
CUST2790,18,Male,Married,Primary,Self-employed,155,12748,14,3,0,0.7,0,1,0,0,0.375,Medium,Low_Risk
CUST2883,18,Female,Married,Secondary,Employed,163,126884,10,1,0,0.86,1,0,1,0,0.375,Low,Low_Risk
CUST1616,22,Male,Single,Secondary,Employed,105,144626,19,2,0,0.95,2,0,0,0,0.375,Medium,Low_Risk
CUST2031,24,Male,Divorced,Primary,Unemployed,122,196870,15,1,1,0.91,1,1,1,0,0.375,Low,Low_Risk
CUST0588,21,Female,Single,University,Self-employed,88,302307,18,2,0,0.73,1,1,0,0,0.374,Medium,Low_Risk
CUST0016,48,Female,Single,,Employed,153,22230,14,1,1,0.96,3,1,0,0,0.374,Low,Medium_Risk
CUST2317,32,Male,Married,,Self-employed,120,37508,19,3,0,0.55,2,0,1,0,0.374,Medium,Low_Risk
CUST0601,46,Female,Married,Primary,Unemployed,144,1875,16,3,0,0.95,2,0,0,0,0.374,Medium,Low_Risk
CUST1345,53,Male,Married,Secondary,Self-employed,154,17609,14,2,0,0.92,1,0,0,0,0.374,Medium,Low_Risk
CUST2898,34,Male,Married,Secondary,Self-employed,152,115517,12,2,0,0.65,2,0,0,0,0.374,Low,Low_Risk
CUST1110,18,Female,Single,,Employed,121,74495,18,1,0,0.54,0,1,0,0,0.374,Medium,Low_Risk
CUST1572,39,Female,Married,Secondary,Employed,130,138239,15,1,0,0.73,2,1,0,0,0.374,Low,Low_Risk
CUST2539,26,Female,Married,Primary,Employed,83,251819,20,1,0,0.55,1,1,0,0,0.374,Medium,Low_Risk
CUST2528,40,Male,Married,Secondary,Employed,106,261266,16,2,1,0.92,2,1,0,0,0.374,Medium,Low_Risk
CUST0601,38,Male,Married,Secondary,Employed,162,1463,13,3,0,0.8,1,0,0,0,0.374,Medium,Low_Risk
CUST0206,47,Female,Married,Secondary,Self-employed,134,28105,17,1,0,0.87,4,0,0,0,0.374,Low,Low_Risk
CUST0261,39,Male,Divorced,Secondary,Employed,151,80421,13,2,0,0.74,0,1,0,0,0.374,Medium,Low_Risk
CUST1026,24,Female,Married,Primary,Employed,130,9489,18,4,0,0.78,0,1,0,0,0.374,High,Low_Risk
CUST1853,34,Male,Married,University,Employed,107,212834,17,4,1,0.61,0,1,0,0,0.374,High,Low_Risk
CUST2860,37,Male,Married,,Employed,144,85907,14,1,0,0.75,1,1,1,0,0.374,Low,Low_Risk
CUST1855,31,Male,Married,Primary,Employed,131,4744,18,2,1,0.55,1,0,0,0,0.374,Medium,Low_Risk
CUST2351,43,Male,Divorced,Secondary,Employed,146,28404,15,4,0,0.82,1,1,0,0,0.374,Medium,Low_Risk
CUST1836,41,Female,Single,Secondary,Employed,148,15557,15,1,0,0.93,2,0,1,0,0.374,Low,Low_Risk
CUST0321,49,Female,Single,University,Employed,138,168881,13,2,0,0.89,1,1,1,0,0.374,Medium,Low_Risk
CUST1816,40,Female,Single,University,Employed,145,78214,14,3,0,0.63,0,1,0,0,0.374,Medium,Low_Risk
CUST1562,43,Male,Married,Secondary,Employed,136,138682,14,4,0,0.82,0,1,1,0,0.374,Medium,Low_Risk
CUST1262,54,Female,Single,Secondary,Unemployed,122,102954,17,2,0,0.54,0,1,0,0,0.373,Medium,Low_Risk
CUST2277,31,Female,Single,University,Employed,114,329834,13,3,0,0.95,0,0,1,0,0.373,Medium,Low_Risk
CUST1808,25,Female,Single,Primary,Employed,160,57515,12,2,0,0.72,2,1,0,0,0.373,Low,Low_Risk
CUST1568,38,Female,Married,University,Employed,145,117710,13,2,0,0.74,2,1,1,0,0.373,Medium,Low_Risk
CUST0276,34,Male,Married,Primary,Self-employed,111,180122,17,2,0,0.68,1,1,1,0,0.373,Medium,Low_Risk
CUST2907,23,Female,Single,Secondary,Self-employed,161,47870,12,1,0,0.91,0,0,1,0,0.373,Low,Low_Risk
CUST0715,34,Male,Single,Secondary,Self-employed,147,103500,13,4,0,0.66,2,0,1,0,0.373,Medium,Low_Risk
CUST2401,27,Male,Single,Primary,Employed,135,184818,13,1,0,0.58,0,0,0,0,0.373,Low,Low_Risk
CUST2344,22,Female,Married,University,Self-employed,135,17084,17,4,0,0.82,1,1,1,0,0.373,High,Low_Risk
CUST1023,21,Male,Single,Secondary,Self-employed,146,109583,13,1,0,0.78,1,0,1,0,0.373,Low,Low_Risk
CUST0812,27,Female,Married,Secondary,Self-employed,82,82802,24,2,0,0.59,0,1,0,0,0.373,Medium,Low_Risk
CUST0606,23,Female,Married,Secondary,Employed,148,221404,10,2,0,0.85,0,0,0,0,0.373,Low,Low_Risk
CUST0523,32,Male,Single,Primary,Employed,165,107246,10,1,0,0.51,2,1,0,0,0.373,Low,Low_Risk
CUST1212,23,Male,Single,Primary,Employed,165,65272,11,1,0,0.89,0,1,1,0,0.373,Low,Low_Risk
CUST0442,27,Female,Married,,Employed,131,256824,12,1,0,0.82,1,0,0,0,0.373,Low,Low_Risk
CUST0373,33,Male,Married,University,Self-employed,119,163723,16,2,0,0.63,0,1,0,0,0.372,Medium,Low_Risk
CUST0589,35,Male,Married,Primary,Unemployed,123,51237,18,2,0,0.63,0,0,0,0,0.372,Medium,Low_Risk
CUST1670,39,Male,Single,University,Employed,145,113878,13,2,0,0.5,1,1,0,0,0.372,Medium,Low_Risk
CUST0202,23,Male,Divorced,Secondary,Employed,140,63211,15,4,0,1.0,1,0,0,0,0.372,Medium,Low_Risk
CUST2478,46,Female,Married,,Self-employed,132,201269,13,2,1,0.63,1,1,0,0,0.372,Medium,Low_Risk
CUST0435,39,Female,Married,Secondary,Employed,92,393690,15,2,0,0.75,4,1,0,0,0.372,Medium,Low_Risk
CUST2900,27,Male,Married,Secondary,Employed,145,195548,11,3,0,0.51,0,1,0,0,0.372,Medium,Low_Risk
CUST0331,31,Female,Married,Primary,Self-employed,163,71547,11,4,1,0.63,1,1,0,0,0.372,Medium,Low_Risk
CUST2099,22,Female,Married,Secondary,Employed,172,53603,10,1,0,0.86,0,1,0,0,0.372,Low,Low_Risk
CUST2731,38,Female,Married,Secondary,Unemployed,108,25144,21,3,0,0.65,0,1,0,0,0.372,Medium,Low_Risk
CUST2847,23,Female,Divorced,University,Self-employed,155,45391,13,2,0,0.86,0,0,0,0,0.372,Medium,Low_Risk
CUST0125,37,Male,Divorced,Primary,Unemployed,107,161854,18,3,1,0.84,1,0,0,0,0.372,Medium,Low_Risk
CUST0069,34,Female,Single,University,Employed,128,16827,18,4,1,0.73,2,1,0,0,0.372,High,Low_Risk
CUST0934,37,Female,Divorced,Primary,Self-employed,91,314082,17,2,0,0.9,0,1,0,0,0.372,Medium,Low_Risk
CUST0427,44,Male,Single,,Employed,159,14201,13,2,0,0.54,2,0,1,0,0.372,Medium,Low_Risk
CUST0928,34,Male,Single,Primary,Unemployed,129,11390,18,1,0,0.53,0,1,0,0,0.372,Medium,Low_Risk
CUST1497,33,Female,Married,Secondary,Unemployed,112,1400,21,1,0,0.92,1,0,1,0,0.372,Medium,Low_Risk
CUST1259,37,Female,Single,Secondary,Self-employed,129,135781,15,4,0,0.6,1,0,1,0,0.372,Medium,Low_Risk
CUST2718,44,Male,Divorced,Secondary,Employed,99,216852,18,3,1,0.69,0,1,0,0,0.372,Medium,Low_Risk
CUST1103,34,Female,Married,Primary,Employed,111,4601,21,2,0,0.67,0,1,0,0,0.372,Medium,Low_Risk
CUST2217,20,Male,Single,Secondary,Employed,70,161635,24,2,1,0.78,1,1,0,0,0.372,Medium,Low_Risk
CUST0169,20,Female,Married,Primary,Employed,165,15175,12,3,0,0.69,0,1,1,0,0.372,Medium,Low_Risk
CUST0630,20,Male,Single,University,Employed,133,110860,15,1,0,0.91,1,0,0,0,0.372,Low,Low_Risk
CUST2937,29,Female,Divorced,University,Self-employed,179,7053,10,3,0,0.56,1,1,0,0,0.372,Medium,Low_Risk
CUST0771,39,Female,Married,University,Unemployed,164,65174,11,2,0,0.84,1,0,0,0,0.372,Low,Low_Risk
CUST2537,33,Male,Single,Secondary,Employed,132,33573,17,1,0,0.71,2,1,0,0,0.372,Low,Low_Risk
CUST1245,32,Male,Single,Primary,Employed,137,82492,15,2,0,0.78,0,1,0,0,0.372,Medium,Low_Risk
CUST2072,40,Male,Single,Secondary,Employed,58,243039,24,1,0,0.78,1,1,0,0,0.372,Medium,Low_Risk
CUST0919,34,Female,Married,Primary,Self-employed,154,46029,13,3,0,0.88,2,1,0,0,0.371,Medium,Low_Risk
CUST2222,42,Female,Single,Secondary,Self-employed,140,57050,15,2,0,0.59,2,1,0,0,0.371,Medium,Low_Risk
CUST1247,33,Male,Single,Secondary,Employed,158,17963,13,1,0,0.76,0,1,1,0,0.371,Low,Low_Risk
CUST1513,39,Female,Single,Primary,Employed,109,145502,18,1,1,0.76,2,1,1,0,0.371,Medium,Low_Risk
CUST2513,22,Male,Divorced,University,Self-employed,131,78336,16,2,0,0.76,1,1,0,0,0.371,Medium,Low_Risk
CUST2512,18,Male,Married,Secondary,Employed,135,176299,13,3,0,0.67,0,1,0,0,0.371,Medium,Low_Risk
CUST1521,18,Male,Married,Primary,Employed,116,51499,19,1,0,0.92,1,1,0,0,0.371,Medium,Low_Risk
CUST1955,45,Male,Married,Secondary,Self-employed,157,24571,13,1,1,0.93,1,1,0,0,0.371,Low,Low_Risk
CUST2204,42,Male,Single,Secondary,Employed,145,21382,15,2,0,0.91,0,0,0,0,0.371,Medium,Low_Risk
CUST2580,33,Male,Single,University,Employed,110,10085,21,3,0,0.82,0,1,0,0,0.371,Medium,Low_Risk
CUST2576,43,Female,Married,Secondary,Employed,167,500,12,2,2,0.92,2,1,0,0,0.371,Low,Medium_Risk
CUST1782,25,Female,Married,,Employed,90,358422,16,1,0,0.8,1,1,1,0,0.371,Low,Low_Risk
CUST0561,42,Female,Single,University,Employed,106,78899,20,1,0,0.91,0,1,1,0,0.371,Medium,Low_Risk
CUST2922,38,Male,Married,Secondary,Self-employed,128,12332,18,3,0,0.66,1,0,0,0,0.371,Medium,Low_Risk
CUST0948,51,Male,Married,Secondary,Self-employed,118,210723,15,3,1,0.6,2,1,1,0,0.371,Medium,Low_Risk
CUST0239,36,Female,Married,Secondary,Employed,149,37151,14,1,1,0.91,0,1,0,0,0.371,Low,Low_Risk
CUST0569,20,Female,Single,Primary,Employed,149,37689,14,3,1,0.84,1,1,0,0,0.371,Medium,Low_Risk
CUST1627,54,Female,Married,Secondary,Employed,112,165887,17,1,0,0.5,1,1,0,0,0.371,Low,Low_Risk
CUST1522,28,Male,Single,Primary,Employed,47,271495,25,3,0,0.77,0,0,0,0,0.371,High,Low_Risk
CUST1584,29,Female,Married,Secondary,Unemployed,118,334853,12,3,1,0.5,2,0,0,0,0.371,Medium,Low_Risk
CUST1476,28,Female,Single,Secondary,Self-employed,177,15265,10,1,0,0.85,1,0,0,0,0.371,Low,Low_Risk
CUST0113,28,Female,Divorced,,Self-employed,134,12822,17,1,0,0.99,0,1,1,0,0.371,Low,Low_Risk
CUST0097,30,Female,Divorced,Primary,Self-employed,159,139565,10,2,0,0.59,1,0,0,0,0.371,Low,Low_Risk
CUST2025,23,Female,Divorced,Secondary,Self-employed,89,365461,16,1,0,0.7,2,1,0,0,0.371,Low,Low_Risk
CUST2250,53,Male,Married,University,Employed,112,39342,20,1,0,0.95,0,1,0,0,0.371,Medium,Low_Risk
CUST0506,43,Male,Single,University,Unemployed,84,230980,20,2,0,0.58,0,0,0,0,0.371,Medium,Low_Risk
CUST0615,37,Female,Single,Secondary,Employed,138,30594,16,1,0,0.96,2,0,1,0,0.371,Low,Low_Risk
CUST2750,43,Male,Divorced,Primary,Self-employed,146,100807,13,2,0,0.77,1,1,1,0,0.371,Medium,Low_Risk
CUST0692,25,Male,Married,,Employed,160,5114,13,2,1,0.88,2,1,0,0,0.371,Medium,Low_Risk
CUST2059,39,Female,Single,Secondary,Employed,93,121412,21,2,0,0.94,1,0,1,0,0.37,Medium,Low_Risk
CUST2640,35,Male,Married,University,Employed,167,122869,9,1,0,0.76,0,1,0,0,0.37,Low,Low_Risk
CUST0515,18,Male,Single,Primary,Employed,125,73367,17,4,0,0.89,1,0,0,0,0.37,High,Low_Risk
CUST2751,36,Female,Married,,Employed,147,3420,15,2,1,0.54,0,0,1,0,0.37,Medium,Low_Risk
CUST2464,30,Male,Married,Secondary,Employed,122,219789,14,1,0,0.82,0,1,1,0,0.37,Low,Low_Risk
CUST0212,25,Female,Divorced,Secondary,Self-employed,141,46758,15,1,0,0.91,2,1,0,0,0.37,Low,Low_Risk
CUST2126,31,Male,Single,Primary,Employed,166,3702,12,1,0,0.57,2,1,0,0,0.37,Low,Low_Risk
CUST0586,40,Female,Married,Secondary,Employed,153,47545,13,1,0,0.67,1,1,0,0,0.37,Low,Low_Risk
CUST2008,26,Female,Married,Secondary,Self-employed,128,177280,14,3,0,0.72,0,1,0,0,0.37,Medium,Low_Risk
CUST2107,41,Female,Married,University,Employed,152,13490,14,1,0,0.87,0,1,0,0,0.37,Low,Low_Risk
CUST0608,37,Female,Single,Secondary,Employed,171,50851,10,1,1,0.65,0,0,0,0,0.37,Low,Low_Risk
CUST1245,27,Male,Married,Primary,Employed,156,72040,12,2,0,0.8,1,1,0,0,0.37,Low,Low_Risk
CUST0225,29,Male,Single,Primary,Self-employed,3,952402,16,4,0,0.91,0,1,0,0,0.37,Medium,Low_Risk
CUST1825,31,Female,Married,Secondary,Self-employed,139,60124,15,3,1,0.91,0,1,0,0,0.37,Medium,Low_Risk
CUST2810,22,Male,Divorced,Secondary,Employed,171,9151,11,1,0,0.54,1,0,0,0,0.37,Low,Low_Risk
CUST1874,51,Male,Married,Primary,Employed,122,221898,14,1,0,0.69,1,0,1,0,0.37,Low,Low_Risk
CUST1034,37,Female,Married,Primary,Self-employed,113,112441,18,3,0,0.71,1,1,0,0,0.37,Medium,Low_Risk
CUST1419,18,Male,Married,Secondary,Employed,96,270419,17,1,1,0.66,0,1,0,0,0.37,Low,Low_Risk
CUST1766,43,Male,Married,Primary,Unemployed,170,58238,10,4,0,0.58,1,1,1,0,0.37,Medium,Low_Risk
CUST2974,58,Female,Single,,Self-employed,108,318063,14,1,0,0.99,1,1,0,0,0.37,Low,Low_Risk
CUST1648,26,Female,Married,,Self-employed,78,474539,15,3,0,0.62,2,1,0,0,0.369,Medium,Low_Risk
CUST0272,32,Female,Married,Secondary,Employed,130,74664,16,2,0,0.54,1,0,0,0,0.369,Medium,Low_Risk
CUST0026,38,Male,Married,Primary,Employed,96,394850,14,2,0,0.63,0,0,0,0,0.369,Medium,Low_Risk
CUST0434,38,Female,Single,Primary,Employed,60,134796,26,1,0,0.89,1,1,1,0,0.369,Medium,Low_Risk
CUST0404,42,Female,Married,University,Employed,144,108231,13,2,0,0.56,1,1,0,0,0.369,Medium,Low_Risk
CUST2622,42,Male,Married,University,Employed,102,98622,20,1,0,0.74,1,1,0,0,0.369,Medium,Low_Risk
CUST2590,24,Male,Single,Secondary,Employed,170,13791,11,3,0,0.66,1,0,1,0,0.369,Medium,Low_Risk
CUST2427,34,Male,Divorced,Secondary,Unemployed,153,818,14,3,0,0.67,0,0,1,0,0.369,Medium,Low_Risk
CUST1607,45,Male,Married,Primary,Employed,99,119297,20,1,0,0.88,1,1,0,0,0.369,Medium,Low_Risk
CUST0604,26,Female,Single,Secondary,Employed,157,18403,13,1,0,0.84,0,1,0,0,0.369,Low,Low_Risk
CUST2105,18,Male,Married,Primary,Employed,69,155724,24,2,0,0.77,0,1,0,0,0.369,Medium,Low_Risk
CUST0892,39,Male,Married,Secondary,Employed,172,500,11,3,0,0.57,0,1,0,0,0.369,Medium,Low_Risk
CUST1209,18,Female,Married,Secondary,Self-employed,118,114300,17,2,0,0.51,2,1,1,0,0.369,Medium,Low_Risk
CUST2112,26,Male,Divorced,Primary,Employed,126,16963,18,2,1,0.52,0,1,0,0,0.369,Medium,Low_Risk
CUST2074,31,Male,Married,Primary,Employed,118,73571,18,1,0,0.88,1,1,1,0,0.369,Medium,Low_Risk
CUST0857,51,Male,Divorced,Primary,Employed,171,90539,9,2,0,0.56,0,1,0,0,0.369,Low,Low_Risk
CUST2621,41,Female,Single,Secondary,Self-employed,107,192455,17,4,0,0.99,1,1,1,0,0.369,High,Low_Risk
CUST1494,19,Male,Married,Primary,Employed,83,58274,24,1,1,0.91,3,1,0,0,0.369,Medium,Medium_Risk
CUST0099,19,Female,Single,Secondary,Unemployed,138,146391,13,2,0,0.75,1,1,1,0,0.369,Medium,Low_Risk
CUST2053,33,Male,Single,University,Employed,135,42116,16,2,0,0.57,3,1,0,0,0.369,Medium,Low_Risk
CUST2120,43,Female,Married,University,Self-employed,85,379732,16,1,0,0.97,1,1,1,0,0.368,Low,Low_Risk
CUST1316,39,Male,Divorced,Primary,Employed,82,487026,14,3,0,0.62,2,1,1,0,0.368,Medium,Low_Risk
CUST2004,25,Female,Divorced,Primary,Employed,143,110697,13,1,2,0.59,1,0,1,0,0.368,Low,Medium_Risk
CUST1492,43,Male,Single,Primary,Employed,145,10721,15,3,0,0.59,0,1,0,0,0.368,Medium,Low_Risk
CUST0328,44,Male,Married,University,Employed,151,53564,13,2,0,0.91,1,1,0,0,0.368,Medium,Low_Risk
CUST2165,55,Female,Married,,Employed,161,27152,12,1,1,0.73,3,1,0,0,0.368,Low,Medium_Risk
CUST0875,25,Male,Married,Primary,Employed,120,99299,17,1,1,0.57,0,0,1,0,0.368,Low,Low_Risk
CUST0701,42,Male,Single,Primary,Employed,171,2745,11,2,0,0.58,1,0,0,0,0.368,Low,Low_Risk
CUST2752,30,Male,Single,Secondary,Employed,87,112496,22,1,0,0.72,1,1,1,0,0.368,Medium,Low_Risk
CUST1369,47,Female,Married,Secondary,Self-employed,108,11860,21,1,1,0.63,1,0,0,0,0.368,Medium,Low_Risk
CUST0336,42,Female,Married,,Unemployed,117,202336,15,1,0,0.54,1,1,0,0,0.368,Low,Low_Risk
CUST0020,40,Male,Married,Secondary,Employed,80,205030,21,1,0,0.61,1,1,1,0,0.368,Medium,Low_Risk
CUST2864,44,Male,Married,Secondary,Employed,77,435952,16,2,0,0.75,1,0,0,0,0.368,Medium,Low_Risk
CUST1487,41,Male,Single,Secondary,Employed,162,106106,10,3,0,0.86,1,0,0,0,0.368,Medium,Low_Risk
CUST2038,41,Male,Divorced,Primary,Self-employed,169,17660,11,1,1,0.54,1,1,0,0,0.368,Low,Low_Risk
CUST0513,36,Male,Married,Secondary,Employed,85,42039,24,1,1,0.57,2,1,0,0,0.368,Medium,Low_Risk
CUST0276,21,Female,Single,,Unemployed,80,75641,24,1,0,0.53,1,1,0,0,0.368,Medium,Low_Risk
CUST0184,33,Female,Single,Secondary,Self-employed,84,304520,18,1,0,0.87,1,0,1,0,0.368,Medium,Low_Risk
CUST0860,27,Male,Single,Primary,Employed,129,376503,9,1,0,0.73,2,1,0,0,0.368,Low,Low_Risk
CUST1170,55,Male,Married,Primary,Self-employed,123,78299,17,3,0,0.73,0,0,0,0,0.368,Medium,Low_Risk
CUST0597,38,Female,Married,Secondary,Employed,100,279791,16,2,1,0.98,2,1,0,0,0.368,Medium,Low_Risk
CUST0833,33,Male,Married,,Employed,112,112198,18,2,0,0.53,0,0,0,0,0.368,Medium,Low_Risk
CUST1006,41,Male,Single,Secondary,Employed,151,53842,13,1,0,0.63,2,1,0,0,0.368,Low,Low_Risk
CUST2815,33,Female,Divorced,Secondary,Employed,151,10026,14,1,1,0.63,0,0,1,0,0.368,Low,Low_Risk
CUST2424,20,Male,Single,Primary,Employed,116,126437,17,1,0,0.83,0,1,0,0,0.368,Low,Low_Risk
CUST1554,40,Female,Single,Primary,Self-employed,144,17246,15,3,0,0.93,2,1,0,0,0.368,Medium,Low_Risk
CUST0480,60,Male,Married,University,Unemployed,141,37060,15,2,0,0.8,2,0,0,0,0.368,Medium,Low_Risk
CUST2132,34,Male,Single,University,Employed,115,41582,19,1,0,0.72,1,1,0,0,0.367,Medium,Low_Risk
CUST0682,31,Male,Single,University,Employed,169,52437,10,1,1,0.95,1,0,0,0,0.367,Low,Low_Risk
CUST1358,23,Female,Divorced,University,Unemployed,123,29768,18,2,0,0.58,0,1,0,0,0.367,Medium,Low_Risk
CUST1531,32,Female,Single,Primary,Self-employed,155,64165,12,2,0,1.0,0,0,0,0,0.367,Low,Low_Risk
CUST0696,29,Female,Married,Primary,Employed,80,241417,20,4,0,0.81,0,0,0,0,0.367,High,Low_Risk
CUST2378,18,Female,Married,Secondary,Self-employed,112,193015,16,1,0,0.52,1,1,0,0,0.367,Low,Low_Risk
CUST1600,26,Male,Married,Secondary,Self-employed,140,83926,14,3,0,0.54,1,1,0,0,0.367,Medium,Low_Risk
CUST2952,43,Male,Married,Secondary,Self-employed,151,6435,14,1,0,0.79,0,1,1,0,0.367,Low,Low_Risk
CUST2405,30,Female,Married,,Employed,114,48288,19,2,0,0.59,3,0,0,0,0.367,Medium,Low_Risk
CUST2422,31,Female,Married,University,Self-employed,145,48715,14,1,0,0.52,2,1,0,0,0.367,Low,Low_Risk
CUST2706,53,Female,Single,Secondary,Employed,125,101907,16,1,0,0.78,0,1,0,0,0.367,Low,Low_Risk
CUST2911,41,Male,Married,University,Employed,108,176549,17,1,0,0.61,1,1,0,0,0.367,Low,Low_Risk
CUST1423,19,Female,Married,Primary,Employed,113,227960,15,1,0,0.89,0,1,0,0,0.367,Low,Low_Risk
CUST2095,52,Female,Married,Primary,Employed,121,3789,19,4,0,0.78,0,1,0,0,0.367,High,Low_Risk
CUST1094,45,Male,Divorced,Primary,Employed,55,287764,23,1,1,0.84,1,1,0,0,0.367,Medium,Low_Risk
CUST2726,54,Male,Single,,Employed,162,101312,10,1,0,0.55,0,1,0,0,0.367,Low,Low_Risk
CUST0163,34,Female,Single,Primary,Self-employed,115,1477,20,2,0,0.9,1,0,0,0,0.367,Medium,Low_Risk
CUST0511,34,Male,Married,University,Self-employed,88,273146,18,2,0,0.51,1,0,1,0,0.367,Medium,Low_Risk
CUST2841,28,Female,Single,Secondary,Employed,94,143837,20,2,0,0.74,2,0,0,0,0.367,Medium,Low_Risk
CUST0082,32,Male,Married,Primary,Employed,96,47417,22,3,0,0.66,1,0,0,0,0.367,High,Low_Risk
CUST0505,38,Male,Married,Primary,Self-employed,130,69460,16,1,0,0.82,0,1,1,0,0.367,Low,Low_Risk
CUST2050,29,Female,Divorced,Secondary,Employed,154,157790,10,4,1,0.91,0,1,0,0,0.367,Medium,Low_Risk
CUST0774,24,Male,Married,Secondary,Employed,139,47652,15,3,0,0.93,0,1,1,0,0.367,Medium,Low_Risk
CUST2525,59,Male,Married,Primary,Unemployed,128,167382,14,2,0,0.98,0,1,0,0,0.367,Medium,Low_Risk
CUST0489,52,Male,Single,,Self-employed,66,212626,23,3,0,0.68,0,0,0,0,0.367,High,Low_Risk
CUST0924,37,Male,Single,Secondary,Employed,113,57510,19,1,1,0.72,1,1,0,0,0.367,Medium,Low_Risk
CUST1060,48,Female,Single,Primary,Employed,133,4438,17,2,0,0.58,1,1,0,0,0.367,Medium,Low_Risk
CUST2160,54,Male,Married,Primary,Employed,83,265164,19,1,0,0.72,1,1,0,0,0.367,Medium,Low_Risk
CUST0622,37,Male,Single,Primary,Self-employed,151,134944,11,1,0,0.98,0,0,1,0,0.367,Low,Low_Risk
CUST2798,43,Male,Divorced,University,Employed,132,10550,17,1,0,0.82,0,1,1,0,0.367,Low,Low_Risk
CUST1690,31,Female,Married,Primary,Employed,165,39653,11,2,0,0.97,1,0,1,0,0.367,Low,Low_Risk
CUST2138,20,Male,Divorced,Primary,Employed,122,79785,17,2,0,0.6,0,1,1,0,0.367,Medium,Low_Risk
CUST2822,31,Female,Married,Secondary,Employed,115,165448,16,3,0,0.86,1,1,0,0,0.366,Medium,Low_Risk
CUST2225,31,Female,Single,University,Self-employed,119,95889,17,1,0,0.9,2,0,0,0,0.366,Low,Low_Risk
CUST1461,41,Female,Married,Secondary,Self-employed,120,3362,19,1,1,0.77,0,1,0,0,0.366,Medium,Low_Risk
CUST0376,40,Female,Divorced,Primary,Employed,154,25139,13,4,0,0.71,0,0,0,0,0.366,Medium,Low_Risk
CUST0741,23,Female,Single,Secondary,Employed,93,361761,15,4,0,0.69,2,1,0,0,0.366,Medium,Low_Risk
CUST1029,18,Female,Married,University,Employed,163,6441,12,2,0,0.67,1,1,0,0,0.366,Low,Low_Risk
CUST1610,32,Male,Single,University,Employed,116,74756,18,1,0,0.72,1,1,1,0,0.366,Medium,Low_Risk
CUST1717,43,Male,Single,,Employed,136,107405,14,1,0,0.94,1,1,0,0,0.366,Low,Low_Risk
CUST1192,42,Male,Divorced,Secondary,Employed,138,179860,12,1,0,0.99,0,0,0,0,0.366,Low,Low_Risk
CUST1301,47,Male,Married,University,Employed,156,56271,12,4,0,0.75,2,1,0,0,0.366,Medium,Low_Risk
CUST0834,28,Female,Married,Primary,Self-employed,100,140661,19,1,0,0.84,2,1,1,0,0.366,Medium,Low_Risk
CUST2026,33,Female,Single,Secondary,Self-employed,150,265449,8,3,0,0.5,0,1,1,0,0.366,Medium,Low_Risk
CUST0145,39,Male,Single,University,Employed,102,42812,21,2,0,0.85,0,0,0,0,0.366,Medium,Low_Risk
CUST2445,30,Male,Married,University,Self-employed,114,129610,17,1,2,0.89,1,0,1,0,0.366,Low,Medium_Risk
CUST1967,30,Female,Single,Primary,Employed,112,143503,17,2,0,0.7,0,1,1,0,0.366,Medium,Low_Risk
CUST0382,44,Male,Single,Primary,Employed,138,7589,16,2,0,0.85,0,1,0,0,0.366,Medium,Low_Risk
CUST1131,19,Female,Single,Secondary,Employed,78,39059,25,4,0,0.65,2,1,0,0,0.366,High,Low_Risk
CUST2845,54,Male,Married,University,Employed,129,70358,16,1,1,0.66,1,1,1,0,0.366,Low,Low_Risk
CUST2787,37,Female,Married,Primary,Employed,105,404690,12,3,0,0.87,0,1,1,0,0.366,Medium,Low_Risk
CUST2097,45,Female,Married,Secondary,Employed,106,57619,20,3,0,0.71,1,1,1,0,0.366,Medium,Low_Risk
CUST1427,52,Male,Married,Secondary,Employed,142,22025,15,2,0,0.85,1,1,1,0,0.366,Medium,Low_Risk
CUST2576,36,Female,Married,Secondary,Unemployed,136,106024,14,2,0,0.75,1,1,0,0,0.366,Medium,Low_Risk
CUST0421,18,Male,Married,Secondary,Self-employed,102,211972,17,1,1,0.5,3,0,0,0,0.366,Low,Medium_Risk
CUST1051,38,Female,Married,Secondary,Unemployed,106,15161,21,2,0,0.95,0,1,0,0,0.366,Medium,Low_Risk
CUST1273,18,Female,Single,Primary,Self-employed,50,869326,10,2,0,0.69,2,1,0,0,0.366,Low,Low_Risk
CUST2688,30,Female,Married,University,Unemployed,151,3265,14,2,0,0.74,1,1,0,0,0.366,Medium,Low_Risk
CUST2244,33,Female,Single,University,Employed,134,122349,14,3,0,0.61,1,1,0,0,0.366,Medium,Low_Risk
CUST0250,47,Male,Divorced,Primary,Employed,135,29403,16,1,0,0.96,0,1,0,0,0.366,Low,Low_Risk
CUST0485,59,Male,Single,University,Employed,102,426217,12,1,1,0.75,2,1,1,0,0.366,Low,Low_Risk
CUST2086,39,Male,Married,Primary,Employed,124,147805,15,3,0,0.9,2,0,0,0,0.366,Medium,Low_Risk
CUST1790,48,Female,Married,Primary,Self-employed,127,36237,17,3,0,0.58,1,0,0,0,0.365,Medium,Low_Risk
CUST1268,43,Female,Single,University,Employed,108,379607,12,1,0,0.77,1,0,0,0,0.365,Low,Low_Risk
CUST1624,32,Male,Single,Secondary,Employed,101,133126,19,1,0,0.67,1,1,0,0,0.365,Medium,Low_Risk
CUST2329,43,Male,Married,Primary,Self-employed,133,168166,13,1,0,0.74,1,1,0,0,0.365,Low,Low_Risk
CUST1119,20,Male,Married,,Self-employed,151,44038,13,3,0,0.64,0,1,0,0,0.365,Medium,Low_Risk
CUST2287,59,Female,Single,Primary,Employed,134,73241,15,1,0,0.87,2,1,1,0,0.365,Low,Low_Risk
CUST2062,41,Male,Single,Secondary,Self-employed,147,70455,13,1,0,0.95,0,0,1,0,0.365,Low,Low_Risk
CUST1575,18,Male,Married,Primary,Unemployed,95,258112,17,1,0,0.99,0,1,1,0,0.365,Low,Low_Risk
CUST1630,33,Male,Married,Primary,Employed,119,177258,15,2,0,0.51,0,1,0,0,0.365,Medium,Low_Risk
CUST2504,37,Male,Married,Secondary,Employed,152,76984,12,3,0,0.79,0,1,0,0,0.365,Medium,Low_Risk
CUST2636,45,Female,Married,University,Self-employed,152,79034,12,4,0,0.54,4,1,0,0,0.365,Medium,Low_Risk
CUST0651,33,Female,Single,Primary,Self-employed,125,49348,17,2,0,1.0,0,1,0,0,0.365,Medium,Low_Risk
CUST1304,36,Female,Married,Secondary,Self-employed,72,75341,25,1,0,0.53,1,1,0,0,0.365,Medium,Low_Risk
CUST1185,25,Female,Married,University,Self-employed,76,301718,19,3,0,0.69,1,0,0,0,0.365,Medium,Low_Risk
CUST1291,27,Male,Single,Primary,Self-employed,147,70791,13,3,0,0.63,1,1,0,0,0.365,Medium,Low_Risk
CUST1298,27,Female,Single,University,Employed,107,133531,18,1,0,0.94,0,0,0,0,0.365,Medium,Low_Risk
CUST1074,49,Male,Single,Primary,Employed,76,175505,22,1,0,0.81,0,0,0,0,0.365,Medium,Low_Risk
CUST0455,46,Female,Married,Secondary,Employed,125,52657,17,1,0,0.8,1,0,0,0,0.365,Low,Low_Risk
CUST1552,37,Male,Divorced,Secondary,Employed,124,99580,16,2,0,0.51,3,1,0,0,0.365,Medium,Low_Risk
CUST1182,28,Female,Single,Primary,Self-employed,114,210609,15,1,0,0.94,0,0,0,0,0.365,Low,Low_Risk
CUST2253,28,Male,Single,University,Employed,143,96720,13,1,0,0.84,0,1,1,0,0.365,Low,Low_Risk
CUST1005,30,Male,Single,Primary,Employed,154,23215,13,3,0,0.96,1,0,0,0,0.365,Medium,Low_Risk
CUST1979,37,Female,Divorced,Secondary,Employed,74,63052,25,2,0,0.82,2,0,1,0,0.365,Medium,Low_Risk
CUST1630,48,Female,Married,Secondary,Unemployed,130,15059,17,4,0,0.61,0,1,0,0,0.365,High,Low_Risk
CUST2325,45,Male,Divorced,Secondary,Self-employed,136,97638,14,2,0,0.52,0,1,0,0,0.364,Medium,Low_Risk
CUST1961,32,Male,Single,University,Employed,135,106545,14,1,0,0.65,3,1,0,0,0.364,Low,Low_Risk
CUST0867,18,Male,Single,Secondary,Self-employed,126,38662,17,2,0,0.7,1,1,0,0,0.364,Medium,Low_Risk
CUST1226,35,Male,Single,Primary,Self-employed,141,105751,13,1,0,0.87,3,0,0,0,0.364,Low,Low_Risk
CUST0581,44,Male,Married,Secondary,Self-employed,98,191957,18,3,0,0.69,0,1,0,0,0.364,Medium,Low_Risk
CUST0881,34,Female,Married,University,Employed,131,89323,15,1,0,0.73,1,1,0,0,0.364,Low,Low_Risk
CUST2140,18,Female,Married,Primary,Employed,142,15344,15,2,0,0.66,2,1,1,0,0.364,Medium,Low_Risk
CUST0078,54,Male,Single,University,Employed,177,114046,7,4,1,0.86,1,1,0,0,0.364,Medium,Low_Risk
CUST1841,51,Male,Married,Secondary,Self-employed,143,176611,11,1,0,0.56,0,1,0,0,0.364,Low,Low_Risk
CUST0723,37,Female,Married,University,Unemployed,123,102215,16,3,0,1.0,1,1,0,0,0.364,Medium,Low_Risk
CUST1044,42,Male,Married,Secondary,Employed,129,147479,14,2,0,0.7,1,1,0,0,0.364,Medium,Low_Risk
CUST1171,30,Female,Single,University,Self-employed,108,205203,16,2,0,0.52,0,1,0,0,0.364,Medium,Low_Risk
CUST1087,55,Female,Married,Primary,Self-employed,147,23354,14,1,0,0.63,0,0,0,0,0.364,Low,Low_Risk
CUST1190,32,Male,Married,Primary,Employed,154,315114,6,4,0,0.77,3,1,0,0,0.364,Medium,Low_Risk
CUST0386,30,Female,Single,University,Self-employed,119,171814,15,4,0,0.55,2,0,0,0,0.364,Medium,Low_Risk
CUST0905,32,Female,Divorced,Secondary,Self-employed,106,92783,19,1,1,0.79,2,1,0,0,0.364,Medium,Low_Risk
CUST2470,18,Male,Married,University,Self-employed,162,6744,12,1,0,0.82,1,1,1,0,0.364,Low,Low_Risk
CUST0904,46,Female,Married,Secondary,Self-employed,113,3134,20,1,1,0.53,0,0,1,0,0.364,Medium,Low_Risk
CUST1746,33,Male,Single,Secondary,Unemployed,111,355207,12,3,0,0.75,3,1,1,0,0.364,Medium,Low_Risk
CUST1565,30,Female,Single,University,Employed,134,27460,16,1,0,0.73,2,0,0,0,0.364,Low,Low_Risk
CUST2915,34,Male,Married,University,Employed,105,58197,20,4,0,0.88,3,0,0,0,0.364,High,Low_Risk
CUST2736,34,Female,Married,Primary,Self-employed,105,51746,20,2,1,0.91,0,1,0,0,0.363,Medium,Low_Risk
CUST2035,42,Female,Married,Primary,Self-employed,151,32184,13,1,0,0.7,2,1,0,0,0.363,Low,Low_Risk
CUST0270,49,Male,Single,Secondary,Self-employed,144,165464,11,2,1,0.54,3,0,0,0,0.363,Low,Medium_Risk
CUST2117,59,Female,Single,University,Self-employed,133,157270,13,4,0,0.98,0,1,0,0,0.363,Medium,Low_Risk
CUST1838,43,Female,Married,Secondary,Employed,157,36160,12,3,1,0.81,3,1,0,0,0.363,Medium,Medium_Risk
CUST0318,26,Female,Divorced,,Employed,106,216853,16,1,0,0.63,3,0,0,0,0.363,Low,Low_Risk
CUST2414,18,Male,Single,Secondary,Self-employed,132,35909,16,1,0,0.75,2,1,0,0,0.363,Low,Low_Risk
CUST2866,28,Female,Married,Secondary,Self-employed,135,15131,16,2,1,0.96,0,1,0,0,0.363,Medium,Low_Risk
CUST0909,30,Female,Single,Primary,Self-employed,97,24038,22,1,0,0.64,0,1,0,0,0.363,Medium,Low_Risk
CUST0082,32,Female,Divorced,Primary,Employed,128,106674,15,4,0,0.65,0,1,0,0,0.363,Medium,Low_Risk
CUST1163,44,Female,Married,Secondary,Employed,142,10868,15,1,0,0.89,2,1,1,0,0.363,Low,Low_Risk
CUST0490,18,Male,Single,Primary,Employed,135,102712,14,4,1,0.74,0,1,0,0,0.363,Medium,Low_Risk
CUST2262,30,Male,Married,,Employed,136,11078,16,1,0,0.76,2,1,0,0,0.363,Low,Low_Risk
CUST2940,28,Female,Divorced,University,Employed,165,23398,11,1,0,0.51,1,1,0,0,0.363,Low,Low_Risk
CUST0365,18,Female,Married,Secondary,Employed,93,7111,23,2,0,0.86,2,1,0,0,0.363,Medium,Low_Risk
CUST0939,44,Male,Married,,Employed,153,105802,11,3,0,0.79,2,1,1,0,0.363,Medium,Low_Risk
CUST0538,25,Male,Single,,Employed,69,47878,26,3,1,0.51,2,1,0,0,0.363,High,Low_Risk
CUST2872,60,Female,Married,Secondary,Employed,131,216083,12,1,0,0.64,1,1,0,0,0.363,Low,Low_Risk
CUST2479,31,Female,Divorced,University,Employed,115,69251,18,2,1,0.56,1,0,0,0,0.363,Medium,Low_Risk
CUST2083,31,Female,Married,Secondary,Employed,136,8863,16,1,1,0.74,1,0,0,0,0.363,Low,Low_Risk
CUST1280,24,Female,Single,University,Employed,168,3193,11,1,0,0.88,1,0,1,0,0.363,Low,Low_Risk
CUST2125,29,Female,Single,Secondary,Self-employed,135,188612,12,2,0,0.75,2,0,0,0,0.363,Low,Low_Risk
CUST2662,20,Female,Married,Secondary,Employed,109,110084,18,1,1,0.6,0,1,0,0,0.363,Medium,Low_Risk
CUST2608,18,Female,Married,,Employed,147,20607,14,1,0,0.83,0,1,0,0,0.363,Low,Low_Risk
CUST2896,35,Female,Single,University,Employed,130,264127,11,1,1,0.64,0,1,1,0,0.363,Low,Low_Risk
CUST0859,46,Female,Single,Primary,Employed,87,134379,21,1,0,0.81,0,1,0,0,0.363,Medium,Low_Risk
CUST1823,26,Male,Married,Secondary,Employed,174,44499,9,2,0,0.62,2,1,0,0,0.363,Low,Low_Risk
CUST0997,47,Male,Single,University,Employed,134,64048,15,1,0,0.8,2,1,0,0,0.363,Low,Low_Risk
CUST2879,30,Female,Married,Primary,Self-employed,72,275800,20,2,0,0.57,1,1,0,0,0.362,Medium,Low_Risk
CUST2513,27,Female,Married,University,Employed,96,69429,21,3,0,0.7,1,1,1,0,0.362,Medium,Low_Risk
CUST1993,33,Male,Married,,Self-employed,102,283968,15,1,0,0.87,1,0,0,0,0.362,Low,Low_Risk
CUST0884,39,Female,Married,Secondary,Self-employed,148,8373,14,1,0,0.98,3,1,0,0,0.362,Low,Low_Risk
CUST1137,41,Male,Married,Primary,Unemployed,105,218739,16,2,0,0.64,1,1,1,0,0.362,Medium,Low_Risk
CUST1229,28,Female,Single,University,Self-employed,106,500,21,2,0,0.97,3,1,1,0,0.362,Medium,Low_Risk
CUST2087,30,Male,Single,,Employed,111,261342,14,1,0,0.57,3,1,0,0,0.362,Low,Low_Risk
CUST2691,22,Female,Married,Secondary,Employed,139,156330,12,3,1,0.56,0,1,1,0,0.362,Medium,Low_Risk
CUST0407,33,Male,Married,University,Self-employed,149,1504,14,2,0,0.93,1,0,0,0,0.362,Medium,Low_Risk
CUST2172,29,Male,Married,,Employed,179,49121,8,1,0,0.72,0,1,1,0,0.362,Low,Low_Risk
CUST1773,41,Female,Single,University,Employed,85,315347,17,3,0,0.62,1,1,0,0,0.362,Medium,Low_Risk
CUST0157,46,Male,Married,Primary,Unemployed,143,41492,14,1,2,0.81,1,1,1,0,0.362,Low,Medium_Risk
CUST2183,26,Female,Single,University,Employed,124,174682,14,1,0,0.59,0,1,0,0,0.362,Low,Low_Risk
CUST0111,44,Male,Married,University,Employed,122,143276,15,1,0,0.84,0,1,1,0,0.362,Low,Low_Risk
CUST0887,21,Female,Married,Primary,Employed,140,103622,13,2,0,0.88,2,1,0,0,0.362,Medium,Low_Risk
CUST0676,38,Male,Married,Secondary,Self-employed,115,194483,15,3,0,0.57,1,1,0,0,0.362,Medium,Low_Risk
CUST1116,25,Male,Married,Primary,Employed,56,557058,16,1,0,0.89,0,1,1,0,0.362,Low,Low_Risk
CUST0060,50,Male,Married,Primary,Employed,108,368948,12,2,0,0.91,2,1,0,0,0.362,Low,Low_Risk
CUST1648,38,Female,Single,Secondary,Self-employed,152,22777,13,1,0,0.76,1,0,0,0,0.362,Low,Low_Risk
CUST2378,25,Female,Single,Primary,Self-employed,104,56508,20,2,2,1.0,1,0,0,0,0.362,Medium,Medium_Risk
CUST2979,27,Female,Single,Primary,Employed,122,15714,18,2,1,0.69,0,1,0,0,0.362,Medium,Low_Risk
CUST2632,36,Female,Single,Secondary,Employed,118,4096,19,1,0,0.82,3,1,0,0,0.362,Medium,Low_Risk
CUST1659,37,Female,Single,University,Self-employed,143,43973,14,2,0,0.54,0,0,0,0,0.362,Medium,Low_Risk
CUST2545,49,Male,Married,Secondary,Employed,93,44859,22,2,0,1.0,3,1,0,0,0.362,Medium,Low_Risk
CUST2971,38,Male,Married,Primary,Employed,111,44224,19,1,0,0.55,0,1,0,0,0.361,Medium,Low_Risk
CUST0024,44,Male,Single,Secondary,Self-employed,126,69964,16,3,0,0.9,1,1,1,0,0.361,Medium,Low_Risk
CUST1156,33,Female,Single,Secondary,Employed,115,229519,14,1,0,0.85,2,1,0,0,0.361,Low,Low_Risk
CUST2958,25,Female,Married,University,Employed,145,152371,11,3,0,0.68,0,1,0,0,0.361,Medium,Low_Risk
CUST1712,35,Female,Divorced,University,Self-employed,139,23189,15,3,0,0.52,2,1,0,0,0.361,Medium,Low_Risk
CUST0860,41,Female,Married,Primary,Self-employed,150,32553,13,1,0,0.86,1,0,0,0,0.361,Low,Low_Risk
CUST2955,34,Male,Married,Secondary,Self-employed,110,265666,14,3,0,0.96,2,1,1,0,0.361,Medium,Low_Risk
CUST1349,37,Female,Single,Secondary,Unemployed,111,2815,20,4,0,0.78,0,1,0,0,0.361,High,Low_Risk
CUST2925,25,Male,Single,,Employed,124,126063,15,3,0,0.82,1,0,0,0,0.361,Medium,Low_Risk
CUST1179,46,Male,Married,Secondary,Self-employed,159,11351,12,2,0,0.94,0,1,1,0,0.361,Low,Low_Risk
CUST2813,29,Female,Married,Secondary,Self-employed,94,77388,21,2,0,0.93,2,1,0,0,0.361,Medium,Low_Risk
CUST1121,27,Female,Married,Secondary,Self-employed,103,355790,13,2,0,0.87,1,1,0,0,0.361,Medium,Low_Risk
CUST1651,31,Male,Married,,Employed,167,2520,11,2,0,0.8,0,0,0,0,0.361,Low,Low_Risk
CUST2101,34,Female,Single,Primary,Self-employed,107,285923,14,4,0,0.62,0,1,0,0,0.361,Medium,Low_Risk
CUST1544,39,Male,Married,Primary,Employed,154,48627,12,1,0,0.71,1,1,1,0,0.361,Low,Low_Risk
CUST1702,27,Male,Single,Secondary,Employed,115,187939,15,3,0,0.71,1,1,0,0,0.361,Medium,Low_Risk
CUST1835,49,Male,Single,Secondary,Employed,108,151097,17,3,0,0.51,1,0,0,0,0.361,Medium,Low_Risk
CUST0322,22,Female,Married,Secondary,Employed,162,33151,11,4,0,0.83,1,1,0,0,0.361,Medium,Low_Risk
CUST0183,19,Male,Single,Primary,Employed,164,22280,11,1,0,0.86,2,1,0,0,0.361,Low,Low_Risk
CUST2910,30,Male,Single,Secondary,Employed,154,49018,12,4,0,0.62,1,1,1,0,0.361,Medium,Low_Risk
CUST2547,18,Male,Divorced,University,Self-employed,164,20398,11,1,0,0.78,1,1,0,0,0.361,Low,Low_Risk
CUST1167,25,Male,Single,Primary,Employed,102,65380,20,1,0,0.9,0,1,0,0,0.361,Medium,Low_Risk
CUST2329,46,Male,Married,,Unemployed,91,224679,18,1,0,0.63,3,1,0,0,0.361,Medium,Low_Risk
CUST2304,41,Male,Married,Secondary,Employed,162,33421,11,4,0,0.79,2,0,0,0,0.361,Medium,Low_Risk
CUST1132,43,Female,Single,,Self-employed,127,107872,15,3,0,0.55,1,1,0,0,0.361,Medium,Low_Risk
CUST0637,20,Female,Married,University,Employed,140,145316,12,1,0,0.71,0,0,0,0,0.361,Low,Low_Risk
CUST0635,40,Female,Married,University,Employed,124,253599,12,3,1,0.76,1,1,0,0,0.361,Medium,Low_Risk
CUST2320,43,Male,Married,Secondary,Self-employed,123,6570,18,4,0,0.91,1,1,0,0,0.361,High,Low_Risk
CUST1237,37,Male,Single,Secondary,Self-employed,130,126624,14,2,0,0.93,1,0,0,0,0.361,Medium,Low_Risk
CUST1556,39,Male,Married,University,Employed,129,49437,16,1,0,0.98,2,1,0,0,0.361,Low,Low_Risk
CUST2889,54,Female,Single,Secondary,Self-employed,148,2336,14,1,0,0.62,1,1,1,0,0.361,Low,Low_Risk
CUST1092,42,Female,Single,Primary,Self-employed,128,186108,13,3,0,0.71,0,0,1,0,0.361,Medium,Low_Risk
CUST1893,36,Male,Married,Primary,Self-employed,157,69957,11,2,0,0.79,2,1,0,0,0.361,Low,Low_Risk
CUST2837,18,Male,Married,University,Unemployed,109,102867,18,3,0,0.84,1,0,0,0,0.361,Medium,Low_Risk
CUST0855,31,Female,Single,Primary,Employed,139,20014,15,1,0,0.77,0,0,0,0,0.36,Low,Low_Risk
CUST1586,47,Female,Married,Secondary,Employed,55,343201,21,1,0,0.86,1,0,1,0,0.36,Medium,Low_Risk
CUST0409,35,Male,Married,University,Self-employed,69,416681,17,2,0,0.92,2,1,1,0,0.36,Medium,Low_Risk
CUST1211,38,Female,Married,Primary,Self-employed,107,324313,13,4,0,0.74,1,1,1,0,0.36,Medium,Low_Risk
CUST2573,36,Female,Divorced,Primary,Employed,129,45456,16,3,0,0.83,1,1,1,0,0.36,Medium,Low_Risk
CUST2320,32,Male,Single,Primary,Employed,122,8881,18,4,0,0.99,0,1,0,0,0.36,High,Low_Risk
CUST1169,37,Female,Divorced,,Employed,99,208444,17,1,0,0.64,1,0,0,0,0.36,Low,Low_Risk
CUST1044,39,Female,Married,Secondary,Employed,123,426638,8,1,0,0.88,1,1,0,0,0.36,Low,Low_Risk
CUST2714,34,Female,Single,Primary,Employed,16,907310,14,2,0,0.78,1,0,0,0,0.36,Medium,Low_Risk
CUST1675,36,Male,Married,University,Employed,117,43522,18,3,0,0.99,2,1,0,0,0.36,Medium,Low_Risk
CUST0057,53,Male,Single,Primary,Self-employed,137,73846,14,1,1,0.54,0,0,0,0,0.36,Low,Low_Risk
CUST0259,35,Female,Single,,Self-employed,80,383683,16,1,1,0.54,3,0,1,0,0.36,Low,Medium_Risk
CUST0786,40,Male,Single,Secondary,Employed,139,102880,13,2,0,0.6,2,1,1,0,0.36,Medium,Low_Risk
CUST2982,28,Female,Single,Secondary,Employed,101,197318,17,3,0,0.78,0,0,0,0,0.36,Medium,Low_Risk
CUST2279,25,Female,Married,University,Employed,129,87756,15,2,0,0.94,2,1,0,0,0.36,Medium,Low_Risk
CUST1101,24,Male,Single,Secondary,Employed,149,78158,12,1,0,0.54,2,0,1,0,0.36,Low,Low_Risk
CUST0986,38,Female,Married,Primary,Employed,119,70869,17,1,0,0.61,1,1,1,0,0.36,Low,Low_Risk
CUST1707,38,Female,Single,Secondary,Unemployed,96,146152,19,1,0,0.76,1,1,0,0,0.36,Medium,Low_Risk
CUST0074,20,Female,Single,Secondary,Self-employed,100,204111,17,4,0,0.84,0,0,0,0,0.36,High,Low_Risk
CUST0879,45,Female,Divorced,Primary,Employed,132,66046,15,1,0,0.6,1,1,0,0,0.36,Low,Low_Risk
CUST0920,34,Female,Married,,Unemployed,145,64865,13,1,0,0.72,0,0,1,0,0.36,Low,Low_Risk
CUST1266,46,Female,Married,Secondary,Unemployed,114,21185,19,1,0,0.87,2,1,0,0,0.36,Medium,Low_Risk
CUST2994,24,Male,Single,University,Employed,135,344588,8,1,0,0.99,0,0,1,0,0.36,Low,Low_Risk
CUST0021,38,Male,Single,University,Employed,116,50956,18,2,0,0.57,1,1,1,0,0.36,Medium,Low_Risk
CUST1056,35,Female,Single,Secondary,Unemployed,138,68593,14,2,0,0.7,1,1,1,0,0.36,Medium,Low_Risk
CUST1234,32,Male,Married,University,Unemployed,95,233903,17,1,0,0.5,2,1,0,0,0.359,Low,Low_Risk
CUST2833,41,Male,Divorced,Primary,Employed,143,73202,13,4,0,0.65,1,0,0,0,0.359,Medium,Low_Risk
CUST2299,39,Female,Married,Primary,Employed,137,157777,12,2,0,0.84,1,1,0,0,0.359,Low,Low_Risk
CUST1774,18,Female,Divorced,University,Employed,144,107681,12,3,0,0.79,1,1,0,0,0.359,Medium,Low_Risk
CUST0036,38,Male,Single,University,Unemployed,132,107246,14,4,1,0.81,1,1,1,0,0.359,Medium,Low_Risk
CUST0953,45,Female,Married,,Employed,151,60042,12,1,0,0.94,0,0,1,0,0.359,Low,Low_Risk
CUST0150,43,Male,Married,Secondary,Self-employed,114,314921,12,1,0,0.55,0,1,0,0,0.359,Low,Low_Risk
CUST2745,35,Female,Married,Secondary,Self-employed,152,8943,13,3,0,0.74,0,1,0,0,0.359,Medium,Low_Risk
CUST1959,35,Female,Single,University,Self-employed,132,317058,9,2,1,0.71,1,0,0,0,0.359,Low,Low_Risk
CUST0401,18,Male,Single,Primary,Self-employed,155,31947,12,3,0,0.82,2,1,1,0,0.359,Medium,Low_Risk
CUST2192,37,Female,Married,University,Employed,93,160473,19,1,0,0.57,1,1,0,0,0.359,Medium,Low_Risk
CUST2919,37,Male,Single,Secondary,Employed,68,291486,20,2,0,0.51,0,1,0,0,0.359,Medium,Low_Risk
CUST2339,37,Male,Married,,Employed,80,591350,11,3,0,0.82,1,1,0,0,0.359,Medium,Low_Risk
CUST0001,35,Male,Single,Primary,Employed,145,60741,13,1,0,0.6,1,1,0,0,0.359,Low,Low_Risk
CUST2023,18,Female,Divorced,Primary,Employed,87,203622,19,2,0,0.97,3,1,1,0,0.359,Medium,Low_Risk
CUST1567,40,Female,Married,Secondary,Employed,113,238533,14,1,1,0.85,1,0,1,0,0.359,Low,Low_Risk
CUST2083,52,Female,Married,Secondary,Employed,128,6679,17,4,0,0.99,1,1,0,0,0.359,High,Low_Risk
CUST0414,34,Female,Married,Secondary,Employed,80,463966,14,3,1,0.88,0,1,0,0,0.359,Medium,Low_Risk
CUST0747,43,Male,Married,Secondary,Employed,175,62941,8,1,0,0.52,0,1,0,0,0.359,Low,Low_Risk
CUST2291,43,Male,Married,University,Self-employed,141,172621,11,2,0,0.87,3,1,0,0,0.359,Low,Low_Risk
CUST1236,39,Male,Single,Secondary,Employed,107,148722,17,2,0,0.99,1,1,0,0,0.359,Medium,Low_Risk
CUST1861,47,Female,Married,Secondary,Self-employed,139,183798,11,2,0,0.98,0,1,0,0,0.359,Low,Low_Risk
CUST2721,52,Female,Married,Primary,Employed,128,219437,12,1,0,0.65,1,1,1,0,0.359,Low,Low_Risk
CUST0341,37,Male,Married,Secondary,Employed,147,129446,11,2,0,0.87,3,0,0,0,0.359,Low,Low_Risk
CUST2762,33,Female,Divorced,Primary,Employed,69,279379,20,1,0,0.97,2,0,0,0,0.358,Medium,Low_Risk
CUST0459,37,Female,Single,Primary,Self-employed,116,43368,18,4,1,0.7,1,1,0,0,0.358,High,Low_Risk
CUST0258,38,Female,Married,Secondary,Self-employed,156,64504,11,1,0,0.88,3,1,0,0,0.358,Low,Low_Risk
CUST2688,29,Male,Married,Secondary,Self-employed,130,244501,11,1,0,0.71,1,1,1,0,0.358,Low,Low_Risk
CUST0163,29,Female,Married,University,Self-employed,168,110186,8,1,2,0.78,0,1,0,0,0.358,Low,Low_Risk
CUST0131,27,Male,Single,,Employed,147,39638,13,1,0,0.87,0,1,0,0,0.358,Low,Low_Risk
CUST2257,23,Male,Married,Secondary,Self-employed,2,995474,14,3,0,0.68,0,1,0,0,0.358,Medium,Low_Risk
CUST0759,38,Male,Single,Primary,Employed,132,16203,16,1,0,0.82,0,1,0,0,0.358,Low,Low_Risk
CUST1996,40,Male,Married,Secondary,Unemployed,122,169485,14,2,0,0.77,0,0,0,0,0.358,Medium,Low_Risk
CUST0986,27,Male,Single,University,Self-employed,118,113736,16,4,0,0.76,2,1,0,0,0.358,Medium,Low_Risk
CUST1736,32,Female,Single,Primary,Self-employed,95,527805,10,2,1,0.53,0,1,0,0,0.358,Low,Low_Risk
CUST0124,33,Male,Single,Secondary,Employed,145,54726,13,2,0,0.6,0,1,0,0,0.358,Medium,Low_Risk
CUST1061,40,Female,Married,Primary,Employed,69,27493,26,4,0,0.92,0,1,1,0,0.358,High,Low_Risk
CUST0203,50,Male,Divorced,University,Employed,132,60532,15,2,0,0.82,0,1,0,0,0.358,Medium,Low_Risk
CUST2580,42,Female,Divorced,Secondary,Self-employed,128,46379,16,1,0,0.79,2,1,1,0,0.358,Low,Low_Risk
CUST2574,18,Male,Divorced,Secondary,Employed,150,103681,11,4,0,0.97,1,1,0,0,0.358,Medium,Low_Risk
CUST1413,57,Male,Married,University,Self-employed,94,192529,18,1,1,0.67,5,1,0,0,0.358,Medium,Medium_Risk
CUST0237,29,Male,Married,Secondary,Employed,120,55741,17,4,0,0.97,0,1,0,0,0.358,High,Low_Risk
CUST0693,26,Male,Married,Secondary,Employed,132,184894,12,4,0,0.65,1,0,0,0,0.358,Medium,Low_Risk
CUST1849,52,Male,Married,Secondary,Self-employed,145,12736,14,1,0,0.63,0,1,0,0,0.358,Low,Low_Risk
CUST0905,42,Male,Married,Primary,Employed,114,139857,16,3,0,0.85,1,1,0,0,0.358,Medium,Low_Risk
CUST1018,37,Female,Married,Secondary,Unemployed,134,173097,12,2,0,0.58,0,1,1,0,0.358,Low,Low_Risk
CUST1612,32,Female,Married,Secondary,Employed,98,81750,20,2,0,0.68,2,1,0,0,0.358,Medium,Low_Risk
CUST1656,41,Female,Divorced,University,Employed,107,275382,14,2,0,0.94,2,0,1,0,0.358,Medium,Low_Risk
CUST0851,44,Female,Single,Secondary,Employed,101,101741,19,1,0,0.79,0,1,1,0,0.358,Medium,Low_Risk
CUST0831,40,Female,Single,Secondary,Employed,54,125225,26,1,0,0.77,2,1,1,0,0.357,Medium,Low_Risk
CUST0866,40,Male,Married,Secondary,Employed,70,480631,15,2,0,0.95,1,0,0,0,0.357,Medium,Low_Risk
CUST0200,21,Male,Married,Primary,Self-employed,103,42129,20,4,0,0.97,1,1,1,0,0.357,High,Low_Risk
CUST2002,33,Female,Single,Secondary,Self-employed,160,30765,11,3,0,0.69,0,1,0,0,0.357,Medium,Low_Risk
CUST0152,49,Male,Married,Secondary,Employed,118,23216,18,4,0,0.99,2,1,0,0,0.357,High,Low_Risk
CUST2344,34,Male,Married,Secondary,Self-employed,123,287771,11,2,0,0.99,1,1,0,0,0.357,Low,Low_Risk
CUST1474,42,Male,Married,Primary,Employed,77,177188,21,2,0,0.86,2,1,0,0,0.357,Medium,Low_Risk
CUST1299,32,Female,Married,University,Employed,82,59423,23,1,1,0.8,3,1,0,0,0.357,Medium,Medium_Risk
CUST2502,18,Female,Married,,Self-employed,160,73276,10,4,0,0.65,1,1,0,0,0.357,Medium,Low_Risk
CUST2274,44,Female,Divorced,Secondary,Employed,157,10310,12,3,0,0.58,0,0,0,0,0.357,Medium,Low_Risk
CUST0283,60,Female,Married,University,Employed,89,434396,13,4,1,0.92,0,1,1,0,0.357,Medium,Low_Risk
CUST2778,47,Female,Single,Primary,Employed,130,111607,14,2,1,0.86,0,0,0,0,0.357,Medium,Low_Risk
CUST0007,29,Female,Married,Secondary,Self-employed,126,139252,14,2,0,0.55,1,1,0,0,0.357,Medium,Low_Risk
CUST0763,18,Male,Single,,Self-employed,111,71040,18,3,0,0.95,2,1,1,0,0.357,Medium,Low_Risk
CUST2343,28,Female,Married,Secondary,Employed,103,211772,16,1,0,0.86,0,0,1,0,0.357,Low,Low_Risk
CUST0676,44,Male,Single,Primary,Employed,123,75642,16,2,0,0.58,0,1,0,0,0.357,Medium,Low_Risk
CUST1235,51,Male,Married,Primary,Employed,160,73691,10,4,0,0.88,0,1,1,0,0.357,Medium,Low_Risk
CUST2086,32,Male,Married,,Self-employed,155,23152,12,1,0,0.76,0,1,0,0,0.357,Low,Low_Risk
CUST2036,49,Female,Married,Secondary,Employed,128,208603,12,1,1,0.51,0,1,0,0,0.357,Low,Low_Risk
CUST0027,29,Male,Married,,Unemployed,97,340175,14,2,0,0.69,2,1,0,0,0.357,Medium,Low_Risk
CUST2032,18,Male,Married,,Unemployed,67,501085,15,1,0,0.81,2,1,0,0,0.357,Low,Low_Risk
CUST1352,30,Female,Single,University,Employed,168,20496,10,1,1,0.57,2,1,0,0,0.357,Low,Low_Risk
CUST0128,32,Female,Married,,Unemployed,149,66140,12,3,1,0.74,1,1,0,0,0.357,Medium,Low_Risk
CUST1227,35,Female,Married,Secondary,Employed,120,52121,17,3,2,0.61,1,1,0,0,0.357,Medium,Medium_Risk
CUST1995,52,Male,Married,Secondary,Self-employed,137,21085,15,3,0,0.87,0,1,0,0,0.357,Medium,Low_Risk
CUST0578,24,Male,Married,Secondary,Self-employed,175,14109,9,3,1,0.55,1,1,0,0,0.357,Medium,Low_Risk
CUST1010,43,Female,Married,Secondary,Employed,157,94232,10,1,0,0.58,1,0,0,0,0.357,Low,Low_Risk
CUST2017,22,Male,Married,Secondary,Self-employed,152,85764,11,2,1,0.87,0,1,1,0,0.357,Low,Low_Risk
CUST0379,35,Female,Married,Secondary,Self-employed,85,420161,14,2,1,0.9,1,1,0,0,0.357,Medium,Low_Risk
CUST0361,49,Male,Single,University,Employed,77,347972,17,3,0,0.93,1,1,0,0,0.357,Medium,Low_Risk
CUST0453,38,Male,Single,University,Self-employed,136,154576,12,1,0,0.94,0,1,0,0,0.357,Low,Low_Risk
CUST2548,18,Male,Married,,Employed,138,51652,14,2,1,0.92,0,1,0,0,0.356,Medium,Low_Risk
CUST1445,38,Female,Single,University,Employed,115,126682,16,2,0,0.56,0,0,0,0,0.356,Medium,Low_Risk
CUST0836,18,Male,Married,Secondary,Employed,151,4909,13,1,0,0.51,1,1,0,0,0.356,Low,Low_Risk
CUST2183,47,Male,Married,University,Employed,127,129377,14,3,0,0.75,0,1,0,0,0.356,Medium,Low_Risk
CUST0232,28,Female,Single,Secondary,Employed,92,157816,19,2,1,0.66,0,1,1,0,0.356,Medium,Low_Risk
CUST0402,52,Female,Married,Primary,Employed,112,187792,15,3,0,0.99,0,1,0,0,0.356,Medium,Low_Risk
CUST0616,31,Female,Divorced,Primary,Self-employed,138,52462,14,1,0,0.72,1,1,0,0,0.356,Low,Low_Risk
CUST0403,30,Female,Divorced,Secondary,Unemployed,117,69864,17,1,1,0.53,0,0,0,0,0.356,Low,Low_Risk
CUST2309,38,Male,Married,Primary,Unemployed,109,210383,15,1,0,0.67,2,0,0,0,0.356,Low,Low_Risk
CUST1312,32,Male,Married,Secondary,Employed,71,301057,19,1,1,0.52,1,0,1,0,0.356,Medium,Low_Risk
CUST2409,31,Female,Single,Primary,Employed,111,322549,12,2,0,0.71,1,0,0,0,0.356,Low,Low_Risk
CUST1691,40,Male,Single,Secondary,Self-employed,169,7414,10,2,0,0.64,1,1,0,0,0.356,Low,Low_Risk
CUST2675,35,Female,Single,Primary,Self-employed,90,298164,16,2,1,0.6,1,0,0,0,0.356,Medium,Low_Risk
CUST2724,25,Female,Married,Primary,Employed,102,89693,19,3,0,0.79,2,1,0,0,0.356,Medium,Low_Risk
CUST2118,34,Male,Divorced,University,Unemployed,119,267315,12,2,1,0.56,0,0,1,0,0.356,Low,Low_Risk
CUST1034,42,Female,Married,Secondary,Employed,155,61976,11,2,2,0.72,2,1,0,0,0.356,Low,Medium_Risk
CUST1169,44,Female,Single,Primary,Self-employed,120,90658,16,2,1,0.68,1,1,0,0,0.356,Medium,Low_Risk
CUST1497,18,Male,Single,Primary,Employed,120,6429,18,1,0,0.72,1,0,0,0,0.356,Medium,Low_Risk
CUST1532,29,Male,Married,Secondary,Self-employed,127,2063,17,1,0,0.68,0,1,1,0,0.356,Low,Low_Risk
CUST2745,44,Female,Married,Primary,Unemployed,168,16130,10,2,0,0.72,0,0,0,0,0.356,Low,Low_Risk
CUST0814,19,Male,Divorced,Secondary,Employed,103,166585,17,2,0,0.84,1,1,0,0,0.356,Medium,Low_Risk
CUST0914,44,Male,Married,Secondary,Employed,104,32312,20,1,0,0.86,1,0,1,0,0.356,Medium,Low_Risk
CUST0357,34,Female,Single,University,Employed,164,44177,10,1,0,0.95,0,0,0,0,0.356,Low,Low_Risk
CUST0408,19,Male,Married,Secondary,Employed,140,40306,14,2,0,0.65,1,0,0,0,0.356,Medium,Low_Risk
CUST1086,51,Female,Married,University,Self-employed,68,447270,16,2,1,0.8,1,0,1,0,0.356,Medium,Low_Risk
CUST0006,38,Female,Married,Secondary,Employed,123,111601,15,2,0,0.52,2,0,0,0,0.356,Medium,Low_Risk
CUST1807,32,Male,Married,University,Employed,138,178974,11,1,0,0.85,1,1,0,0,0.356,Low,Low_Risk
CUST1371,43,Male,Married,Secondary,Employed,175,8114,9,2,0,0.63,2,0,0,0,0.356,Low,Low_Risk
CUST2266,51,Male,Married,Primary,Employed,77,133768,22,3,0,0.81,2,1,0,0,0.356,High,Low_Risk
CUST1956,39,Female,Single,University,Employed,94,95076,20,2,0,0.61,2,0,1,0,0.355,Medium,Low_Risk
CUST2470,26,Female,Single,,Employed,119,219573,13,1,0,0.93,0,1,1,0,0.355,Low,Low_Risk
CUST0599,42,Female,Single,Primary,Employed,151,42656,12,1,0,0.82,0,1,1,0,0.355,Low,Low_Risk
CUST1199,42,Female,Married,,Unemployed,165,159691,7,3,0,0.73,0,1,1,0,0.355,Low,Low_Risk
CUST0992,58,Male,Married,Secondary,Self-employed,139,81870,13,1,0,0.8,0,1,0,0,0.355,Low,Low_Risk
CUST0497,33,Female,Married,University,Employed,94,392677,13,1,0,0.57,0,0,0,0,0.355,Low,Low_Risk
CUST1512,30,Female,Single,Primary,Employed,120,130160,15,3,1,0.54,2,1,0,0,0.355,Medium,Low_Risk
CUST2255,41,Female,Single,Secondary,Self-employed,123,193166,13,3,0,0.59,1,0,0,0,0.355,Medium,Low_Risk
CUST0173,20,Male,Single,Primary,Employed,125,221836,12,3,0,0.76,0,1,1,0,0.355,Medium,Low_Risk
CUST0639,52,Male,Single,Secondary,Employed,132,218887,11,1,1,0.93,1,1,0,0,0.355,Low,Low_Risk
CUST2812,32,Female,Divorced,Secondary,Self-employed,83,170694,20,1,0,0.56,2,1,0,0,0.355,Medium,Low_Risk
CUST1993,56,Female,Divorced,Secondary,Self-employed,112,271476,13,2,0,0.59,0,1,0,0,0.355,Medium,Low_Risk
CUST2036,21,Female,Married,Secondary,Employed,167,19300,10,1,0,0.55,2,1,0,0,0.355,Low,Low_Risk
CUST2836,47,Female,Married,Primary,Employed,113,93195,17,2,0,0.78,1,1,0,0,0.355,Medium,Low_Risk
CUST2175,36,Male,Single,,Employed,142,20784,14,3,0,1.0,1,1,1,0,0.355,Medium,Low_Risk
CUST2590,33,Female,Married,Secondary,Employed,167,60801,9,2,0,0.54,0,1,0,0,0.355,Low,Low_Risk
CUST1830,28,Male,Married,University,Employed,114,43125,18,1,0,0.96,0,1,0,0,0.355,Medium,Low_Risk
CUST0969,23,Male,Married,Secondary,Employed,131,182564,12,1,0,0.8,1,1,0,0,0.355,Low,Low_Risk
CUST1483,34,Female,Single,Secondary,Unemployed,150,9467,13,2,0,0.57,0,1,0,0,0.355,Medium,Low_Risk
CUST0852,51,Female,Married,,Employed,119,7833,18,2,0,0.63,0,1,0,0,0.355,Medium,Low_Risk
CUST1670,43,Female,Married,Primary,Self-employed,155,143323,9,2,0,0.77,2,0,0,0,0.355,Low,Low_Risk
CUST0145,48,Female,Married,Primary,Employed,77,382696,16,1,0,0.51,0,0,1,0,0.355,Low,Low_Risk
CUST1133,37,Female,Divorced,Primary,Employed,121,36163,17,2,0,0.99,0,1,0,0,0.355,Medium,Low_Risk
CUST2587,41,Male,Divorced,University,Employed,129,24287,16,1,0,0.88,0,1,0,0,0.355,Low,Low_Risk
CUST0046,31,Male,Married,University,Employed,99,146238,18,2,0,0.67,1,1,0,0,0.355,Medium,Low_Risk
CUST0544,35,Female,Married,University,Self-employed,121,120682,15,3,0,0.99,1,0,1,0,0.355,Medium,Low_Risk
CUST2952,43,Male,Divorced,Primary,Employed,119,49756,17,1,1,0.86,4,0,0,0,0.355,Low,Medium_Risk
CUST0884,33,Female,Single,Secondary,Self-employed,126,87249,15,3,0,0.57,1,0,0,0,0.355,Medium,Low_Risk
CUST0675,32,Male,Single,Secondary,Self-employed,82,134951,21,3,0,0.61,2,1,0,0,0.355,Medium,Low_Risk
CUST0836,32,Male,Divorced,Secondary,Employed,146,36839,13,1,0,0.79,3,1,0,0,0.355,Low,Low_Risk
CUST2706,51,Male,Married,Secondary,Employed,136,275744,9,2,0,0.61,2,0,1,0,0.355,Low,Low_Risk
CUST2088,52,Male,Divorced,Primary,Employed,129,62558,15,3,0,0.69,0,0,1,0,0.354,Medium,Low_Risk
CUST0473,52,Female,Single,University,Employed,84,413938,14,2,0,0.76,1,1,0,0,0.354,Medium,Low_Risk
CUST2172,27,Female,Single,Primary,Self-employed,14,343597,27,3,0,0.67,1,1,1,0,0.354,High,Low_Risk
CUST1916,24,Male,Married,University,Employed,24,869751,13,1,0,0.87,3,1,0,0,0.354,Low,Low_Risk
CUST1489,32,Male,Married,Primary,Unemployed,134,70112,14,1,0,0.52,2,0,0,0,0.354,Low,Low_Risk
CUST2150,51,Male,Divorced,Primary,Self-employed,178,24531,8,1,0,0.85,1,1,0,0,0.354,Low,Low_Risk
CUST2336,20,Female,Married,Secondary,Self-employed,137,52375,14,2,0,0.91,1,0,0,0,0.354,Medium,Low_Risk
CUST0813,66,Male,Married,Primary,Employed,85,69809,22,2,0,0.65,2,1,1,0,0.354,Medium,Low_Risk
CUST0612,50,Male,Single,Primary,Employed,116,26114,18,2,0,0.85,1,1,0,0,0.354,Medium,Low_Risk
CUST1680,30,Female,Divorced,University,Self-employed,143,222295,9,1,1,0.59,2,1,0,0,0.354,Low,Low_Risk
CUST1619,34,Male,Single,University,Unemployed,129,63776,15,1,0,0.62,0,1,0,0,0.354,Low,Low_Risk
CUST2647,32,Female,Married,,Employed,57,518130,16,1,0,0.88,1,1,0,0,0.354,Low,Low_Risk
CUST1604,38,Female,Married,Secondary,Self-employed,124,56148,16,3,1,0.64,0,1,0,0,0.354,Medium,Low_Risk
CUST2876,30,Male,Single,Secondary,Employed,161,11407,11,1,0,1.0,0,1,1,0,0.354,Low,Low_Risk
CUST2598,38,Male,Married,University,Self-employed,137,9129,15,4,0,0.73,1,1,0,0,0.354,Medium,Low_Risk
CUST0253,21,Female,Married,University,Employed,150,3426,13,2,1,0.5,1,1,1,0,0.354,Medium,Low_Risk
CUST2748,31,Female,Single,Primary,Self-employed,124,142162,14,3,0,0.69,0,1,0,0,0.354,Medium,Low_Risk
CUST1421,38,Female,Single,,Employed,119,174253,14,1,0,0.95,0,0,0,0,0.354,Low,Low_Risk
CUST0051,40,Female,Married,Secondary,Self-employed,165,28621,10,4,0,0.5,1,1,0,0,0.354,Medium,Low_Risk
CUST2263,27,Female,Married,Primary,Employed,90,77413,21,3,0,0.66,1,1,0,0,0.354,Medium,Low_Risk
CUST2933,46,Male,Single,Secondary,Employed,94,218623,17,2,0,0.78,2,1,0,0,0.354,Medium,Low_Risk
CUST2318,20,Male,Single,Secondary,Employed,125,176500,13,1,0,0.72,1,1,0,0,0.354,Low,Low_Risk
CUST1292,29,Female,Married,University,Employed,71,252268,20,1,0,0.69,0,0,1,0,0.354,Medium,Low_Risk
CUST2016,42,Male,Single,Secondary,Employed,110,193472,15,3,0,0.75,2,0,1,0,0.354,Medium,Low_Risk
CUST0422,41,Female,Divorced,University,Employed,133,118657,13,1,0,0.75,2,1,0,0,0.353,Low,Low_Risk
CUST1782,50,Male,Divorced,Secondary,Employed,113,212048,14,3,0,0.97,2,1,0,0,0.353,Medium,Low_Risk
CUST2751,32,Female,Single,Secondary,Employed,179,54683,7,4,0,0.62,0,1,1,0,0.353,Medium,Low_Risk
CUST1765,31,Male,Divorced,University,Employed,141,17520,14,1,0,0.55,1,0,0,0,0.353,Low,Low_Risk
CUST1467,48,Female,Married,Secondary,Employed,74,309733,18,2,0,0.85,0,0,1,0,0.353,Medium,Low_Risk
CUST2311,42,Male,Married,Secondary,Employed,153,22762,12,3,1,0.99,0,0,0,0,0.353,Medium,Low_Risk
CUST0134,29,Female,Married,Secondary,Employed,157,36059,11,2,0,0.84,0,0,1,0,0.353,Low,Low_Risk
CUST1526,30,Male,Married,University,Self-employed,114,79620,17,1,0,0.84,0,1,0,0,0.353,Low,Low_Risk
CUST0913,39,Female,Single,Secondary,Self-employed,130,51690,15,2,0,0.83,0,1,0,0,0.353,Medium,Low_Risk
CUST0930,42,Male,Married,Secondary,Self-employed,177,25806,8,1,1,0.58,0,1,1,0,0.353,Low,Low_Risk
CUST0345,29,Female,Single,Secondary,Self-employed,79,192232,20,1,0,0.51,2,0,0,0,0.353,Medium,Low_Risk
CUST2584,18,Male,Married,,Employed,121,73156,16,1,0,0.96,0,0,0,0,0.353,Low,Low_Risk
CUST0844,46,Female,Married,Primary,Self-employed,131,4599,16,1,0,0.96,3,0,0,0,0.353,Low,Low_Risk
CUST0257,41,Female,Single,Secondary,Employed,154,59139,11,1,0,0.71,1,0,0,0,0.353,Low,Low_Risk
CUST0009,43,Female,Single,Primary,Self-employed,129,101357,14,4,2,0.82,1,1,0,0,0.353,Medium,Medium_Risk
CUST2769,39,Female,Divorced,Primary,Employed,164,30443,10,1,0,0.56,0,1,0,0,0.353,Low,Low_Risk
CUST0204,18,Female,Single,Secondary,Employed,64,165873,23,1,0,0.51,0,1,0,0,0.353,Medium,Low_Risk
CUST2847,23,Female,Divorced,Secondary,Self-employed,73,104453,23,2,0,0.86,1,1,0,0,0.353,Medium,Low_Risk
CUST2366,31,Female,Married,University,Employed,123,17005,17,3,2,0.72,2,1,0,0,0.353,Medium,Medium_Risk
CUST2482,33,Female,Married,University,Self-employed,103,365486,12,1,0,0.6,0,0,0,0,0.353,Low,Low_Risk
CUST1274,19,Male,Married,Secondary,Self-employed,117,16279,18,4,1,0.8,2,1,0,0,0.353,High,Low_Risk
CUST2729,26,Male,Married,Secondary,Employed,103,366186,12,4,0,0.98,0,1,0,0,0.353,Medium,Low_Risk
CUST0074,18,Female,Married,Secondary,Employed,143,5817,14,3,0,0.81,3,1,0,0,0.353,Medium,Low_Risk
CUST0122,25,Male,Married,,Unemployed,118,178711,14,2,0,0.95,0,1,0,0,0.353,Medium,Low_Risk
CUST2501,32,Female,Single,,Employed,118,94414,16,1,1,0.53,3,1,0,0,0.353,Low,Medium_Risk
CUST1293,27,Male,Single,,Employed,136,94743,13,2,1,0.67,0,1,1,0,0.353,Medium,Low_Risk
CUST0060,38,Female,Single,University,Self-employed,121,72589,16,3,0,0.94,0,1,0,0,0.353,Medium,Low_Risk
CUST0778,49,Female,Married,University,Self-employed,100,300225,14,1,1,0.75,0,1,0,0,0.353,Low,Low_Risk
CUST2386,31,Male,Married,Secondary,Employed,134,281450,9,1,0,0.9,2,0,0,0,0.353,Low,Low_Risk
CUST0923,30,Female,Single,Secondary,Self-employed,175,123185,6,3,0,0.88,2,0,1,0,0.353,Low,Low_Risk
CUST1425,43,Female,Married,Primary,Employed,128,105888,14,1,0,0.89,2,1,0,0,0.352,Low,Low_Risk
CUST1565,28,Male,Single,University,Employed,125,166130,13,3,0,0.62,0,1,0,0,0.352,Medium,Low_Risk
CUST1394,33,Male,Single,Primary,Employed,49,565401,16,2,0,0.74,1,0,0,0,0.352,Medium,Low_Risk
CUST2801,24,Male,Married,University,Unemployed,141,183424,10,2,0,0.67,1,1,1,0,0.352,Low,Low_Risk
CUST0432,34,Female,Married,University,Employed,122,104343,15,1,0,0.65,0,1,0,0,0.352,Low,Low_Risk
CUST0543,41,Female,Married,Primary,Employed,71,327374,18,4,1,0.6,0,1,0,0,0.352,High,Low_Risk
CUST0435,26,Female,Married,Secondary,Employed,103,62481,19,1,0,0.95,2,1,0,0,0.352,Medium,Low_Risk
CUST1331,33,Female,Married,Primary,Employed,109,278192,13,1,0,0.61,1,1,0,0,0.352,Low,Low_Risk
CUST2065,27,Male,Married,,Employed,118,44756,17,1,0,0.91,1,1,0,0,0.352,Low,Low_Risk
CUST2219,18,Female,Married,University,Employed,126,34369,16,2,0,0.84,0,1,0,0,0.352,Medium,Low_Risk
CUST1354,20,Female,Married,Secondary,Unemployed,77,326426,17,3,0,0.63,2,1,1,0,0.352,Medium,Low_Risk
CUST1896,29,Female,Married,Primary,Self-employed,129,54547,15,3,0,0.68,0,1,0,0,0.352,Medium,Low_Risk
CUST2976,18,Male,Single,Secondary,Self-employed,152,24488,12,2,0,0.59,1,1,0,0,0.352,Low,Low_Risk
CUST0366,34,Male,Single,Secondary,Employed,137,44395,14,3,0,0.51,2,0,1,0,0.352,Medium,Low_Risk
CUST1232,25,Male,Divorced,Secondary,Employed,140,23349,14,3,0,0.53,0,1,0,0,0.352,Medium,Low_Risk
CUST1872,33,Male,Married,Secondary,Employed,114,117549,16,2,0,0.57,2,0,1,0,0.352,Medium,Low_Risk
CUST0237,39,Female,Married,Secondary,Employed,164,28010,10,2,0,0.52,1,1,1,0,0.352,Low,Low_Risk
CUST2302,22,Female,Married,Primary,Unemployed,105,48721,19,2,0,0.63,3,0,1,0,0.352,Medium,Low_Risk
CUST2724,37,Male,Divorced,Secondary,Employed,92,309429,15,2,1,0.97,3,0,0,0,0.352,Medium,Medium_Risk
CUST1971,39,Female,Single,Secondary,Employed,91,19417,22,2,1,0.92,2,1,0,0,0.352,Medium,Low_Risk
CUST2743,46,Female,Married,Primary,Employed,99,5640,21,1,0,0.99,2,1,0,0,0.352,Medium,Low_Risk
CUST1985,26,Male,Married,Secondary,Unemployed,91,20977,22,3,1,0.9,0,1,1,0,0.352,High,Low_Risk
CUST0187,52,Male,Single,Primary,Employed,152,152382,9,1,1,0.6,1,1,0,0,0.352,Low,Low_Risk
CUST1119,34,Male,Married,Primary,Self-employed,94,252154,16,2,0,0.79,0,1,0,0,0.352,Medium,Low_Risk
CUST0958,47,Female,Single,Primary,Self-employed,51,509077,17,3,0,0.99,1,1,0,0,0.352,Medium,Low_Risk
CUST2966,52,Female,Married,Primary,Self-employed,27,715357,16,2,0,0.64,3,1,0,0,0.352,Medium,Low_Risk
CUST2710,34,Female,Married,Primary,Self-employed,113,165847,15,2,0,0.93,1,1,0,0,0.352,Medium,Low_Risk
CUST0846,45,Female,Married,Primary,Employed,152,67987,11,2,0,0.6,0,1,0,0,0.352,Low,Low_Risk
CUST0583,36,Male,Single,,Employed,114,32969,18,4,0,0.58,2,0,0,0,0.352,High,Low_Risk
CUST2516,23,Female,Single,Primary,Self-employed,152,21183,12,3,0,0.61,0,1,0,0,0.351,Medium,Low_Risk
CUST2290,23,Male,Single,Secondary,Employed,111,3495,19,1,0,0.77,2,0,0,0,0.351,Medium,Low_Risk
CUST2473,40,Male,Divorced,Secondary,Employed,107,34234,19,2,0,0.6,0,0,1,0,0.351,Medium,Low_Risk
CUST0810,32,Female,Single,Secondary,Self-employed,141,54451,13,1,0,0.68,1,0,0,0,0.351,Low,Low_Risk
CUST2984,31,Male,Married,Primary,Self-employed,143,41512,13,2,0,0.95,0,0,1,0,0.351,Medium,Low_Risk
CUST2111,39,Female,Single,Secondary,Employed,135,51424,14,1,0,0.52,0,1,0,0,0.351,Low,Low_Risk
CUST0121,28,Male,Married,Primary,Employed,102,65205,19,2,0,0.68,3,1,0,0,0.351,Medium,Low_Risk
CUST0529,38,Female,Married,Secondary,Employed,168,37314,9,3,1,0.98,1,1,1,0,0.351,Medium,Low_Risk
CUST2052,19,Female,Married,University,Employed,111,6155,19,1,0,0.64,2,0,1,0,0.351,Medium,Low_Risk
CUST0362,27,Female,Single,Secondary,Self-employed,138,33445,14,1,0,0.93,0,0,0,0,0.351,Low,Low_Risk
CUST0779,38,Male,Married,University,Employed,143,39564,13,1,0,0.92,1,1,0,0,0.351,Low,Low_Risk
CUST0760,23,Female,Single,Secondary,Self-employed,98,8542,21,4,0,0.72,1,1,0,0,0.351,High,Low_Risk
CUST1035,23,Male,Single,Secondary,Unemployed,102,107799,18,4,0,0.97,0,0,0,0,0.351,High,Low_Risk
CUST0422,20,Female,Married,Secondary,Employed,155,40626,11,1,1,0.96,0,1,0,0,0.351,Low,Low_Risk
CUST1599,27,Female,Married,Secondary,Employed,115,359167,10,1,0,0.66,2,1,0,0,0.351,Low,Low_Risk
CUST2167,39,Female,Married,University,Self-employed,99,514000,9,1,0,0.7,0,1,0,0,0.351,Low,Low_Risk
CUST2567,37,Male,Single,,Employed,123,90730,15,2,0,0.95,1,1,0,0,0.351,Medium,Low_Risk
CUST1500,28,Male,Married,Secondary,Unemployed,82,375397,15,3,0,0.53,0,0,0,0,0.351,Medium,Low_Risk
CUST2013,40,Male,Married,University,Self-employed,150,76798,11,2,0,0.72,1,1,0,0,0.351,Low,Low_Risk
CUST1076,47,Female,Single,Primary,Self-employed,76,500194,13,1,0,0.71,1,1,0,0,0.351,Low,Low_Risk
CUST1076,35,Male,Single,Secondary,Self-employed,99,2519,21,1,0,0.66,2,1,0,0,0.351,Medium,Low_Risk
CUST1347,32,Female,Married,Secondary,Employed,90,66118,21,2,0,1.0,0,1,0,0,0.351,Medium,Low_Risk
CUST2211,53,Female,Single,Primary,Unemployed,113,72723,17,2,1,0.94,0,1,0,0,0.35,Medium,Low_Risk
CUST0633,27,Male,Married,University,Self-employed,70,324273,18,2,0,0.75,4,1,1,0,0.35,Medium,Low_Risk
CUST2103,40,Female,Married,University,Employed,91,309925,15,2,0,0.96,2,0,0,0,0.35,Medium,Low_Risk
CUST2284,26,Female,Single,,Self-employed,129,4673,16,1,1,0.88,3,0,1,0,0.35,Low,Medium_Risk
CUST2169,38,Female,Married,Secondary,Unemployed,94,203463,17,3,0,0.93,0,1,1,0,0.35,Medium,Low_Risk
CUST2201,31,Male,Married,Secondary,Self-employed,110,218714,14,4,0,0.76,0,0,0,0,0.35,Medium,Low_Risk
CUST2581,29,Male,Divorced,Secondary,Employed,86,128910,20,2,1,0.98,0,0,0,0,0.35,Medium,Low_Risk
CUST1104,48,Male,Married,Primary,Employed,127,105152,14,1,0,0.76,0,0,0,0,0.35,Low,Low_Risk
CUST0758,51,Female,Single,Secondary,Self-employed,120,193802,13,3,2,0.66,2,1,1,0,0.35,Medium,Medium_Risk
CUST1668,43,Male,Married,University,Employed,165,53146,9,3,0,0.5,1,1,0,0,0.35,Medium,Low_Risk
CUST0546,18,Male,Single,Primary,Self-employed,131,34552,15,1,0,0.91,2,1,1,0,0.35,Low,Low_Risk
CUST0586,55,Male,Single,Primary,Unemployed,128,223439,11,1,0,0.85,1,1,1,0,0.35,Low,Low_Risk
CUST1008,32,Female,Single,Primary,Self-employed,164,60468,9,2,0,0.62,1,1,1,0,0.35,Low,Low_Risk
CUST1267,27,Male,Married,Secondary,Self-employed,28,698410,16,1,0,0.96,0,1,0,0,0.35,Low,Low_Risk
CUST0052,18,Male,Married,Secondary,Self-employed,106,119147,17,2,0,0.58,3,0,0,0,0.35,Medium,Low_Risk
CUST0457,18,Female,Married,University,Employed,104,178606,16,3,0,0.67,2,1,0,0,0.35,Medium,Low_Risk
CUST1710,29,Male,Married,Secondary,Employed,133,61553,14,1,0,0.9,1,0,1,0,0.35,Low,Low_Risk
CUST1571,45,Male,Single,Primary,Employed,92,384899,13,2,0,0.62,2,0,1,0,0.35,Medium,Low_Risk
CUST0590,24,Female,Married,University,Employed,63,248126,21,3,0,0.81,0,0,1,0,0.35,Medium,Low_Risk
CUST0813,33,Male,Married,Secondary,Self-employed,135,89604,13,1,0,0.58,1,1,0,0,0.35,Low,Low_Risk
CUST2698,25,Male,Single,Primary,Employed,108,359827,11,1,0,0.66,1,1,0,0,0.35,Low,Low_Risk
CUST0190,33,Male,Married,Primary,Self-employed,40,490820,19,1,0,0.89,0,1,0,0,0.35,Medium,Low_Risk
CUST2746,35,Female,Married,University,Self-employed,79,300983,17,3,0,0.62,1,1,0,0,0.349,Medium,Low_Risk
CUST1060,34,Female,Single,Secondary,Employed,106,29918,19,2,0,0.64,0,1,0,0,0.349,Medium,Low_Risk
CUST1727,33,Male,Single,,Self-employed,101,65993,19,1,0,0.52,1,1,0,0,0.349,Medium,Low_Risk
CUST1271,42,Male,Single,University,Employed,78,519913,12,1,1,0.88,0,1,0,0,0.349,Low,Low_Risk
CUST0406,40,Female,Single,Primary,Self-employed,133,143313,12,1,0,0.67,0,1,0,0,0.349,Low,Low_Risk
CUST2193,26,Female,Single,University,Employed,147,88736,11,1,0,0.83,0,1,0,0,0.349,Low,Low_Risk
CUST2889,30,Male,Married,University,Employed,141,129283,11,1,0,0.61,0,1,0,0,0.349,Low,Low_Risk
CUST3000,39,Male,Married,Primary,Self-employed,125,113126,14,3,0,0.64,0,1,0,0,0.349,Medium,Low_Risk
CUST1584,29,Male,Single,Secondary,Employed,117,84274,16,3,0,0.78,0,0,0,0,0.349,Medium,Low_Risk
CUST2894,35,Female,Single,Secondary,Employed,165,51797,9,2,0,0.57,2,0,1,0,0.349,Low,Low_Risk
CUST1309,39,Female,Married,Primary,Employed,150,67519,11,3,0,0.52,1,1,1,0,0.349,Medium,Low_Risk
CUST1574,36,Male,Single,Primary,Unemployed,71,273186,19,1,0,0.93,1,1,0,0,0.349,Medium,Low_Risk
CUST1775,18,Male,Divorced,University,Unemployed,42,302746,23,1,1,0.91,1,1,0,0,0.349,Medium,Low_Risk
CUST1579,50,Male,Married,University,Self-employed,130,78234,14,2,0,0.53,2,0,1,0,0.349,Medium,Low_Risk
CUST0968,23,Male,Married,Primary,Employed,139,101198,12,1,0,0.81,2,0,0,0,0.349,Low,Low_Risk
CUST1149,62,Male,Single,Primary,Employed,27,830006,13,2,0,0.82,3,1,1,0,0.349,Medium,Low_Risk
CUST2103,26,Male,Married,Secondary,Employed,150,70056,11,2,1,0.95,2,1,0,0,0.349,Low,Low_Risk
CUST1131,39,Female,Married,Secondary,Self-employed,123,252974,11,2,2,0.67,1,1,0,0,0.349,Low,Medium_Risk
CUST1359,24,Male,Married,Primary,Employed,118,32852,17,3,0,0.62,2,1,0,0,0.349,Medium,Low_Risk
CUST0243,42,Male,Single,Secondary,Self-employed,108,186631,15,1,0,0.82,0,0,0,0,0.349,Low,Low_Risk
CUST2705,34,Female,Single,Primary,Self-employed,73,168453,21,2,0,0.95,0,0,0,0,0.348,Medium,Low_Risk
CUST2614,33,Female,Single,Primary,Self-employed,76,276734,18,1,0,0.69,0,0,0,0,0.348,Medium,Low_Risk
CUST1242,51,Female,Single,Secondary,Self-employed,49,505779,17,1,0,0.86,2,1,0,0,0.348,Low,Low_Risk
CUST1566,37,Male,Married,Secondary,Self-employed,132,145308,12,1,0,0.81,1,1,1,0,0.348,Low,Low_Risk
CUST1191,52,Male,Single,,Employed,127,223714,11,2,0,0.59,1,0,1,0,0.348,Low,Low_Risk
CUST2941,27,Male,Single,University,Employed,137,24364,14,4,0,0.84,1,0,0,0,0.348,Medium,Low_Risk
CUST2636,37,Female,Single,,Employed,89,145485,19,1,0,0.87,1,1,0,0,0.348,Medium,Low_Risk
CUST0388,29,Female,Single,Secondary,Employed,129,83034,14,3,0,0.77,0,1,0,0,0.348,Medium,Low_Risk
CUST1438,34,Female,Single,Secondary,Employed,104,167506,16,2,0,0.89,1,1,0,0,0.348,Medium,Low_Risk
CUST0123,29,Female,Married,Secondary,Self-employed,90,95901,20,3,1,0.8,1,1,0,0,0.348,Medium,Low_Risk
CUST0291,44,Female,Married,,Employed,157,15522,11,2,0,0.89,1,0,1,0,0.348,Low,Low_Risk
CUST1046,38,Male,Divorced,Secondary,Employed,134,2541,15,1,0,0.78,0,0,0,0,0.348,Low,Low_Risk
CUST0390,23,Male,Single,Secondary,Self-employed,84,10512,23,1,0,0.54,0,1,1,0,0.348,Medium,Low_Risk
CUST1467,24,Male,Married,Secondary,Self-employed,126,16949,16,1,0,0.84,0,1,1,0,0.348,Low,Low_Risk
CUST1260,24,Female,Married,Secondary,Self-employed,157,15855,11,4,0,0.81,3,1,0,0,0.348,Medium,Low_Risk
CUST2533,43,Male,Single,,Employed,133,9878,15,1,0,0.6,2,1,1,0,0.348,Low,Low_Risk
CUST1019,35,Male,Single,Secondary,Employed,138,63258,13,1,0,0.86,0,1,1,0,0.348,Low,Low_Risk
CUST0600,34,Female,Single,Primary,Self-employed,108,184221,15,2,0,0.84,2,0,1,0,0.348,Medium,Low_Risk
CUST1075,36,Female,Single,Primary,Self-employed,123,38748,16,1,0,0.69,0,0,0,0,0.348,Low,Low_Risk
CUST0188,31,Female,Single,Primary,Unemployed,124,30807,16,3,0,0.54,0,0,1,0,0.348,Medium,Low_Risk
CUST0794,35,Female,Single,Primary,Employed,152,8981,12,1,0,0.89,1,1,0,0,0.348,Low,Low_Risk
CUST0254,37,Female,Single,University,Employed,137,68785,13,1,0,0.5,0,1,0,0,0.348,Low,Low_Risk
CUST2234,36,Female,Single,Primary,Employed,126,140177,13,1,0,0.65,0,1,0,0,0.347,Low,Low_Risk
CUST0049,23,Male,Married,Secondary,Employed,125,18965,16,1,0,0.65,1,1,0,0,0.347,Low,Low_Risk
CUST1994,22,Female,Married,Secondary,Self-employed,112,68147,17,3,0,0.93,1,1,0,0,0.347,Medium,Low_Risk
CUST2553,35,Male,Single,Secondary,Employed,115,214784,13,2,0,0.95,2,0,0,0,0.347,Medium,Low_Risk
CUST2562,36,Male,Married,Primary,Self-employed,74,371843,16,4,0,0.5,1,1,1,0,0.347,Medium,Low_Risk
CUST2263,36,Female,Married,Secondary,Self-employed,71,222420,20,3,0,0.52,0,0,0,0,0.347,Medium,Low_Risk
CUST0017,32,Female,Single,Secondary,Employed,91,82442,20,3,0,0.98,0,0,0,0,0.347,Medium,Low_Risk
CUST0559,28,Female,Married,University,Employed,156,62545,10,2,0,0.52,1,1,0,0,0.347,Low,Low_Risk
CUST2955,47,Female,Single,,Employed,128,127974,13,2,0,0.82,1,0,0,0,0.347,Medium,Low_Risk
CUST0503,41,Male,Single,University,Self-employed,136,28379,14,4,0,0.65,2,1,1,0,0.347,Medium,Low_Risk
CUST1068,36,Female,Married,Secondary,Unemployed,78,87066,22,1,2,0.78,1,1,1,0,0.347,Medium,Medium_Risk
CUST1175,36,Female,Single,,Employed,109,3943,19,1,0,0.66,1,1,1,0,0.347,Medium,Low_Risk
CUST0925,37,Male,Married,Primary,Self-employed,108,50953,18,1,0,0.57,2,0,1,0,0.347,Medium,Low_Risk
CUST2695,30,Male,Single,Primary,Employed,163,139258,7,3,0,0.64,1,1,0,0,0.347,Low,Low_Risk
CUST2367,32,Female,Married,Secondary,Employed,67,547571,13,1,0,0.62,3,0,0,0,0.347,Low,Low_Risk
CUST1290,30,Female,Single,Secondary,Employed,132,56885,14,4,0,0.88,1,1,0,0,0.347,Medium,Low_Risk
CUST1245,24,Male,Divorced,University,Employed,99,113099,18,2,0,0.92,0,0,1,0,0.347,Medium,Low_Risk
CUST0052,28,Female,Divorced,Secondary,Self-employed,129,119875,13,1,0,0.81,1,0,0,0,0.347,Low,Low_Risk
CUST1442,33,Female,Single,Primary,Unemployed,116,122492,15,2,0,0.9,1,1,1,0,0.347,Medium,Low_Risk
CUST1652,37,Male,Divorced,Primary,Employed,130,71981,14,3,0,0.59,0,0,0,0,0.347,Medium,Low_Risk
CUST2190,30,Female,Married,Secondary,Employed,34,563119,18,3,0,0.73,0,1,0,0,0.347,Medium,Low_Risk
CUST2465,35,Female,Married,,Self-employed,128,82903,14,2,0,0.65,2,1,1,0,0.347,Medium,Low_Risk
CUST2605,39,Female,Married,Secondary,Employed,128,38357,15,3,0,0.59,0,1,0,0,0.346,Medium,Low_Risk
CUST2153,33,Male,Married,Secondary,Unemployed,120,94069,15,3,0,0.91,1,1,0,0,0.346,Medium,Low_Risk
CUST2765,39,Female,Single,University,Employed,141,31360,13,2,0,0.93,0,1,0,0,0.346,Medium,Low_Risk
CUST2258,34,Female,Married,University,Self-employed,79,163332,20,3,0,0.55,1,1,0,0,0.346,Medium,Low_Risk
CUST2711,32,Male,Married,Primary,Employed,93,237613,16,4,0,0.96,0,1,1,0,0.346,Medium,Low_Risk
CUST0620,38,Female,Single,Secondary,Employed,162,16393,10,3,0,0.66,1,0,1,0,0.346,Medium,Low_Risk
CUST2661,18,Female,Married,Primary,Self-employed,93,276686,15,2,0,0.66,0,1,0,0,0.346,Medium,Low_Risk
CUST0669,45,Female,Single,Secondary,Employed,108,177211,15,1,0,0.91,2,0,0,0,0.346,Low,Low_Risk
CUST1816,40,Female,Single,Secondary,Employed,80,327570,16,2,0,0.91,0,0,1,0,0.346,Medium,Low_Risk
CUST0309,28,Female,Single,Secondary,Self-employed,74,282374,18,2,1,0.74,3,1,0,0,0.346,Medium,Medium_Risk
CUST1655,20,Male,Married,,Employed,114,90185,16,1,0,0.86,2,1,1,0,0.346,Low,Low_Risk
CUST1286,31,Female,Divorced,Primary,Employed,107,352851,11,2,0,0.92,2,1,1,0,0.346,Low,Low_Risk
CUST0838,33,Male,Married,Primary,Unemployed,104,161253,16,2,0,0.54,1,1,0,0,0.346,Medium,Low_Risk
CUST1524,28,Male,Single,,Employed,143,102307,11,1,0,0.5,0,0,1,0,0.346,Low,Low_Risk
CUST2534,26,Female,Single,Secondary,Employed,126,177483,12,4,0,0.53,2,1,0,0,0.346,Medium,Low_Risk
CUST2919,38,Female,Single,Secondary,Unemployed,94,272835,15,2,0,0.91,1,1,0,0,0.346,Medium,Low_Risk
CUST0352,35,Female,Divorced,,Employed,113,182904,14,1,0,0.86,2,0,0,0,0.346,Low,Low_Risk
CUST1294,22,Male,Single,Primary,Employed,111,323401,11,1,0,0.72,1,1,0,0,0.346,Low,Low_Risk
CUST0489,38,Male,Single,Primary,Employed,127,342839,8,1,0,0.87,1,1,0,0,0.346,Low,Low_Risk
CUST0901,18,Female,Single,Primary,Employed,125,101869,14,1,0,0.51,0,0,0,0,0.346,Low,Low_Risk
CUST1605,43,Male,Married,,Employed,7,531177,23,3,0,0.73,0,0,0,0,0.346,High,Low_Risk
CUST1441,38,Female,Married,,Self-employed,102,172395,16,1,0,0.65,0,1,0,0,0.346,Low,Low_Risk
CUST1204,35,Female,Single,Primary,Employed,105,197963,15,2,0,0.95,0,0,0,0,0.346,Medium,Low_Risk
CUST1703,29,Male,Divorced,University,Employed,98,330198,13,4,0,0.52,0,1,0,0,0.346,Medium,Low_Risk
CUST0968,44,Male,Single,University,Employed,135,30963,14,2,0,0.71,1,1,1,0,0.346,Medium,Low_Risk
CUST2655,32,Female,Divorced,Secondary,Employed,139,47590,13,3,0,0.64,0,1,0,0,0.346,Medium,Low_Risk
CUST0732,31,Female,Married,Secondary,Employed,105,111823,17,2,0,0.52,1,1,0,0,0.346,Medium,Low_Risk
CUST0912,35,Female,Divorced,Secondary,Employed,101,12450,20,1,1,0.96,1,1,1,0,0.346,Medium,Low_Risk
CUST0055,36,Male,Married,University,Employed,77,49441,23,3,0,0.74,1,1,1,0,0.346,High,Low_Risk
CUST1842,28,Female,Single,Primary,Employed,101,50948,19,3,0,0.96,1,1,1,0,0.345,Medium,Low_Risk
CUST1999,42,Female,Married,Secondary,Employed,141,72264,12,4,0,0.61,1,0,0,0,0.345,Medium,Low_Risk
CUST1122,35,Male,Single,Secondary,Employed,51,308278,21,2,0,0.67,0,1,0,0,0.345,Medium,Low_Risk
CUST2082,23,Female,Single,University,Employed,104,29525,19,4,0,0.61,0,1,0,0,0.345,High,Low_Risk
CUST0335,28,Female,Single,Secondary,Employed,77,213082,19,4,0,0.74,1,0,1,0,0.345,High,Low_Risk
CUST1482,32,Female,Married,Secondary,Self-employed,136,63889,13,2,1,0.52,1,1,0,0,0.345,Medium,Low_Risk
CUST0901,52,Male,Single,Primary,Employed,116,32591,17,2,0,0.98,2,1,0,0,0.345,Medium,Low_Risk
CUST0420,25,Female,Married,Primary,Employed,104,72009,18,4,0,0.67,0,1,0,0,0.345,High,Low_Risk
CUST1788,47,Female,Divorced,Secondary,Employed,120,46738,16,3,1,0.82,0,1,0,0,0.345,Medium,Low_Risk
CUST0112,41,Female,Married,University,Employed,112,143954,15,3,0,0.53,0,1,0,0,0.345,Medium,Low_Risk
CUST2418,62,Female,Married,Secondary,Employed,76,179442,20,3,0,0.65,1,1,0,0,0.345,Medium,Low_Risk
CUST2280,42,Female,Married,Secondary,Self-employed,132,174482,11,3,0,0.98,1,1,0,0,0.345,Medium,Low_Risk
CUST0491,18,Female,Married,Primary,Self-employed,157,4230,11,1,1,0.8,1,1,1,0,0.345,Low,Low_Risk
CUST1683,26,Female,Single,Secondary,Self-employed,73,116664,22,1,2,0.81,1,1,0,0,0.345,Medium,Medium_Risk
CUST2353,35,Female,Single,Primary,Employed,94,140497,18,1,0,0.62,1,1,0,0,0.345,Medium,Low_Risk
CUST2008,48,Female,Single,Primary,Unemployed,130,18097,15,1,0,0.97,1,1,0,0,0.345,Low,Low_Risk
CUST2967,51,Male,Married,Primary,Employed,128,77821,14,2,0,0.76,3,1,1,0,0.345,Medium,Low_Risk
CUST0891,34,Male,Single,University,Self-employed,128,74631,14,2,0,0.67,1,0,0,0,0.345,Medium,Low_Risk
CUST0259,35,Male,Single,Primary,Self-employed,82,54582,22,4,1,0.51,2,1,1,0,0.345,High,Low_Risk
CUST1209,24,Male,Married,University,Employed,33,560629,18,1,0,0.84,1,1,0,0,0.345,Medium,Low_Risk
CUST2266,32,Female,Divorced,Primary,Self-employed,98,107120,18,3,0,0.85,3,1,1,0,0.344,Medium,Low_Risk
CUST0703,46,Female,Married,Secondary,Self-employed,122,155810,13,1,0,0.51,0,1,1,0,0.344,Low,Low_Risk
CUST2664,25,Male,Married,Secondary,Unemployed,79,68411,22,2,0,0.6,2,1,0,0,0.344,Medium,Low_Risk
CUST2338,23,Female,Married,Secondary,Self-employed,116,111158,15,2,0,0.7,2,1,0,0,0.344,Medium,Low_Risk
CUST0590,21,Male,Single,Primary,Employed,92,21515,21,3,0,0.56,1,1,0,0,0.344,Medium,Low_Risk
CUST2751,32,Male,Married,Secondary,Self-employed,67,535643,13,1,0,0.96,1,0,0,0,0.344,Low,Low_Risk
CUST1862,33,Female,Married,Secondary,Self-employed,157,171296,7,2,0,0.6,3,1,1,0,0.344,Low,Low_Risk
CUST2840,42,Male,Divorced,Primary,Employed,72,202794,20,3,0,0.84,0,1,0,0,0.344,Medium,Low_Risk
CUST2689,41,Female,Single,,Employed,97,413434,11,4,0,0.61,1,1,0,0,0.344,Medium,Low_Risk
CUST0561,24,Male,Married,Primary,Employed,138,1299,14,1,0,0.61,0,1,1,0,0.344,Low,Low_Risk
CUST1820,39,Female,Single,Secondary,Employed,138,299190,7,3,0,0.55,3,0,1,0,0.344,Low,Low_Risk
CUST1307,45,Female,Single,Primary,Employed,79,156246,20,1,0,0.62,0,0,0,0,0.344,Medium,Low_Risk
CUST2950,27,Female,Single,Secondary,Employed,144,44653,12,1,1,0.59,0,1,0,0,0.344,Low,Low_Risk
CUST1470,23,Female,Married,Secondary,Employed,119,4256,17,3,0,0.92,0,1,0,0,0.344,Medium,Low_Risk
CUST1991,18,Male,Single,Secondary,Unemployed,88,221097,17,1,0,0.85,0,1,0,0,0.344,Low,Low_Risk
CUST0520,35,Male,Married,Secondary,Employed,35,456669,20,1,0,0.79,0,0,0,0,0.344,Medium,Low_Risk
CUST2137,48,Male,Single,,Self-employed,115,245188,12,3,0,0.62,1,0,0,0,0.344,Medium,Low_Risk
CUST1673,54,Female,Married,Primary,Self-employed,79,24144,23,4,0,1.0,0,1,0,0,0.343,High,Low_Risk
CUST2564,45,Female,Married,Secondary,Self-employed,131,2926,15,3,0,0.82,0,1,0,0,0.343,Medium,Low_Risk
CUST2629,42,Male,Divorced,,Employed,57,259847,21,2,1,0.92,1,1,0,0,0.343,Medium,Low_Risk
CUST2630,52,Female,Single,Secondary,Employed,104,188953,15,2,0,0.86,1,1,0,0,0.343,Medium,Low_Risk
CUST1600,38,Female,Single,,Unemployed,118,265145,11,2,0,0.68,1,1,0,0,0.343,Low,Low_Risk
CUST1773,33,Female,Single,Primary,Self-employed,178,20696,7,2,0,0.57,0,0,0,0,0.343,Low,Low_Risk
CUST0234,42,Female,Divorced,University,Employed,100,3570,20,3,1,0.84,2,1,0,0,0.343,Medium,Low_Risk
CUST2838,53,Male,Single,Secondary,Employed,111,15207,18,4,0,0.56,1,1,0,0,0.343,High,Low_Risk
CUST1918,38,Female,Married,,Employed,129,62123,14,1,0,0.84,2,1,0,0,0.343,Low,Low_Risk
CUST0781,24,Female,Single,Secondary,Employed,69,344858,17,2,0,0.83,2,1,0,0,0.343,Medium,Low_Risk
CUST2018,29,Male,Single,Secondary,Employed,103,195685,15,1,1,0.53,1,1,0,0,0.343,Low,Low_Risk
CUST2056,40,Male,Married,Secondary,Self-employed,117,16823,17,1,1,0.68,1,1,1,0,0.343,Low,Low_Risk
CUST0255,32,Male,Married,Secondary,Unemployed,102,78255,18,4,1,0.94,1,1,0,0,0.343,High,Low_Risk
CUST0645,18,Female,Single,Secondary,Employed,154,14824,11,1,0,0.68,1,1,0,0,0.343,Low,Low_Risk
CUST0568,32,Female,Single,Primary,Employed,96,201276,16,2,0,0.51,0,1,0,0,0.343,Medium,Low_Risk
CUST2647,38,Female,Married,Primary,Employed,122,65721,15,4,0,0.57,2,1,0,0,0.343,Medium,Low_Risk
CUST1006,43,Female,Married,Secondary,Employed,133,116927,12,3,0,0.68,1,0,1,0,0.343,Medium,Low_Risk
CUST0775,34,Male,Married,Secondary,Self-employed,122,195508,12,2,0,0.55,1,1,0,0,0.343,Low,Low_Risk
CUST2795,50,Female,Divorced,Primary,Employed,99,140333,17,2,0,0.99,0,1,0,0,0.343,Medium,Low_Risk
CUST0225,47,Male,Single,Secondary,Employed,82,171937,19,1,1,0.78,1,1,0,0,0.343,Medium,Low_Risk
CUST0825,32,Female,Single,Secondary,Employed,129,61963,14,1,0,0.63,1,1,0,0,0.343,Low,Low_Risk
CUST2862,25,Female,Single,University,Self-employed,96,74766,19,3,0,0.66,0,1,0,0,0.343,Medium,Low_Risk
CUST0406,36,Male,Married,Secondary,Employed,84,160099,19,3,0,0.92,0,1,0,0,0.343,Medium,Low_Risk
CUST2782,37,Male,Single,Secondary,Employed,61,443282,16,4,0,0.95,0,0,1,0,0.343,Medium,Low_Risk
CUST1648,26,Female,Married,Primary,Self-employed,76,170640,20,3,0,0.79,0,0,0,0,0.343,Medium,Low_Risk
CUST1923,18,Male,Single,Secondary,Employed,127,74134,14,1,1,0.72,0,1,0,0,0.343,Low,Low_Risk
CUST1828,45,Male,Divorced,Secondary,Employed,85,62299,21,3,0,0.62,1,0,0,0,0.342,Medium,Low_Risk
CUST0685,37,Female,Single,Secondary,Self-employed,64,504690,14,2,1,0.54,0,0,0,0,0.342,Medium,Low_Risk
CUST0004,31,Female,Married,Primary,Employed,131,44026,14,1,0,1.0,1,1,0,0,0.342,Low,Low_Risk
CUST2315,24,Female,Married,Primary,Employed,82,209586,18,1,0,0.61,2,1,0,0,0.342,Medium,Low_Risk
CUST1154,48,Male,Married,Primary,Unemployed,114,76481,16,1,1,0.52,1,1,0,0,0.342,Low,Low_Risk
CUST1036,25,Female,Married,University,Employed,88,170360,18,1,0,0.93,2,1,0,0,0.342,Medium,Low_Risk
CUST1114,42,Female,Married,,Self-employed,111,265891,12,4,0,0.8,1,0,0,0,0.342,Medium,Low_Risk
CUST1354,33,Female,Married,Primary,Self-employed,128,20683,15,3,0,0.52,0,1,1,0,0.342,Medium,Low_Risk
CUST0760,19,Male,Single,Secondary,Self-employed,102,73156,18,3,0,0.73,2,1,0,0,0.342,Medium,Low_Risk
CUST2934,21,Female,Single,Primary,Employed,108,73898,17,4,0,0.85,2,0,0,0,0.342,High,Low_Risk
CUST0361,18,Male,Single,,Self-employed,155,4173,11,2,0,0.97,1,1,0,0,0.342,Low,Low_Risk
CUST0170,35,Male,Married,Secondary,Employed,112,342669,10,4,0,0.78,2,1,0,0,0.342,Medium,Low_Risk
CUST2053,30,Male,Single,Secondary,Self-employed,83,74416,21,3,0,0.58,3,1,0,0,0.342,Medium,Low_Risk
CUST1982,18,Female,Married,Primary,Employed,157,33096,10,1,0,0.66,1,1,1,0,0.342,Low,Low_Risk
CUST0032,34,Female,Married,Secondary,Employed,118,134452,14,2,0,0.81,0,0,0,0,0.342,Medium,Low_Risk
CUST1074,27,Female,Single,Primary,Unemployed,137,43909,13,4,0,0.85,2,0,0,0,0.342,Medium,Low_Risk
CUST0739,37,Male,Married,University,Employed,135,55956,13,1,0,0.65,1,1,0,0,0.342,Low,Low_Risk
CUST2198,34,Male,Married,University,Employed,118,46673,16,2,1,0.85,1,0,1,0,0.342,Medium,Low_Risk
CUST2198,18,Female,Married,Secondary,Employed,78,151493,20,2,1,0.76,0,0,1,0,0.342,Medium,Low_Risk
CUST0013,38,Male,Married,Primary,Employed,127,240326,10,4,0,0.77,2,1,0,0,0.342,Medium,Low_Risk
CUST0155,38,Female,Married,University,Unemployed,143,44185,12,2,0,0.73,1,1,0,0,0.342,Low,Low_Risk
CUST0940,42,Female,Married,Secondary,Self-employed,143,4437,13,2,3,0.69,2,0,1,0,0.342,Medium,Medium_Risk
CUST0512,32,Male,Married,Primary,Self-employed,59,28999,26,1,0,0.62,3,1,0,0,0.342,Medium,Low_Risk
CUST2017,42,Female,Married,Secondary,Employed,157,33121,10,1,0,0.87,0,1,0,0,0.342,Low,Low_Risk
CUST0445,35,Female,Single,Secondary,Employed,141,15509,13,1,1,0.9,0,1,0,0,0.342,Low,Low_Risk
CUST1153,34,Female,Married,,Employed,75,256599,18,3,0,0.54,2,1,0,0,0.342,Medium,Low_Risk
CUST2488,18,Male,Single,Primary,Employed,81,173530,19,3,0,0.67,0,0,1,0,0.342,Medium,Low_Risk
CUST1844,42,Male,Single,University,Unemployed,128,191276,11,3,0,0.59,4,1,0,0,0.342,Medium,Low_Risk
CUST2078,47,Male,Single,Secondary,Employed,134,23203,14,1,0,0.89,2,1,0,0,0.342,Low,Low_Risk
CUST2980,25,Male,Married,Secondary,Employed,138,37179,13,2,0,0.51,0,1,0,0,0.342,Medium,Low_Risk
CUST1372,32,Female,Single,Primary,Employed,103,65036,18,1,1,0.87,1,1,1,0,0.342,Medium,Low_Risk
CUST1950,42,Male,Married,Primary,Unemployed,74,259443,18,3,0,0.68,2,1,0,0,0.341,Medium,Low_Risk
CUST1132,28,Male,Married,Primary,Self-employed,100,169234,16,1,0,0.77,0,1,0,0,0.341,Low,Low_Risk
CUST2639,42,Male,Single,Secondary,Employed,117,8685,17,1,0,0.94,3,1,0,0,0.341,Low,Low_Risk
CUST0989,34,Male,Single,Primary,Employed,102,26671,19,1,0,0.88,0,1,1,0,0.341,Medium,Low_Risk
CUST0615,44,Male,Married,Primary,Employed,76,415731,14,4,0,0.79,0,1,0,0,0.341,Medium,Low_Risk
CUST2669,45,Female,Married,Primary,Employed,88,206431,17,4,1,0.6,0,1,0,0,0.341,High,Low_Risk
CUST0155,39,Female,Single,Primary,Employed,136,89439,12,3,0,0.51,3,0,1,0,0.341,Medium,Low_Risk
CUST2278,39,Male,Married,Primary,Self-employed,109,61520,17,1,0,0.96,2,1,0,0,0.341,Low,Low_Risk
CUST0883,33,Female,Married,Primary,Self-employed,76,502558,12,4,0,0.56,2,1,0,0,0.341,Medium,Low_Risk
CUST0976,35,Male,Married,,Employed,84,150294,19,3,0,0.53,1,1,0,0,0.341,Medium,Low_Risk
CUST2004,34,Male,Single,,Employed,136,48461,13,1,0,0.53,1,1,0,0,0.341,Low,Low_Risk
CUST2318,27,Male,Single,Primary,Self-employed,118,85880,15,2,0,0.66,0,1,0,0,0.341,Medium,Low_Risk
CUST1913,19,Female,Single,Secondary,Unemployed,75,127833,21,2,1,0.83,1,0,0,0,0.341,Medium,Low_Risk
CUST1106,30,Male,Married,Secondary,Self-employed,159,14592,10,4,2,0.71,2,1,0,0,0.341,Medium,Medium_Risk
CUST1105,62,Male,Single,Primary,Employed,124,1367,16,3,0,0.72,0,1,0,0,0.341,Medium,Low_Risk
CUST0964,25,Male,Married,Secondary,Employed,93,553750,8,2,0,0.94,2,0,0,0,0.341,Low,Low_Risk
CUST1664,55,Female,Married,University,Unemployed,57,123572,24,2,0,0.64,0,0,1,0,0.341,Medium,Low_Risk
CUST0058,64,Female,Married,Primary,Employed,96,66920,19,3,1,0.93,1,0,1,0,0.341,Medium,Low_Risk
CUST2623,18,Male,Married,University,Employed,79,141125,20,4,0,0.99,1,0,0,0,0.341,High,Low_Risk
CUST2405,24,Female,Married,Secondary,Employed,131,122206,12,1,0,0.98,1,1,0,0,0.341,Low,Low_Risk
CUST2215,47,Male,Married,Secondary,Employed,114,69206,16,2,0,0.78,1,0,1,0,0.341,Medium,Low_Risk
CUST1087,45,Female,Married,Secondary,Employed,116,269060,11,1,0,0.88,0,0,0,0,0.341,Low,Low_Risk
CUST0930,41,Male,Single,Secondary,Employed,121,21302,16,1,0,0.66,0,0,0,0,0.341,Low,Low_Risk
CUST2320,45,Male,Married,Secondary,Employed,118,1295,17,4,0,0.71,5,0,0,0,0.341,High,Medium_Risk
CUST2407,43,Male,Single,Secondary,Self-employed,103,63576,18,1,0,0.94,1,1,0,0,0.341,Medium,Low_Risk
CUST2746,43,Female,Married,Secondary,Employed,57,292428,20,1,0,0.9,0,1,0,0,0.341,Medium,Low_Risk
CUST0786,28,Female,Married,Primary,Self-employed,97,101673,18,1,1,0.75,3,0,1,0,0.341,Medium,Medium_Risk
CUST0882,39,Male,Single,Primary,Self-employed,137,82942,12,1,1,0.86,0,1,0,0,0.341,Low,Low_Risk
CUST1667,30,Female,Single,Secondary,Self-employed,130,88258,13,2,0,0.59,1,1,1,0,0.341,Medium,Low_Risk
CUST0707,41,Male,Married,University,Employed,83,72117,21,2,0,0.87,0,1,1,0,0.341,Medium,Low_Risk
CUST2846,25,Female,Married,,Employed,138,29824,13,1,0,0.8,0,1,0,0,0.34,Low,Low_Risk
CUST1363,30,Male,Married,Secondary,Self-employed,83,26835,22,1,0,0.65,2,1,0,0,0.34,Medium,Low_Risk
CUST0743,22,Female,Single,University,Employed,121,147727,13,1,0,0.59,0,1,1,0,0.34,Low,Low_Risk
CUST0396,25,Male,Single,University,Employed,114,25791,17,1,0,0.9,1,1,0,0,0.34,Low,Low_Risk
CUST2036,45,Male,Married,Primary,Employed,39,330203,22,1,0,0.97,0,1,0,0,0.34,Medium,Low_Risk
CUST2076,40,Male,Divorced,Secondary,Employed,153,9886,11,1,1,0.91,0,1,0,0,0.34,Low,Low_Risk
CUST1709,35,Female,Divorced,University,Employed,101,27808,19,1,0,0.67,1,1,1,0,0.34,Medium,Low_Risk
CUST2200,30,Male,Married,Primary,Self-employed,139,65412,12,1,0,0.76,1,1,0,0,0.34,Low,Low_Risk
CUST2817,43,Male,Married,Primary,Employed,120,110425,14,3,0,0.6,1,1,0,0,0.34,Medium,Low_Risk
CUST2438,34,Male,Single,Primary,Employed,85,139281,19,1,0,0.88,0,1,0,0,0.34,Medium,Low_Risk
CUST0714,29,Male,Divorced,University,Employed,117,87838,15,1,0,0.61,0,0,1,0,0.34,Low,Low_Risk
CUST1780,47,Female,Single,University,Employed,106,247714,13,1,0,0.5,4,1,0,0,0.34,Low,Low_Risk
CUST1802,36,Female,Divorced,University,Self-employed,154,2475,11,2,0,0.81,1,0,1,0,0.34,Low,Low_Risk
CUST1627,35,Female,Single,Primary,Self-employed,96,63105,19,1,0,0.59,1,0,1,0,0.34,Medium,Low_Risk
CUST1682,33,Female,Single,Primary,Employed,32,289745,24,1,0,0.54,3,1,0,0,0.34,Medium,Low_Risk
CUST1315,32,Male,Married,Primary,Employed,59,63553,25,3,0,0.6,2,1,0,0,0.34,High,Low_Risk
CUST1199,26,Male,Married,Primary,Employed,156,34287,10,2,0,0.6,1,1,1,0,0.34,Low,Low_Risk
CUST2563,47,Male,Single,Secondary,Employed,74,46482,23,4,0,0.89,2,1,0,0,0.34,High,Low_Risk
CUST2949,18,Female,Married,Secondary,Employed,125,76845,14,1,0,0.56,1,1,0,0,0.34,Low,Low_Risk
CUST1936,44,Male,Single,Primary,Unemployed,105,258167,13,1,0,0.88,0,1,0,0,0.34,Low,Low_Risk
CUST0410,37,Male,Single,Primary,Employed,87,40884,21,3,2,0.75,1,1,1,0,0.34,Medium,Medium_Risk
CUST1848,45,Female,Divorced,Secondary,Employed,118,37589,16,2,0,0.53,2,0,0,0,0.34,Medium,Low_Risk
CUST2542,19,Male,Married,Secondary,Unemployed,77,107696,21,2,0,0.88,2,0,0,0,0.34,Medium,Low_Risk
CUST0923,23,Female,Single,Secondary,Self-employed,108,22925,18,3,0,0.86,0,1,0,0,0.34,Medium,Low_Risk
CUST2299,34,Male,Single,Secondary,Employed,13,762713,16,2,0,0.82,2,1,1,0,0.34,Medium,Low_Risk
CUST1006,33,Male,Married,Primary,Employed,153,11969,11,1,0,0.77,0,1,0,0,0.34,Low,Low_Risk
CUST2728,24,Female,Single,University,Employed,94,247428,15,2,0,0.7,2,0,1,0,0.34,Medium,Low_Risk
CUST1967,41,Male,Married,University,Self-employed,96,65084,19,1,0,0.64,1,1,0,0,0.34,Medium,Low_Risk
CUST2706,49,Male,Married,University,Self-employed,119,32168,16,1,1,0.9,0,1,0,0,0.34,Low,Low_Risk
CUST1904,42,Female,Married,Primary,Employed,110,177320,14,1,0,0.89,0,1,1,0,0.34,Low,Low_Risk
CUST2521,52,Male,Married,Secondary,Employed,117,214503,12,3,0,0.84,2,1,0,0,0.34,Medium,Low_Risk
CUST2975,32,Female,Single,University,Employed,156,32995,10,1,0,0.82,0,1,0,0,0.34,Low,Low_Risk
CUST0595,37,Male,Married,Primary,Employed,123,176408,12,3,0,0.61,0,1,0,0,0.34,Medium,Low_Risk
CUST0452,26,Female,Married,University,Employed,130,82169,13,2,0,0.76,0,0,0,0,0.34,Medium,Low_Risk
CUST1170,38,Female,Married,Primary,Self-employed,73,347692,16,2,0,0.56,0,0,0,0,0.34,Medium,Low_Risk
CUST1214,29,Female,Single,Primary,Employed,120,69219,15,1,1,0.98,3,0,1,0,0.34,Low,Medium_Risk
CUST1776,37,Male,Married,,Employed,134,12602,14,2,0,0.96,2,1,0,0,0.34,Medium,Low_Risk
CUST1730,33,Male,Married,Primary,Employed,86,87729,20,2,0,0.6,4,1,1,0,0.34,Medium,Low_Risk
CUST1050,46,Male,Single,University,Self-employed,108,319317,11,1,1,0.75,2,1,1,0,0.34,Low,Low_Risk
CUST1042,39,Male,Married,Secondary,Employed,130,82904,13,2,0,0.61,1,1,0,0,0.34,Medium,Low_Risk
CUST2567,35,Male,Single,University,Employed,127,13824,15,3,1,0.85,1,1,0,0,0.339,Medium,Low_Risk
CUST0554,40,Male,Married,University,Self-employed,116,47351,16,3,0,0.99,1,1,0,0,0.339,Medium,Low_Risk
CUST1405,33,Female,Married,Primary,Employed,142,123983,10,1,1,0.99,1,1,0,0,0.339,Low,Low_Risk
CUST1494,26,Male,Divorced,University,Unemployed,70,110711,22,1,0,0.74,0,0,0,0,0.339,Medium,Low_Risk
CUST1290,35,Male,Married,Primary,Employed,20,794436,14,1,0,0.54,2,0,0,0,0.339,Low,Low_Risk
CUST0451,41,Male,Single,Secondary,Self-employed,11,517210,22,2,0,0.68,0,1,0,0,0.339,Medium,Low_Risk
CUST1714,26,Female,Married,University,Employed,97,264092,14,4,0,0.91,0,0,1,0,0.339,Medium,Low_Risk
CUST0743,47,Female,Single,Primary,Self-employed,61,343241,18,2,0,0.95,0,1,0,0,0.339,Medium,Low_Risk
CUST0701,21,Male,Married,Secondary,Employed,102,18137,19,1,0,1.0,0,0,0,0,0.339,Medium,Low_Risk
CUST2462,49,Male,Single,University,Unemployed,128,8553,15,1,0,0.84,0,1,0,0,0.339,Low,Low_Risk
CUST1379,50,Male,Single,Secondary,Employed,91,94886,19,1,0,0.99,1,1,0,0,0.339,Medium,Low_Risk
CUST2420,36,Female,Married,,Employed,128,92124,13,1,1,0.89,1,0,0,0,0.339,Low,Low_Risk
CUST1674,30,Female,Single,Secondary,Employed,121,55163,15,1,0,0.86,1,1,1,0,0.339,Low,Low_Risk
CUST2496,25,Male,Single,Secondary,Employed,105,168489,15,1,0,0.89,0,1,0,0,0.339,Low,Low_Risk
CUST1136,25,Female,Married,University,Employed,104,47432,18,2,0,0.8,1,0,1,0,0.339,Medium,Low_Risk
CUST1188,47,Female,Married,Primary,Employed,128,180041,11,1,0,0.53,2,0,0,0,0.339,Low,Low_Risk
CUST0329,46,Male,Divorced,Primary,Employed,141,89134,11,2,0,0.58,0,0,0,0,0.339,Low,Low_Risk
CUST1079,33,Male,Single,University,Unemployed,138,66785,12,2,0,0.59,0,1,1,0,0.339,Low,Low_Risk
CUST2570,34,Male,Single,Primary,Self-employed,152,12126,11,2,0,0.87,0,1,0,0,0.339,Low,Low_Risk
CUST2925,49,Male,Married,Primary,Self-employed,128,51871,14,2,0,0.75,1,1,0,0,0.339,Medium,Low_Risk
CUST1379,27,Female,Single,Secondary,Employed,134,53457,13,2,0,0.62,1,1,0,0,0.339,Medium,Low_Risk
CUST1233,37,Male,Married,Primary,Employed,146,96832,10,1,0,0.58,1,1,1,0,0.339,Low,Low_Risk
CUST0233,41,Female,Married,,Employed,128,93251,13,1,0,0.58,2,1,0,0,0.339,Low,Low_Risk
CUST1302,33,Female,Married,Primary,Self-employed,69,240688,19,3,0,0.66,1,1,0,0,0.338,Medium,Low_Risk
CUST1060,42,Male,Married,Secondary,Self-employed,110,500,18,2,2,0.7,0,1,1,0,0.338,Medium,Low_Risk
CUST0621,50,Male,Married,Secondary,Self-employed,147,45014,11,2,0,0.59,1,1,0,0,0.338,Low,Low_Risk
CUST2523,31,Female,Single,Secondary,Self-employed,98,210121,15,2,1,0.55,1,1,1,0,0.338,Medium,Low_Risk
CUST2199,32,Female,Married,Secondary,Self-employed,71,481388,13,1,0,0.63,1,1,0,0,0.338,Low,Low_Risk
CUST0303,25,Male,Married,Secondary,Employed,91,257952,15,3,0,0.59,2,0,0,0,0.338,Medium,Low_Risk
CUST0316,44,Female,Divorced,,Employed,155,33015,10,4,0,0.57,1,0,0,0,0.338,Medium,Low_Risk
CUST2678,47,Female,Single,University,Employed,113,151352,14,3,2,0.71,1,1,0,0,0.338,Medium,Medium_Risk
CUST1188,21,Male,Divorced,University,Self-employed,114,16771,17,1,0,0.55,0,1,0,0,0.338,Low,Low_Risk
CUST2421,41,Female,Married,Primary,Employed,136,75203,12,1,0,0.82,1,0,1,0,0.338,Low,Low_Risk
CUST1542,18,Male,Married,University,Self-employed,109,178705,14,2,0,0.76,0,1,0,0,0.338,Medium,Low_Risk
CUST2789,45,Male,Single,Primary,Self-employed,83,144914,19,1,0,0.83,0,1,0,0,0.338,Medium,Low_Risk
CUST2932,23,Male,Single,Secondary,Employed,95,275666,14,3,0,0.71,0,1,1,0,0.338,Medium,Low_Risk
CUST2765,32,Male,Married,Primary,Employed,172,42794,7,2,0,0.84,1,0,0,0,0.338,Low,Low_Risk
CUST0855,32,Female,Married,Primary,Employed,99,120168,17,2,0,0.97,3,1,1,0,0.338,Medium,Low_Risk
CUST0274,44,Female,Single,University,Employed,97,133435,17,1,0,1.0,0,1,0,0,0.338,Low,Low_Risk
CUST2490,46,Male,Divorced,University,Employed,127,11588,15,1,0,0.64,0,1,0,0,0.338,Low,Low_Risk
CUST1891,33,Female,Married,Primary,Employed,157,101448,8,4,0,0.9,1,0,0,0,0.338,Medium,Low_Risk
CUST1263,47,Male,Married,Secondary,Self-employed,133,96101,12,2,0,0.52,0,1,0,0,0.338,Low,Low_Risk
CUST1196,18,Male,Married,,Employed,102,225543,14,2,0,0.59,0,1,0,0,0.338,Medium,Low_Risk
CUST1074,49,Female,Married,Secondary,Employed,109,6673,18,2,0,0.89,0,0,0,0,0.338,Medium,Low_Risk
CUST0083,33,Male,Divorced,University,Employed,121,139027,13,1,0,0.54,0,0,0,0,0.338,Low,Low_Risk
CUST2070,38,Female,Married,Secondary,Employed,107,65217,17,3,0,0.64,1,1,1,0,0.338,Medium,Low_Risk
CUST2417,40,Male,Divorced,University,Employed,113,21157,17,1,0,0.62,3,1,0,0,0.338,Low,Low_Risk
CUST2891,36,Male,Married,Primary,Employed,92,169280,17,1,0,0.61,3,0,1,0,0.338,Low,Low_Risk
CUST1299,56,Male,Single,Secondary,Employed,92,381944,12,2,0,0.63,1,0,0,0,0.338,Low,Low_Risk
CUST0789,35,Female,Married,Secondary,Unemployed,113,64955,16,1,0,0.69,0,1,1,0,0.338,Low,Low_Risk
CUST0608,33,Female,Single,,Self-employed,147,42933,11,2,0,0.9,1,1,0,0,0.338,Low,Low_Risk
CUST0438,18,Male,Married,Primary,Employed,98,83961,18,2,0,0.56,0,0,0,0,0.338,Medium,Low_Risk
CUST0582,47,Female,Divorced,,Employed,105,290867,12,3,0,0.87,1,1,1,0,0.338,Medium,Low_Risk
CUST0442,43,Male,Married,,Unemployed,49,506423,16,4,0,0.52,2,1,0,0,0.338,Medium,Low_Risk
CUST0195,33,Female,Single,Primary,Employed,108,137693,15,1,0,0.64,1,0,0,0,0.337,Low,Low_Risk
CUST1557,37,Female,Married,Secondary,Unemployed,114,10916,17,1,0,0.58,2,1,0,0,0.337,Low,Low_Risk
CUST2005,24,Female,Single,Primary,Self-employed,82,60526,21,1,1,0.98,0,1,0,0,0.337,Medium,Low_Risk
CUST2026,18,Male,Married,Secondary,Employed,107,59500,17,1,1,0.73,0,1,0,0,0.337,Low,Low_Risk
CUST1655,37,Male,Single,Secondary,Employed,129,34278,14,1,0,0.94,0,1,0,0,0.337,Low,Low_Risk
CUST0903,27,Female,Single,Secondary,Self-employed,88,19306,21,4,0,0.8,2,1,1,0,0.337,High,Low_Risk
CUST2590,41,Female,Married,Primary,Unemployed,104,251372,13,3,1,0.73,2,0,0,0,0.337,Medium,Low_Risk
CUST1447,29,Female,Single,Secondary,Unemployed,101,187120,15,2,1,0.63,1,1,0,0,0.337,Medium,Low_Risk
CUST1042,35,Male,Single,Secondary,Employed,107,186990,14,1,1,0.72,0,1,0,0,0.337,Low,Low_Risk
CUST2640,33,Female,Single,University,Employed,114,55556,16,2,0,0.65,2,1,1,0,0.337,Medium,Low_Risk
CUST1462,25,Female,Married,University,Self-employed,118,28472,16,1,0,0.52,0,1,0,0,0.337,Low,Low_Risk
CUST2983,46,Female,Married,Primary,Employed,146,175404,8,1,0,0.93,2,1,0,0,0.337,Low,Low_Risk
CUST1766,43,Male,Married,Secondary,Employed,144,18547,12,1,1,0.62,0,1,0,0,0.337,Low,Low_Risk
CUST1195,21,Male,Single,Primary,Self-employed,111,158334,14,2,0,0.58,3,1,0,0,0.337,Medium,Low_Risk
CUST0359,23,Female,Single,Secondary,Self-employed,109,214569,13,1,0,0.68,0,0,0,0,0.337,Low,Low_Risk
CUST0159,20,Female,Married,Secondary,Employed,99,29106,19,3,1,0.6,2,0,1,0,0.337,Medium,Low_Risk
CUST1172,37,Female,Single,Primary,Self-employed,140,171667,9,3,0,0.88,1,1,0,0,0.337,Medium,Low_Risk
CUST0606,49,Female,Single,Secondary,Unemployed,93,113505,18,2,0,0.63,0,1,0,0,0.337,Medium,Low_Risk
CUST0658,39,Female,Divorced,Primary,Employed,101,57820,18,2,0,0.52,1,1,0,0,0.337,Medium,Low_Risk
CUST1860,33,Female,Single,Secondary,Employed,114,139430,14,2,0,0.6,0,1,0,0,0.337,Medium,Low_Risk
CUST2145,47,Female,Single,Primary,Employed,107,100705,16,2,0,0.98,0,1,0,0,0.337,Medium,Low_Risk
CUST1897,32,Male,Single,Primary,Employed,175,57979,6,3,0,0.85,2,1,0,0,0.337,Low,Low_Risk
CUST0170,42,Male,Married,Primary,Employed,101,14302,19,2,0,0.91,1,0,0,0,0.336,Medium,Low_Risk
CUST2978,26,Female,Married,Secondary,Self-employed,94,104642,18,2,1,0.68,2,1,1,0,0.336,Medium,Low_Risk
CUST2974,30,Female,Married,Secondary,Employed,139,6490,13,1,1,0.77,0,0,0,0,0.336,Low,Low_Risk
CUST0422,33,Female,Divorced,Secondary,Employed,107,140548,15,2,0,0.72,0,1,0,0,0.336,Medium,Low_Risk
CUST0179,34,Female,Married,,Self-employed,140,127132,10,1,0,0.71,1,1,0,0,0.336,Low,Low_Risk
CUST2016,35,Male,Married,Secondary,Employed,85,206353,17,2,0,0.65,2,0,0,0,0.336,Medium,Low_Risk
CUST0932,26,Male,Married,University,Employed,92,31283,20,1,2,0.6,2,1,0,0,0.336,Medium,Medium_Risk
CUST1552,34,Female,Single,University,Self-employed,68,239163,19,4,0,0.69,1,1,1,0,0.336,High,Low_Risk
CUST0472,48,Male,Married,Secondary,Employed,40,686830,13,3,0,0.93,3,0,0,0,0.336,Medium,Low_Risk
CUST2172,19,Female,Married,Secondary,Self-employed,105,195479,14,2,1,0.73,0,1,0,0,0.336,Medium,Low_Risk
CUST0463,47,Female,Single,Secondary,Self-employed,121,128648,13,2,0,0.78,3,1,0,0,0.336,Medium,Low_Risk
CUST0637,38,Male,Married,Primary,Employed,77,91428,21,2,0,0.89,0,0,0,0,0.336,Medium,Low_Risk
CUST2369,19,Female,Married,Secondary,Self-employed,152,44473,10,4,0,0.57,1,1,1,0,0.336,Medium,Low_Risk
CUST1809,33,Male,Divorced,,Employed,132,95302,12,3,0,0.56,1,1,0,0,0.336,Medium,Low_Risk
CUST1952,42,Female,Single,University,Employed,99,26399,19,2,0,0.98,1,0,0,0,0.336,Medium,Low_Risk
CUST2274,26,Male,Married,,Employed,84,45037,21,2,0,0.52,0,0,1,0,0.336,Medium,Low_Risk
CUST0657,39,Male,Single,Secondary,Employed,93,278215,14,1,0,0.64,1,0,1,0,0.336,Low,Low_Risk
CUST2328,30,Female,Married,Secondary,Self-employed,58,522844,14,4,0,0.82,1,0,1,0,0.336,Medium,Low_Risk
CUST2377,44,Male,Married,Secondary,Self-employed,120,9819,16,3,0,0.64,0,1,1,0,0.336,Medium,Low_Risk
CUST2921,30,Female,Single,University,Employed,111,113223,15,4,0,0.84,1,1,1,0,0.336,Medium,Low_Risk
CUST2131,45,Male,Married,Secondary,Unemployed,3,518473,23,1,0,0.57,2,1,0,0,0.336,Medium,Low_Risk
CUST1423,45,Male,Single,Primary,Employed,124,108741,13,4,1,0.58,0,1,0,0,0.336,Medium,Low_Risk
CUST0732,27,Female,Married,Secondary,Employed,98,31147,19,3,0,0.86,1,0,0,0,0.336,Medium,Low_Risk
CUST1925,51,Female,Single,Secondary,Employed,81,276974,16,1,0,0.97,0,1,0,0,0.336,Low,Low_Risk
CUST2538,53,Male,Single,Primary,Employed,147,29903,11,1,0,0.96,0,1,0,0,0.335,Low,Low_Risk
CUST0619,31,Female,Married,University,Unemployed,100,56455,18,4,0,0.75,1,0,0,0,0.335,High,Low_Risk
CUST2906,32,Male,Single,,Employed,108,173248,14,1,0,0.85,0,1,1,0,0.335,Low,Low_Risk
CUST2706,34,Male,Single,,Self-employed,111,68893,16,2,0,0.56,0,1,0,0,0.335,Medium,Low_Risk
CUST2210,22,Female,Married,University,Self-employed,142,21918,12,3,0,0.94,0,1,0,0,0.335,Medium,Low_Risk
CUST1356,31,Female,Married,Secondary,Self-employed,52,347184,19,1,1,0.52,1,0,0,0,0.335,Medium,Low_Risk
CUST2751,38,Female,Married,Primary,Employed,77,217121,18,2,0,0.87,0,1,0,0,0.335,Medium,Low_Risk
CUST0037,25,Male,Married,Primary,Employed,100,187117,15,3,0,0.83,1,0,0,0,0.335,Medium,Low_Risk
CUST0159,47,Male,Married,University,Employed,101,432205,9,1,0,0.58,0,1,0,0,0.335,Low,Low_Risk
CUST0572,31,Male,Married,Secondary,Employed,63,396288,16,3,0,0.95,3,1,0,0,0.335,Medium,Low_Risk
CUST2047,34,Female,Married,Primary,Employed,116,33502,16,1,0,0.74,1,1,0,0,0.335,Low,Low_Risk
CUST2498,18,Male,Single,Primary,Employed,30,541182,18,3,0,0.71,1,0,1,0,0.335,Medium,Low_Risk
CUST1384,36,Female,Married,University,Employed,77,129000,20,1,0,0.53,0,1,0,0,0.335,Medium,Low_Risk
CUST1359,33,Female,Single,Secondary,Employed,99,233621,14,4,0,0.51,1,0,0,0,0.335,Medium,Low_Risk
CUST0949,52,Male,Married,Secondary,Self-employed,141,30730,12,4,0,0.94,0,0,0,0,0.335,Medium,Low_Risk
CUST2840,49,Male,Divorced,Secondary,Employed,79,30311,22,1,0,0.64,0,0,0,0,0.335,Medium,Low_Risk
CUST1448,28,Female,Single,Secondary,Employed,118,61012,15,4,0,0.6,1,1,1,0,0.335,Medium,Low_Risk
CUST1734,18,Female,Married,Secondary,Employed,132,51492,13,2,1,0.5,0,1,0,0,0.335,Medium,Low_Risk
CUST2422,42,Male,Married,University,Self-employed,130,22233,14,2,0,0.7,0,1,0,0,0.335,Medium,Low_Risk
CUST2573,27,Female,Divorced,University,Self-employed,136,149391,10,2,0,0.89,0,1,0,0,0.335,Low,Low_Risk
CUST2293,36,Male,Married,,Self-employed,144,8210,12,1,1,0.59,1,1,0,0,0.335,Low,Low_Risk
CUST1465,30,Female,Married,Secondary,Self-employed,53,552410,14,1,0,0.74,0,0,0,0,0.335,Low,Low_Risk
CUST2719,32,Male,Married,,Self-employed,124,18590,15,3,0,0.87,0,0,1,0,0.335,Medium,Low_Risk
CUST2037,38,Male,Married,Secondary,Employed,140,80339,11,2,0,0.94,0,1,0,0,0.335,Low,Low_Risk
CUST1787,23,Male,Married,Primary,Employed,147,32446,11,2,0,0.58,1,1,0,0,0.335,Low,Low_Risk
CUST1463,22,Female,Single,Secondary,Employed,57,270240,20,2,1,0.88,0,0,0,0,0.335,Medium,Low_Risk
CUST0599,28,Female,Married,Secondary,Employed,78,122004,20,1,0,0.52,1,1,0,0,0.334,Medium,Low_Risk
CUST2527,31,Female,Married,University,Employed,62,273334,19,1,0,0.82,1,0,0,0,0.334,Medium,Low_Risk
CUST1029,42,Female,Married,Secondary,Employed,151,42136,10,1,0,0.92,1,0,0,0,0.334,Low,Low_Risk
CUST0492,70,Female,Divorced,,Unemployed,65,166356,21,3,0,0.69,1,1,0,0,0.334,Medium,Low_Risk
CUST1070,42,Male,Single,,Employed,98,152955,16,1,0,0.83,0,1,0,0,0.334,Low,Low_Risk
CUST2063,41,Male,Single,,Employed,119,50624,15,2,0,0.84,1,0,0,0,0.334,Medium,Low_Risk
CUST1516,38,Male,Married,University,Employed,124,14378,15,3,0,0.52,2,1,0,0,0.334,Medium,Low_Risk
CUST2423,28,Male,Married,,Employed,115,78778,15,2,0,0.68,0,1,1,0,0.334,Medium,Low_Risk
CUST0938,18,Male,Divorced,Secondary,Self-employed,102,168177,15,4,1,0.92,0,1,0,0,0.334,Medium,Low_Risk
CUST2035,30,Female,Married,University,Self-employed,95,384450,11,1,0,0.64,2,1,0,0,0.334,Low,Low_Risk
CUST2741,39,Female,Married,Primary,Unemployed,78,375096,14,2,0,0.87,3,0,1,0,0.334,Medium,Low_Risk
CUST2720,34,Female,Single,,Unemployed,118,56791,15,2,1,0.7,1,0,0,0,0.334,Medium,Low_Risk
CUST0753,26,Female,Single,,Employed,123,151193,12,1,1,0.87,1,0,0,0,0.334,Low,Low_Risk
CUST1276,43,Male,Single,Secondary,Self-employed,80,362250,14,3,0,0.89,0,0,1,0,0.334,Medium,Low_Risk
CUST0719,35,Male,Single,University,Employed,65,39476,24,1,0,0.78,1,1,0,0,0.334,Medium,Low_Risk
CUST0938,26,Male,Married,Secondary,Employed,80,363079,14,2,1,0.79,0,1,1,0,0.334,Medium,Low_Risk
CUST0931,20,Female,Married,Primary,Employed,88,50059,20,2,0,0.88,3,1,1,0,0.334,Medium,Low_Risk
CUST2633,33,Male,Single,Primary,Employed,134,32343,13,1,1,0.72,3,1,0,0,0.334,Low,Medium_Risk
CUST1793,31,Female,Single,University,Employed,110,28260,17,2,0,0.8,1,1,0,0,0.334,Medium,Low_Risk
CUST1099,36,Female,Married,Primary,Employed,69,225525,19,1,0,0.59,0,0,0,0,0.334,Medium,Low_Risk
CUST2627,42,Female,Married,Primary,Employed,82,306151,15,2,0,0.84,3,1,1,0,0.334,Medium,Low_Risk
CUST2817,41,Female,Married,Primary,Employed,100,94798,17,2,0,0.66,1,1,0,0,0.334,Medium,Low_Risk
CUST1605,48,Female,Single,Secondary,Self-employed,101,47340,18,3,0,0.84,2,1,1,0,0.334,Medium,Low_Risk
CUST0719,42,Female,Single,Secondary,Employed,135,24932,13,2,0,0.73,2,1,1,0,0.334,Medium,Low_Risk
CUST1077,25,Female,Single,Primary,Self-employed,77,510687,11,4,0,0.97,0,1,0,0,0.334,Medium,Low_Risk
CUST2122,38,Male,Single,University,Employed,131,10762,14,4,0,1.0,3,0,1,0,0.334,Medium,Low_Risk
CUST1591,39,Male,Divorced,Primary,Employed,113,5679,17,2,0,0.52,1,1,1,0,0.334,Medium,Low_Risk
CUST1279,38,Female,Single,,Employed,113,177982,13,1,0,0.59,1,1,0,0,0.334,Low,Low_Risk
CUST1214,36,Female,Single,Primary,Self-employed,149,15282,11,2,0,0.76,1,1,1,0,0.334,Low,Low_Risk
CUST1139,35,Male,Married,Secondary,Self-employed,126,84312,13,4,1,0.78,1,0,0,0,0.333,Medium,Low_Risk
CUST1079,36,Female,Married,Secondary,Self-employed,129,63095,13,2,1,0.77,2,1,0,0,0.333,Medium,Low_Risk
CUST0079,46,Female,Married,University,Employed,143,92229,10,2,0,0.93,2,1,0,0,0.333,Low,Low_Risk
CUST2936,28,Female,Married,,Employed,80,145103,19,2,0,0.82,0,1,1,0,0.333,Medium,Low_Risk
CUST0981,35,Female,Divorced,Secondary,Self-employed,128,67117,13,1,0,0.61,2,1,0,0,0.333,Low,Low_Risk
CUST1406,41,Female,Single,Primary,Employed,81,11251,22,1,0,0.77,1,1,0,0,0.333,Medium,Low_Risk
CUST0601,64,Male,Single,,Self-employed,131,7653,14,3,0,0.59,1,1,0,0,0.333,Medium,Low_Risk
CUST2373,44,Female,Single,Primary,Employed,137,218344,8,1,0,0.93,1,1,0,0,0.333,Low,Low_Risk
CUST2063,31,Female,Single,Secondary,Employed,20,727478,15,2,0,0.73,2,1,1,0,0.333,Medium,Low_Risk
CUST1198,39,Female,Single,University,Employed,66,370479,16,2,0,0.98,1,0,1,0,0.333,Medium,Low_Risk
CUST2513,36,Female,Single,Secondary,Employed,135,149399,10,1,0,0.72,1,1,0,0,0.333,Low,Low_Risk
CUST0262,42,Female,Single,Primary,Self-employed,137,92926,11,4,0,0.6,0,0,1,0,0.333,Medium,Low_Risk
CUST0431,31,Male,Divorced,Secondary,Employed,128,110263,12,3,0,0.59,1,0,1,0,0.333,Medium,Low_Risk
CUST1087,26,Female,Divorced,Secondary,Unemployed,99,355869,11,1,0,0.96,0,0,0,0,0.333,Low,Low_Risk
CUST1876,36,Male,Single,Secondary,Self-employed,133,36365,13,1,0,0.89,1,0,1,0,0.333,Low,Low_Risk
CUST2962,45,Female,Single,Primary,Employed,107,212355,13,2,0,0.96,0,1,0,0,0.333,Medium,Low_Risk
CUST1036,21,Female,Married,Secondary,Employed,66,154569,21,3,0,0.92,2,1,1,0,0.333,Medium,Low_Risk
CUST1517,59,Male,Married,Primary,Employed,105,225813,13,1,0,0.94,0,1,0,0,0.333,Low,Low_Risk
CUST0688,45,Female,Divorced,,Employed,86,103703,19,2,0,0.53,2,1,1,0,0.333,Medium,Low_Risk
CUST0932,22,Male,Married,Secondary,Employed,123,17738,15,3,1,0.99,0,1,0,0,0.333,Medium,Low_Risk
CUST1313,44,Female,Single,Secondary,Employed,131,5914,14,1,0,0.98,1,0,0,0,0.333,Low,Low_Risk
CUST0582,43,Female,Married,University,Employed,149,93069,9,3,1,0.76,1,0,0,0,0.333,Medium,Low_Risk
CUST2788,35,Female,Single,Primary,Employed,105,15836,18,3,0,0.85,0,1,0,0,0.333,Medium,Low_Risk
CUST0666,30,Male,Single,Primary,Self-employed,54,237997,21,1,1,0.93,0,1,0,0,0.333,Medium,Low_Risk
CUST2244,25,Male,Single,Secondary,Employed,121,158991,12,3,0,0.52,1,0,0,0,0.333,Medium,Low_Risk
CUST2578,30,Male,Married,,Unemployed,136,98149,11,4,0,0.56,2,1,1,0,0.333,Medium,Low_Risk
CUST1846,35,Male,Married,Primary,Employed,97,23421,19,1,0,0.69,1,0,0,0,0.332,Medium,Low_Risk
CUST1436,25,Male,Married,Primary,Employed,135,57900,12,3,0,0.75,0,1,1,0,0.332,Medium,Low_Risk
CUST1928,28,Female,Single,Primary,Unemployed,94,214347,15,4,0,0.74,2,1,0,0,0.332,Medium,Low_Risk
CUST0804,26,Male,Single,Secondary,Employed,115,71568,15,1,0,0.76,3,0,0,0,0.332,Low,Low_Risk
CUST2385,18,Female,Single,University,Employed,123,226484,10,4,0,0.94,3,1,0,0,0.332,Medium,Low_Risk
CUST0341,32,Male,Married,Secondary,Employed,158,26598,9,1,0,0.9,2,1,0,0,0.332,Low,Low_Risk
CUST0194,35,Male,Married,Secondary,Self-employed,114,33874,16,4,1,0.75,2,1,0,0,0.332,Medium,Low_Risk
CUST1134,38,Female,Married,Secondary,Employed,95,80786,18,2,0,0.67,2,1,1,0,0.332,Medium,Low_Risk
CUST2108,52,Female,Married,Primary,Employed,140,69390,11,1,0,0.73,3,1,0,0,0.332,Low,Low_Risk
CUST0609,45,Female,Divorced,Primary,Employed,149,6611,11,1,0,0.8,1,1,0,0,0.332,Low,Low_Risk
CUST1289,35,Male,Single,University,Self-employed,131,2363,14,3,0,0.69,1,1,0,0,0.332,Medium,Low_Risk
CUST2050,36,Female,Married,Secondary,Employed,136,8176,13,3,0,0.92,0,1,0,0,0.332,Medium,Low_Risk
CUST2028,52,Female,Married,Secondary,Employed,146,26226,11,2,0,0.76,0,0,0,0,0.332,Low,Low_Risk
CUST0852,40,Female,Single,,Self-employed,78,154542,19,3,0,0.66,1,1,0,0,0.332,Medium,Low_Risk
CUST2593,32,Female,Single,Secondary,Self-employed,77,415938,13,3,0,0.69,1,1,1,0,0.332,Medium,Low_Risk
CUST0520,27,Male,Married,Primary,Employed,137,2329,13,1,0,0.61,0,1,1,0,0.332,Low,Low_Risk
CUST0277,18,Male,Married,Secondary,Employed,158,71795,8,1,0,0.69,0,1,0,0,0.332,Low,Low_Risk
CUST0458,22,Male,Single,Secondary,Unemployed,140,67720,11,2,1,0.8,1,0,1,0,0.332,Low,Low_Risk
CUST2923,38,Male,Married,Primary,Employed,156,1547,10,3,0,0.92,2,0,1,0,0.332,Medium,Low_Risk
CUST2670,25,Female,Single,Secondary,Employed,137,131831,10,2,1,0.58,1,1,0,0,0.332,Low,Low_Risk
CUST2750,39,Male,Married,Primary,Unemployed,97,21921,19,4,0,0.96,0,1,0,0,0.332,High,Low_Risk
CUST1696,18,Male,Single,Secondary,Employed,38,87984,27,1,0,0.83,0,1,0,0,0.332,Medium,Low_Risk
CUST1889,48,Female,Single,Primary,Employed,77,203082,18,1,0,0.52,0,0,1,0,0.332,Medium,Low_Risk
CUST0263,50,Male,Single,Secondary,Unemployed,9,415823,24,4,0,0.57,0,0,0,0,0.332,High,Low_Risk
CUST0403,34,Female,Married,Primary,Employed,139,72519,11,1,0,0.85,1,1,0,0,0.332,Low,Low_Risk
CUST0910,39,Male,Single,Secondary,Self-employed,82,128778,19,1,0,0.78,0,1,0,0,0.332,Medium,Low_Risk
CUST1340,31,Female,Married,Secondary,Self-employed,24,610847,17,2,0,0.67,1,1,0,0,0.332,Medium,Low_Risk
CUST2386,38,Male,Married,Secondary,Employed,41,580830,15,2,0,1.0,2,1,0,0,0.332,Medium,Low_Risk
CUST1420,38,Male,Married,Primary,Self-employed,116,21321,16,2,0,0.6,0,1,0,0,0.332,Medium,Low_Risk
CUST2291,42,Male,Married,Secondary,Unemployed,56,217290,21,1,0,0.5,0,1,0,0,0.331,Medium,Low_Risk
CUST0869,39,Female,Married,Secondary,Self-employed,125,293959,8,2,1,0.85,0,1,0,0,0.331,Low,Low_Risk
CUST0366,18,Male,Married,,Self-employed,97,103953,17,1,0,0.66,3,0,1,0,0.331,Low,Low_Risk
CUST0967,25,Male,Single,,Self-employed,24,393566,22,3,0,0.98,1,1,0,0,0.331,High,Low_Risk
CUST2606,40,Male,Single,Secondary,Employed,79,99478,20,3,0,0.91,0,1,1,0,0.331,Medium,Low_Risk
CUST2473,29,Male,Married,Primary,Employed,110,56666,16,2,0,0.99,2,0,0,0,0.331,Medium,Low_Risk
CUST1548,41,Female,Married,,Employed,117,9140,16,4,1,0.66,0,0,0,0,0.331,Medium,Low_Risk
CUST1133,45,Male,Married,Secondary,Unemployed,87,44828,20,3,0,0.72,1,1,0,0,0.331,Medium,Low_Risk
CUST0838,31,Male,Single,Secondary,Employed,132,34850,13,4,0,0.59,1,0,0,0,0.331,Medium,Low_Risk
CUST1199,38,Male,Single,Secondary,Employed,91,273323,14,2,0,0.98,1,1,0,0,0.331,Medium,Low_Risk
CUST2479,40,Female,Single,,Employed,101,204899,14,2,0,0.92,0,0,0,0,0.331,Medium,Low_Risk
CUST1505,39,Female,Married,Secondary,Employed,111,50367,16,1,0,0.89,0,1,0,0,0.331,Low,Low_Risk
CUST2758,20,Male,Single,Primary,Employed,110,15123,17,4,0,0.72,0,1,0,0,0.331,High,Low_Risk
CUST1754,48,Male,Married,Secondary,Employed,122,57855,14,3,0,0.79,4,0,0,0,0.331,Medium,Low_Risk
CUST2035,39,Male,Divorced,Primary,Self-employed,99,91127,17,1,0,0.71,0,1,0,0,0.331,Low,Low_Risk
CUST1506,47,Female,Single,Secondary,Self-employed,115,109963,14,1,1,0.76,0,1,0,0,0.331,Low,Low_Risk
CUST1093,42,Female,Married,,Self-employed,128,104035,12,3,0,0.81,1,1,1,0,0.331,Medium,Low_Risk
CUST1057,45,Female,Married,University,Employed,101,161587,15,1,1,0.83,2,0,0,0,0.331,Low,Low_Risk
CUST0474,40,Female,Married,Primary,Employed,145,30690,11,1,0,0.57,0,1,0,0,0.331,Low,Low_Risk
CUST1009,22,Male,Single,Secondary,Unemployed,87,215895,16,2,0,0.64,0,1,0,0,0.331,Medium,Low_Risk
CUST1635,38,Male,Single,University,Employed,107,163317,14,2,0,0.78,1,0,0,0,0.331,Medium,Low_Risk
CUST0352,33,Female,Divorced,Primary,Unemployed,108,72245,16,1,0,0.86,1,0,1,0,0.331,Low,Low_Risk
CUST0933,29,Male,Married,Secondary,Self-employed,114,31201,16,2,0,0.61,2,1,0,0,0.331,Medium,Low_Risk
CUST1047,57,Male,Single,Secondary,Self-employed,93,44810,19,4,0,0.5,0,1,1,0,0.33,High,Low_Risk
CUST0665,39,Male,Single,Primary,Self-employed,129,90421,12,2,0,0.58,1,1,0,0,0.33,Low,Low_Risk
CUST1294,34,Female,Married,Primary,Unemployed,128,13739,14,2,1,0.77,1,1,0,0,0.33,Medium,Low_Risk
CUST2507,29,Female,Single,Secondary,Unemployed,103,102750,16,2,0,0.6,2,1,1,0,0.33,Medium,Low_Risk
CUST1725,38,Male,Single,Secondary,Employed,128,15586,14,1,0,0.56,0,1,0,0,0.33,Low,Low_Risk
CUST1862,43,Female,Married,Secondary,Employed,109,19399,17,1,0,0.57,0,1,1,0,0.33,Low,Low_Risk
CUST1714,30,Male,Married,Primary,Employed,121,231850,10,2,0,0.79,0,0,0,0,0.33,Low,Low_Risk
CUST1444,35,Female,Married,University,Employed,105,171465,14,2,0,0.89,1,1,0,0,0.33,Medium,Low_Risk
CUST2722,34,Male,Single,Secondary,Self-employed,132,30757,13,3,0,0.81,0,0,0,0,0.33,Medium,Low_Risk
CUST2591,44,Male,Single,University,Employed,110,94273,15,3,0,0.89,0,1,0,0,0.33,Medium,Low_Risk
CUST2748,31,Male,Divorced,University,Self-employed,127,19923,14,1,0,0.78,0,1,1,0,0.33,Low,Low_Risk
CUST0720,42,Male,Single,University,Employed,122,139189,12,1,0,0.83,2,1,0,0,0.33,Low,Low_Risk
CUST2061,25,Female,Single,Secondary,Employed,123,47494,14,1,1,0.74,0,0,0,0,0.33,Low,Low_Risk
CUST0093,43,Male,Married,Secondary,Self-employed,102,277584,12,1,0,0.93,0,1,0,0,0.33,Low,Low_Risk
CUST0588,27,Female,Single,Primary,Employed,116,183312,12,1,0,0.84,0,1,1,0,0.33,Low,Low_Risk
CUST1516,50,Female,Married,Primary,Employed,104,9869,18,3,1,0.95,2,1,0,0,0.33,Medium,Low_Risk
CUST0444,30,Female,Married,Primary,Self-employed,104,135518,15,1,1,0.89,0,1,0,0,0.33,Low,Low_Risk
CUST0002,36,Female,Single,University,Employed,96,107334,17,3,1,0.59,0,1,0,0,0.33,Medium,Low_Risk
CUST2286,34,Male,Married,Primary,Self-employed,51,669982,11,2,0,0.93,2,1,0,0,0.329,Low,Low_Risk
CUST2422,29,Female,Married,Primary,Employed,141,50135,11,2,0,0.86,0,0,0,0,0.329,Low,Low_Risk
CUST1406,51,Male,Married,Secondary,Self-employed,51,498778,15,1,0,0.76,0,1,0,0,0.329,Low,Low_Risk
CUST0612,44,Male,Single,University,Employed,69,117225,21,1,0,0.69,1,1,0,0,0.329,Medium,Low_Risk
CUST1651,37,Male,Single,University,Self-employed,104,217051,13,2,0,0.59,0,0,1,0,0.329,Medium,Low_Risk
CUST2186,37,Female,Married,Secondary,Employed,148,41146,10,1,0,0.78,3,1,0,0,0.329,Low,Low_Risk
CUST1963,56,Male,Divorced,Secondary,Employed,45,326581,20,2,0,0.75,2,1,1,0,0.329,Medium,Low_Risk
CUST1167,31,Female,Divorced,University,Employed,98,257481,13,2,0,0.91,0,0,0,0,0.329,Medium,Low_Risk
CUST2268,29,Male,Single,Primary,Employed,122,7741,15,1,1,0.85,1,1,0,0,0.329,Low,Low_Risk
CUST0444,29,Male,Married,University,Self-employed,72,224605,18,1,0,0.58,1,1,0,0,0.329,Medium,Low_Risk
CUST2107,18,Female,Divorced,Secondary,Employed,77,233873,17,1,0,0.55,0,0,0,0,0.329,Low,Low_Risk
CUST1603,18,Female,Single,Primary,Employed,69,372428,15,3,1,0.62,2,1,0,0,0.329,Medium,Low_Risk
CUST0005,30,Female,Married,Secondary,Unemployed,128,137580,11,1,0,0.96,0,1,0,0,0.329,Low,Low_Risk
CUST2595,28,Male,Married,University,Unemployed,49,170567,23,2,0,0.69,0,0,1,0,0.329,Medium,Low_Risk
CUST2404,28,Male,Married,University,Employed,131,117791,11,4,0,0.52,0,1,1,0,0.329,Medium,Low_Risk
CUST1830,30,Female,Single,Primary,Self-employed,114,21687,16,2,0,0.9,0,1,0,0,0.329,Medium,Low_Risk
CUST0773,46,Female,Single,Primary,Employed,123,128621,12,1,1,0.87,1,1,1,0,0.329,Low,Low_Risk
CUST0773,36,Male,Single,Secondary,Employed,142,39280,11,3,1,0.91,1,1,1,0,0.329,Medium,Low_Risk
CUST2313,29,Male,Married,University,Employed,98,90398,17,2,0,0.93,4,1,0,0,0.329,Medium,Low_Risk
CUST0303,18,Male,Married,Secondary,Employed,148,38920,10,3,0,0.59,2,0,0,0,0.328,Medium,Low_Risk
CUST1471,29,Female,Married,University,Employed,112,114872,14,1,0,0.96,0,0,0,0,0.328,Low,Low_Risk
CUST0267,36,Male,Married,University,Employed,86,126205,18,2,0,0.89,0,1,0,0,0.328,Medium,Low_Risk
CUST1048,27,Male,Married,University,Unemployed,131,71682,12,2,0,0.84,0,1,0,0,0.328,Low,Low_Risk
CUST0413,28,Male,Single,,Unemployed,113,24837,16,2,1,0.71,2,1,1,0,0.328,Medium,Low_Risk
CUST1837,34,Female,Single,Secondary,Self-employed,85,5679,21,3,0,0.7,0,1,0,0,0.328,Medium,Low_Risk
CUST1249,31,Male,Single,University,Self-employed,61,424610,15,1,0,0.89,3,0,1,0,0.328,Low,Low_Risk
CUST1957,34,Male,Single,University,Employed,82,67152,20,3,0,0.74,3,1,1,0,0.328,Medium,Low_Risk
CUST2655,45,Female,Married,Primary,Employed,56,458025,15,1,0,0.86,3,0,0,0,0.328,Low,Low_Risk
CUST2254,26,Male,Single,Secondary,Employed,102,55914,17,1,1,0.51,1,1,0,0,0.328,Low,Low_Risk
CUST2934,34,Female,Single,Secondary,Employed,87,35296,20,3,0,0.58,1,1,0,0,0.328,Medium,Low_Risk
CUST2669,42,Female,Single,,Employed,106,28726,17,2,0,0.92,0,1,0,0,0.328,Medium,Low_Risk
CUST0307,37,Male,Married,,Self-employed,142,124141,9,2,0,0.57,0,1,0,0,0.328,Low,Low_Risk
CUST1227,31,Male,Married,Secondary,Employed,52,102977,24,2,0,0.84,1,1,1,0,0.328,Medium,Low_Risk
CUST2657,31,Female,Single,Primary,Employed,105,163567,14,2,0,0.9,0,1,0,0,0.328,Medium,Low_Risk
CUST1816,34,Female,Single,,Unemployed,25,674206,15,2,0,0.84,1,1,0,0,0.328,Medium,Low_Risk
CUST1195,18,Male,Married,Primary,Employed,64,274858,18,1,0,0.92,2,0,0,0,0.328,Medium,Low_Risk
CUST0576,30,Male,Divorced,Primary,Employed,114,15902,16,1,0,0.79,1,0,1,0,0.328,Low,Low_Risk
CUST1448,39,Male,Married,University,Employed,72,434271,13,3,0,0.56,3,0,0,0,0.328,Medium,Low_Risk
CUST2951,43,Male,Married,Secondary,Employed,69,582539,10,2,0,0.94,1,0,0,0,0.328,Low,Low_Risk
CUST2478,42,Female,Married,Secondary,Employed,135,127489,10,4,0,0.95,2,1,0,0,0.328,Medium,Low_Risk
CUST1500,46,Male,Married,Secondary,Employed,86,82917,19,2,1,0.6,1,0,0,0,0.328,Medium,Low_Risk
CUST0088,35,Female,Single,Secondary,Employed,110,500,17,2,0,0.78,1,1,0,0,0.328,Medium,Low_Risk
CUST1577,30,Female,Married,Secondary,Employed,114,143264,13,3,0,0.74,0,1,0,0,0.328,Medium,Low_Risk
CUST2143,21,Male,Single,Primary,Self-employed,83,147734,18,1,0,0.76,3,0,1,0,0.328,Medium,Low_Risk
CUST2492,18,Male,Single,Secondary,Employed,145,96757,9,4,0,0.78,1,1,0,0,0.327,Medium,Low_Risk
CUST0584,31,Female,Single,University,Employed,102,138984,15,3,1,0.58,1,1,0,0,0.327,Medium,Low_Risk
CUST1869,25,Female,Divorced,Secondary,Employed,121,135630,12,4,0,0.5,0,1,0,0,0.327,Medium,Low_Risk
CUST0346,33,Male,Single,Secondary,Self-employed,42,593988,14,2,0,0.74,2,1,0,0,0.327,Medium,Low_Risk
CUST0340,18,Female,Divorced,Primary,Employed,79,171118,18,1,0,0.95,1,1,0,0,0.327,Medium,Low_Risk
CUST2047,35,Female,Single,University,Employed,76,191548,18,1,0,0.56,2,1,0,0,0.327,Medium,Low_Risk
CUST2112,28,Female,Divorced,Secondary,Employed,76,233694,17,1,2,0.86,3,0,1,0,0.327,Low,Medium_Risk
CUST2232,20,Female,Married,Primary,Employed,117,120218,13,2,0,0.94,1,1,1,0,0.327,Medium,Low_Risk
CUST1545,39,Female,Single,,Unemployed,141,39633,11,1,0,0.56,1,0,0,0,0.327,Low,Low_Risk
CUST2636,34,Female,Divorced,University,Self-employed,125,23457,14,3,0,0.6,2,0,0,0,0.327,Medium,Low_Risk
CUST0405,34,Male,Single,Secondary,Employed,165,3812,8,1,0,0.53,0,1,0,0,0.327,Low,Low_Risk
CUST0803,25,Female,Married,Secondary,Self-employed,57,149870,22,4,0,0.64,1,0,0,0,0.327,High,Low_Risk
CUST2935,39,Female,Married,Secondary,Unemployed,79,500,22,1,0,0.56,0,0,0,0,0.327,Medium,Low_Risk
CUST1191,46,Male,Married,Primary,Self-employed,52,268953,20,2,0,0.53,1,1,0,0,0.327,Medium,Low_Risk
CUST2045,39,Female,Single,Secondary,Self-employed,92,290755,13,1,0,0.63,1,1,0,0,0.327,Low,Low_Risk
CUST2138,26,Female,Single,Secondary,Employed,122,123375,12,1,0,0.68,1,0,0,0,0.326,Low,Low_Risk
CUST2667,48,Male,Single,Secondary,Employed,130,25377,13,4,0,0.96,2,1,1,0,0.326,Medium,Low_Risk
CUST2647,32,Female,Single,University,Employed,137,20534,12,2,1,0.87,0,0,1,0,0.326,Low,Low_Risk
CUST1920,45,Female,Married,Primary,Employed,161,67964,7,1,0,0.6,1,0,0,0,0.326,Low,Low_Risk
CUST2387,40,Female,Single,Secondary,Self-employed,123,158068,11,2,0,0.72,0,1,0,0,0.326,Low,Low_Risk
CUST0856,21,Female,Married,Primary,Employed,85,124806,18,2,0,0.51,0,1,0,0,0.326,Medium,Low_Risk
CUST2312,25,Male,Married,,Self-employed,86,118259,18,1,0,0.84,2,0,0,0,0.326,Medium,Low_Risk
CUST0056,38,Female,Married,Secondary,Self-employed,77,136069,19,3,0,0.71,1,1,0,0,0.326,Medium,Low_Risk
CUST2081,41,Male,Married,Primary,Employed,137,105576,10,1,0,0.59,0,1,0,0,0.326,Low,Low_Risk
CUST1296,37,Male,Divorced,Secondary,Unemployed,79,209642,17,1,0,0.62,1,1,0,0,0.326,Low,Low_Risk
CUST2961,26,Female,Married,Secondary,Employed,44,151040,24,2,0,0.54,0,1,1,0,0.326,Medium,Low_Risk
CUST0117,44,Male,Divorced,Primary,Self-employed,78,342785,14,1,1,0.72,2,0,0,0,0.326,Low,Low_Risk
CUST0560,45,Male,Divorced,Secondary,Employed,111,31562,16,2,0,0.68,1,1,0,0,0.326,Medium,Low_Risk
CUST0967,34,Male,Single,Secondary,Employed,86,30760,20,3,0,0.88,0,0,0,0,0.326,Medium,Low_Risk
CUST1105,39,Male,Married,University,Employed,93,238017,14,1,0,0.72,3,0,0,0,0.326,Low,Low_Risk
CUST1466,43,Male,Married,,Employed,139,48465,11,2,1,0.87,1,1,0,0,0.326,Low,Low_Risk
CUST1993,41,Male,Single,University,Employed,126,52103,13,4,0,0.91,1,1,1,0,0.326,Medium,Low_Risk
CUST0959,50,Male,Single,Primary,Unemployed,98,75691,17,2,1,0.98,0,1,1,0,0.326,Medium,Low_Risk
CUST0021,18,Female,Single,University,Self-employed,79,248938,16,3,1,0.56,1,1,0,0,0.326,Medium,Low_Risk
CUST0721,23,Female,Single,Primary,Employed,49,200110,22,1,0,0.83,0,0,0,0,0.326,Medium,Low_Risk
CUST1029,50,Male,Married,University,Employed,160,33348,8,1,0,0.84,1,0,1,0,0.326,Low,Low_Risk
CUST2858,29,Male,Divorced,Primary,Employed,78,213590,17,4,0,0.79,0,1,0,0,0.326,High,Low_Risk
CUST1826,30,Male,Married,Primary,Self-employed,132,12498,13,1,0,0.9,1,1,1,0,0.326,Low,Low_Risk
CUST2140,25,Male,Single,Secondary,Self-employed,124,69839,13,2,0,0.66,0,1,0,0,0.326,Medium,Low_Risk
CUST0466,28,Male,Married,University,Unemployed,84,302117,14,1,1,0.84,0,1,0,0,0.326,Low,Low_Risk
CUST0075,37,Male,Single,Secondary,Self-employed,123,75050,13,2,1,0.82,1,1,0,0,0.326,Medium,Low_Risk
CUST0559,36,Male,Single,Secondary,Employed,112,191223,12,1,0,0.95,1,1,0,0,0.326,Low,Low_Risk
CUST1976,29,Female,Divorced,Primary,Employed,123,72772,13,2,0,0.71,1,1,1,0,0.326,Medium,Low_Risk
CUST0298,37,Female,Married,Secondary,Employed,118,195395,11,1,0,0.95,2,0,0,0,0.326,Low,Low_Risk
CUST0823,22,Male,Single,Secondary,Self-employed,41,86155,26,2,1,0.74,2,0,0,0,0.326,Medium,Low_Risk
CUST0437,35,Female,Married,Primary,Employed,65,387762,15,2,0,0.59,0,1,1,0,0.326,Medium,Low_Risk
CUST1742,35,Male,Divorced,Secondary,Employed,129,75042,12,2,1,0.54,1,0,0,0,0.326,Low,Low_Risk
CUST2013,54,Female,Single,University,Employed,117,25310,15,3,0,0.77,1,1,0,0,0.325,Medium,Low_Risk
CUST1908,26,Female,Married,Primary,Self-employed,150,10731,10,2,1,0.59,2,1,1,0,0.325,Low,Low_Risk
CUST0974,31,Male,Single,Primary,Employed,18,665217,16,4,0,0.72,2,1,0,0,0.325,Medium,Low_Risk
CUST2038,43,Female,Married,Secondary,Unemployed,67,31217,23,1,0,0.55,0,1,0,0,0.325,Medium,Low_Risk
CUST2295,44,Male,Divorced,Secondary,Employed,116,77982,14,3,0,0.8,1,0,1,0,0.325,Medium,Low_Risk
CUST0730,41,Female,Married,Secondary,Employed,92,112744,17,1,0,0.97,0,0,1,0,0.325,Low,Low_Risk
CUST1646,32,Female,Married,Primary,Self-employed,85,160983,17,3,0,0.66,0,1,0,0,0.325,Medium,Low_Risk
CUST2866,39,Male,Married,Secondary,Employed,85,34828,20,1,0,0.85,1,1,1,0,0.325,Medium,Low_Risk
CUST0124,47,Male,Married,Secondary,Employed,64,265915,18,3,0,0.84,0,1,1,0,0.325,Medium,Low_Risk
CUST1663,37,Female,Married,,Employed,88,226410,15,3,0,0.96,1,1,0,0,0.325,Medium,Low_Risk
CUST2078,25,Male,Single,Primary,Employed,102,3978,18,1,0,0.82,1,1,1,0,0.325,Medium,Low_Risk
CUST1694,27,Female,Single,University,Unemployed,121,919,15,1,0,1.0,1,1,0,0,0.325,Low,Low_Risk
CUST2015,37,Female,Single,,Employed,124,148805,11,2,0,0.96,1,1,0,0,0.325,Low,Low_Risk
CUST1900,40,Male,Single,University,Employed,87,104866,18,1,0,0.69,1,0,1,0,0.325,Medium,Low_Risk
CUST2136,24,Male,Married,Secondary,Unemployed,119,142000,12,2,0,0.73,0,0,0,0,0.325,Low,Low_Risk
CUST0052,31,Female,Single,University,Self-employed,152,40900,9,1,0,0.62,1,1,0,0,0.325,Low,Low_Risk
CUST2541,41,Female,Married,,Employed,133,45279,12,4,1,0.74,1,1,0,0,0.325,Medium,Low_Risk
CUST0134,33,Male,Married,Primary,Employed,39,438471,18,1,0,0.94,1,1,1,0,0.325,Medium,Low_Risk
CUST0983,31,Female,Married,Primary,Self-employed,112,232921,11,1,0,0.85,0,0,0,0,0.325,Low,Low_Risk
CUST0316,40,Male,Married,,Employed,132,88413,11,2,0,0.89,0,1,0,0,0.324,Low,Low_Risk
CUST1942,34,Female,Married,,Employed,102,83400,16,3,1,0.6,0,1,1,0,0.324,Medium,Low_Risk
CUST0835,18,Female,Married,Secondary,Employed,88,9269,20,2,0,0.81,2,1,1,0,0.324,Medium,Low_Risk
CUST1881,36,Female,Married,Primary,Employed,105,105811,15,1,0,0.84,1,1,0,0,0.324,Low,Low_Risk
CUST0674,33,Male,Divorced,University,Employed,78,205335,17,3,0,0.7,1,1,0,0,0.324,Medium,Low_Risk
CUST1290,42,Male,Divorced,University,Employed,96,125661,16,2,0,0.77,1,1,0,0,0.324,Medium,Low_Risk
CUST1752,36,Female,Married,Primary,Employed,122,31297,14,2,0,0.74,2,0,1,0,0.324,Medium,Low_Risk
CUST2979,18,Female,Married,Secondary,Unemployed,73,282310,16,1,0,0.6,1,0,1,0,0.324,Low,Low_Risk
CUST2467,38,Male,Single,University,Employed,77,298593,15,1,0,0.51,0,0,1,0,0.324,Low,Low_Risk
CUST0482,35,Male,Married,Secondary,Employed,99,148196,15,4,0,0.63,0,1,0,0,0.324,Medium,Low_Risk
CUST0224,40,Female,Married,Primary,Self-employed,112,15335,16,1,0,0.97,0,1,1,0,0.324,Low,Low_Risk
CUST2339,30,Male,Single,Primary,Unemployed,139,126990,9,2,0,0.64,1,1,0,0,0.324,Low,Low_Risk
CUST0688,35,Male,Single,Secondary,Employed,97,34757,18,3,0,0.53,2,0,1,0,0.324,Medium,Low_Risk
CUST0136,30,Male,Married,Secondary,Employed,126,88560,12,1,0,0.69,3,1,0,0,0.324,Low,Low_Risk
CUST0292,22,Male,Married,,Employed,121,80525,13,2,0,0.67,2,0,1,0,0.324,Medium,Low_Risk
CUST1083,38,Female,Married,Secondary,Unemployed,119,7337,15,1,0,0.66,2,1,1,0,0.324,Low,Low_Risk
CUST1084,28,Female,Single,Secondary,Self-employed,74,405124,13,3,0,0.53,3,1,1,0,0.324,Medium,Low_Risk
CUST0244,30,Female,Married,,Self-employed,30,368654,21,1,0,0.67,3,1,0,0,0.324,Medium,Low_Risk
CUST1686,27,Male,Single,,Employed,77,84772,20,1,0,0.54,0,0,1,0,0.324,Medium,Low_Risk
CUST1776,48,Female,Single,University,Employed,153,28565,9,2,0,0.73,2,1,0,0,0.324,Low,Low_Risk
CUST1643,38,Female,Married,Secondary,Self-employed,103,32612,17,2,0,0.73,0,1,0,0,0.324,Medium,Low_Risk
CUST1566,55,Male,Divorced,Secondary,Employed,93,145985,16,2,0,0.69,0,1,0,0,0.324,Medium,Low_Risk
CUST1114,27,Female,Divorced,,Employed,104,411872,8,2,0,0.8,2,1,0,0,0.324,Low,Low_Risk
CUST1031,35,Female,Married,University,Employed,71,128240,20,2,0,0.86,2,1,0,0,0.324,Medium,Low_Risk
CUST0474,50,Female,Married,Primary,Employed,123,66106,13,1,1,0.84,0,1,1,0,0.324,Low,Low_Risk
CUST1971,52,Female,Married,Secondary,Employed,75,481900,11,4,0,0.82,1,1,0,0,0.324,Medium,Low_Risk
CUST1201,42,Female,Single,Primary,Employed,56,144171,22,1,0,0.99,0,1,1,0,0.324,Medium,Low_Risk
CUST0944,32,Male,Married,University,Self-employed,113,178683,12,1,0,1.0,0,1,1,0,0.324,Low,Low_Risk
CUST1503,32,Female,Married,Secondary,Employed,30,620541,15,2,0,0.71,1,1,0,0,0.324,Medium,Low_Risk
CUST0553,27,Female,Married,Secondary,Employed,120,46227,14,3,0,0.82,0,0,1,0,0.324,Medium,Low_Risk
CUST1014,30,Female,Single,Primary,Self-employed,104,69310,16,1,0,0.96,0,1,0,0,0.324,Low,Low_Risk
CUST0397,41,Male,Married,Primary,Employed,121,122682,12,1,0,0.67,1,1,0,0,0.324,Low,Low_Risk
CUST2646,39,Female,Married,Secondary,Self-employed,159,68237,7,1,1,0.91,2,1,1,0,0.323,Low,Low_Risk
CUST1286,36,Female,Divorced,Secondary,Self-employed,116,237194,10,3,0,0.54,0,1,0,0,0.323,Medium,Low_Risk
CUST1327,37,Female,Single,,Employed,102,120131,15,2,0,0.6,1,1,1,0,0.323,Medium,Low_Risk
CUST2380,39,Male,Divorced,Primary,Self-employed,111,229158,11,2,0,0.56,1,1,1,0,0.323,Low,Low_Risk
CUST1629,40,Male,Single,,Employed,118,10805,15,2,0,0.73,2,0,0,0,0.323,Medium,Low_Risk
CUST1222,39,Female,Single,Primary,Unemployed,121,163157,11,1,0,0.75,3,1,0,0,0.323,Low,Low_Risk
CUST2250,34,Male,Married,,Employed,115,75229,14,1,0,0.93,1,1,1,0,0.323,Low,Low_Risk
CUST2324,52,Female,Married,Primary,Self-employed,122,153288,11,1,0,0.76,1,1,0,0,0.323,Low,Low_Risk
CUST2692,41,Male,Married,Secondary,Employed,111,17542,16,3,1,0.58,1,0,1,0,0.323,Medium,Low_Risk
CUST0305,18,Male,Married,Primary,Self-employed,87,227313,15,2,0,0.78,1,0,0,0,0.323,Medium,Low_Risk
CUST2145,46,Male,Married,Secondary,Employed,95,1683,19,3,0,0.67,1,1,0,0,0.323,Medium,Low_Risk
CUST2367,30,Female,Married,Primary,Self-employed,70,257089,17,2,1,0.94,0,1,0,0,0.323,Medium,Low_Risk
CUST1458,37,Male,Single,Primary,Self-employed,97,72724,17,2,0,0.62,0,1,0,0,0.323,Medium,Low_Risk
CUST2383,34,Male,Married,,Employed,78,200312,17,4,0,0.58,2,1,0,0,0.323,High,Low_Risk
CUST0150,28,Male,Single,University,Self-employed,111,143781,13,3,0,0.61,1,0,0,0,0.323,Medium,Low_Risk
CUST0512,25,Male,Married,Secondary,Self-employed,117,145796,12,2,0,0.86,0,0,0,0,0.323,Low,Low_Risk
CUST0894,18,Female,Single,University,Self-employed,113,87630,14,2,0,0.54,0,1,1,0,0.323,Medium,Low_Risk
CUST0578,40,Female,Single,University,Employed,150,3910,10,2,0,0.98,1,1,0,0,0.323,Low,Low_Risk
CUST0897,18,Male,Married,Secondary,Self-employed,108,125115,14,4,0,0.61,0,0,0,0,0.323,Medium,Low_Risk
CUST1359,27,Male,Married,,Self-employed,137,49267,11,1,0,0.98,2,1,0,0,0.323,Low,Low_Risk
CUST1003,46,Female,Single,Primary,Employed,141,67599,10,2,0,0.71,2,1,0,0,0.323,Low,Low_Risk
CUST0606,36,Female,Married,Secondary,Self-employed,79,190144,17,1,1,0.63,0,1,0,0,0.322,Low,Low_Risk
CUST2931,35,Male,Single,Primary,Employed,146,113546,8,2,0,0.6,0,0,0,0,0.322,Low,Low_Risk
CUST2779,63,Female,Married,,Self-employed,82,129030,18,2,1,0.59,1,1,0,0,0.322,Medium,Low_Risk
CUST1447,48,Female,Married,Secondary,Self-employed,73,233335,17,2,0,0.94,0,1,0,0,0.322,Medium,Low_Risk
CUST2670,25,Female,Single,Secondary,Unemployed,112,93489,14,2,0,0.93,0,0,0,0,0.322,Medium,Low_Risk
CUST1927,42,Female,Married,Secondary,Unemployed,86,315171,13,1,0,0.78,2,1,0,0,0.322,Low,Low_Risk
CUST0870,34,Female,Single,Primary,Self-employed,114,122148,13,1,0,0.93,3,0,0,0,0.322,Low,Low_Risk
CUST2021,39,Female,Married,University,Self-employed,94,132402,16,1,0,0.65,1,1,1,0,0.322,Low,Low_Risk
CUST2482,45,Male,Single,,Self-employed,138,80891,10,1,0,0.79,2,0,0,0,0.322,Low,Low_Risk
CUST1762,27,Female,Single,,Self-employed,106,89779,15,3,0,0.76,1,0,1,0,0.322,Medium,Low_Risk
CUST2616,60,Female,Married,Secondary,Unemployed,143,3669,11,2,0,0.63,1,1,1,0,0.322,Low,Low_Risk
CUST1523,39,Male,Divorced,Primary,Employed,137,4570,12,1,0,0.68,2,1,0,0,0.322,Low,Low_Risk
CUST0156,47,Female,Single,Primary,Employed,113,1700,16,4,0,0.94,1,1,0,0,0.322,Medium,Low_Risk
CUST0210,33,Male,Married,Primary,Self-employed,88,298697,13,1,0,0.85,0,0,0,0,0.322,Low,Low_Risk
CUST1569,52,Male,Single,Secondary,Employed,95,39699,18,2,0,0.7,0,0,0,0,0.322,Medium,Low_Risk
CUST2112,22,Male,Divorced,University,Employed,118,48637,14,4,0,0.54,2,1,1,0,0.322,Medium,Low_Risk
CUST2965,40,Male,Single,Primary,Employed,94,3277,19,2,0,0.66,5,1,1,0,0.322,Medium,Medium_Risk
CUST1478,39,Female,Married,Primary,Self-employed,147,19478,10,3,0,0.67,1,1,1,0,0.322,Medium,Low_Risk
CUST0692,43,Female,Married,University,Employed,140,155555,8,3,0,0.81,1,1,1,0,0.322,Medium,Low_Risk
CUST1736,20,Male,Married,Secondary,Employed,88,87288,18,2,0,0.58,1,1,0,0,0.322,Medium,Low_Risk
CUST2283,40,Female,Married,Primary,Employed,132,81830,11,1,1,0.58,2,1,0,0,0.322,Low,Low_Risk
CUST1526,37,Female,Single,University,Employed,129,16541,13,1,0,0.99,2,0,1,0,0.322,Low,Low_Risk
CUST1304,32,Female,Married,Primary,Employed,152,29777,9,2,0,0.67,0,1,0,0,0.322,Low,Low_Risk
CUST2003,32,Male,Single,Secondary,Employed,122,106630,12,3,0,0.68,2,1,1,0,0.322,Medium,Low_Risk
CUST0309,29,Female,Single,Primary,Employed,137,1638,12,2,0,0.68,3,1,1,0,0.321,Low,Low_Risk
CUST0117,34,Male,Married,University,Self-employed,101,161885,14,3,0,0.69,1,1,0,0,0.321,Medium,Low_Risk
CUST1290,34,Male,Married,Secondary,Employed,97,150011,15,4,0,0.86,2,0,0,0,0.321,Medium,Low_Risk
CUST2240,37,Female,Married,Primary,Employed,138,121211,9,3,0,0.58,3,0,0,0,0.321,Medium,Low_Risk
CUST1359,36,Female,Married,Secondary,Employed,97,362841,10,3,0,0.81,0,1,1,0,0.321,Medium,Low_Risk
CUST1713,58,Female,Married,University,Employed,126,75451,12,1,0,0.55,0,0,1,0,0.321,Low,Low_Risk
CUST1516,44,Female,Single,University,Employed,86,95289,18,4,0,0.62,0,0,1,0,0.321,High,Low_Risk
CUST1095,33,Male,Married,University,Employed,155,4666,9,1,0,0.81,1,1,1,0,0.321,Low,Low_Risk
CUST2143,23,Female,Married,Secondary,Self-employed,91,17601,19,1,1,0.81,0,1,0,0,0.321,Medium,Low_Risk
CUST2911,41,Female,Married,Secondary,Self-employed,127,25607,13,2,0,0.89,2,1,0,0,0.321,Medium,Low_Risk
CUST0142,37,Female,Single,Primary,Employed,114,72547,14,2,0,0.69,0,1,0,0,0.321,Medium,Low_Risk
CUST0605,42,Male,Single,Secondary,Self-employed,61,565670,11,1,0,0.86,1,1,0,0,0.321,Low,Low_Risk
CUST1590,46,Male,Single,Secondary,Self-employed,103,20337,17,4,0,0.74,0,1,0,0,0.321,High,Low_Risk
CUST2753,39,Female,Single,Secondary,Self-employed,123,138018,11,1,0,0.7,0,1,1,0,0.321,Low,Low_Risk
CUST1729,41,Male,Married,Primary,Employed,79,398994,12,3,0,0.57,1,1,0,0,0.321,Medium,Low_Risk
CUST0699,32,Female,Single,Secondary,Employed,103,22926,17,1,0,0.58,1,1,0,0,0.321,Low,Low_Risk
CUST2822,35,Female,Married,Primary,Self-employed,119,37649,14,1,0,0.58,1,1,1,0,0.321,Low,Low_Risk
CUST0716,20,Male,Married,University,Employed,128,61749,12,3,0,0.84,1,0,0,0,0.321,Medium,Low_Risk
CUST1702,24,Female,Single,Secondary,Employed,121,23523,14,2,0,0.61,1,1,1,0,0.321,Medium,Low_Risk
CUST0188,32,Female,Single,Secondary,Employed,83,115644,18,3,1,0.9,1,1,0,0,0.321,Medium,Low_Risk
CUST2717,37,Male,Single,,Self-employed,27,802251,11,1,0,0.87,3,0,1,0,0.321,Low,Low_Risk
CUST2510,41,Female,Single,Primary,Employed,107,36621,16,4,0,0.99,0,0,0,0,0.321,Medium,Low_Risk
CUST1500,52,Male,Married,Secondary,Self-employed,139,72816,10,3,0,0.54,1,1,0,0,0.321,Medium,Low_Risk
CUST1860,18,Female,Married,Secondary,Employed,113,79118,14,2,1,1.0,1,1,0,0,0.321,Medium,Low_Risk
CUST2957,23,Female,Single,Primary,Employed,62,132203,21,1,0,0.77,0,0,1,0,0.32,Medium,Low_Risk
CUST1182,40,Male,Married,Primary,Employed,117,5602,15,3,0,0.59,2,1,0,0,0.32,Medium,Low_Risk
CUST2261,18,Female,Married,Primary,Employed,98,52464,17,2,0,0.74,1,1,0,0,0.32,Medium,Low_Risk
CUST2820,24,Male,Married,University,Self-employed,99,129983,15,1,0,0.99,0,1,0,0,0.32,Low,Low_Risk
CUST0783,44,Male,Married,Secondary,Unemployed,103,103735,15,3,0,0.99,1,1,0,0,0.32,Medium,Low_Risk
CUST2105,27,Female,Single,Secondary,Self-employed,60,314245,17,1,0,0.94,2,1,1,0,0.32,Low,Low_Risk
CUST2849,57,Female,Single,Secondary,Self-employed,85,98691,18,2,0,0.72,1,0,0,0,0.32,Medium,Low_Risk
CUST0186,21,Female,Single,Secondary,Employed,155,1693,9,3,0,0.82,1,0,0,0,0.32,Medium,Low_Risk
CUST2598,30,Female,Divorced,Secondary,Employed,105,174793,13,1,0,0.64,1,1,0,0,0.32,Low,Low_Risk
CUST0229,50,Female,Married,Secondary,Employed,121,65501,13,1,0,0.73,1,1,1,0,0.32,Low,Low_Risk
CUST2899,28,Male,Single,Primary,Employed,147,98478,8,1,0,0.97,0,1,0,0,0.32,Low,Low_Risk
CUST0200,34,Male,Single,Primary,Self-employed,89,326237,12,2,0,0.65,1,1,1,0,0.32,Low,Low_Risk
CUST0920,37,Male,Married,Primary,Unemployed,130,44007,12,1,1,0.54,0,1,0,0,0.32,Low,Low_Risk
CUST1870,32,Female,Married,Secondary,Employed,118,1385,15,3,0,0.87,4,0,0,0,0.32,Medium,Low_Risk
CUST0870,42,Female,Married,,Employed,125,77677,12,4,0,0.81,3,1,0,0,0.32,Medium,Low_Risk
CUST0277,40,Female,Married,Primary,Unemployed,111,45847,15,1,0,0.87,1,1,0,0,0.32,Low,Low_Risk
CUST1300,29,Female,Married,Secondary,Employed,82,33065,20,3,0,0.6,0,1,1,0,0.32,Medium,Low_Risk
CUST2228,41,Male,Married,Primary,Employed,119,120564,12,1,1,0.85,0,1,0,0,0.32,Low,Low_Risk
CUST1635,31,Female,Single,Secondary,Employed,108,24704,16,1,0,0.96,2,1,0,0,0.32,Low,Low_Risk
CUST2827,35,Male,Single,University,Employed,108,151986,13,1,0,0.91,3,1,1,0,0.32,Low,Low_Risk
CUST1784,27,Female,Married,Secondary,Employed,106,82091,15,4,0,0.54,0,1,0,0,0.32,Medium,Low_Risk
CUST2980,36,Male,Single,Secondary,Employed,93,294265,12,2,1,0.65,1,1,0,0,0.319,Low,Low_Risk
CUST0386,39,Male,Married,Secondary,Self-employed,111,44861,15,1,0,0.89,3,1,1,0,0.319,Low,Low_Risk
CUST0577,46,Male,Married,Primary,Employed,113,198867,11,1,0,0.5,2,0,1,0,0.319,Low,Low_Risk
CUST0331,38,Female,Single,Secondary,Self-employed,70,71445,21,3,0,0.84,2,1,1,0,0.319,Medium,Low_Risk
CUST2698,28,Female,Married,Secondary,Employed,113,30161,15,2,0,0.83,0,1,1,0,0.319,Medium,Low_Risk
CUST2770,34,Male,Single,Primary,Employed,76,283800,15,3,0,0.87,0,1,0,0,0.319,Medium,Low_Risk
CUST1386,21,Male,Single,Primary,Self-employed,104,7261,17,1,1,0.66,3,1,1,0,0.319,Low,Medium_Risk
CUST0523,44,Female,Single,Secondary,Employed,2,625766,19,4,0,0.95,2,1,1,0,0.319,High,Low_Risk
CUST2012,48,Female,Divorced,Secondary,Unemployed,95,27676,18,3,0,0.57,0,0,0,0,0.319,Medium,Low_Risk
CUST2232,34,Male,Single,,Employed,104,304012,10,1,0,0.87,1,0,1,0,0.319,Low,Low_Risk
CUST2544,39,Female,Married,Primary,Self-employed,52,449379,15,2,0,0.83,0,1,0,0,0.319,Medium,Low_Risk
CUST2965,25,Female,Divorced,Secondary,Unemployed,120,67724,13,1,0,0.95,0,0,0,0,0.319,Low,Low_Risk
CUST1411,46,Female,Married,Secondary,Employed,99,83059,16,3,1,0.96,0,1,0,0,0.319,Medium,Low_Risk
CUST1403,33,Male,Married,University,Employed,15,662440,16,2,0,0.79,2,1,0,0,0.319,Medium,Low_Risk
CUST2079,42,Female,Married,Primary,Employed,124,82579,12,3,0,0.79,1,1,0,0,0.319,Medium,Low_Risk
CUST0972,37,Male,Married,Primary,Employed,72,58696,21,2,0,0.71,0,1,0,0,0.319,Medium,Low_Risk
CUST2082,21,Female,Married,University,Employed,68,85074,21,1,0,0.85,1,1,0,0,0.319,Medium,Low_Risk
CUST0933,38,Male,Married,University,Employed,89,110135,17,1,1,0.71,0,1,1,0,0.319,Low,Low_Risk
CUST0597,54,Female,Single,Secondary,Employed,67,178437,19,1,0,0.69,2,0,0,0,0.319,Medium,Low_Risk
CUST2541,43,Female,Married,Secondary,Employed,146,140761,7,4,0,0.52,0,0,0,0,0.319,Medium,Low_Risk
CUST2017,31,Male,Married,University,Employed,97,184195,14,2,0,0.91,2,1,1,0,0.319,Medium,Low_Risk
CUST1909,61,Female,Married,Primary,Employed,96,19124,18,3,0,0.76,0,1,0,0,0.319,Medium,Low_Risk
CUST0672,26,Female,Married,Secondary,Employed,97,96552,16,3,0,0.68,1,0,0,0,0.319,Medium,Low_Risk
CUST1812,48,Male,Divorced,Secondary,Self-employed,124,38508,13,1,0,0.84,2,1,0,0,0.319,Low,Low_Risk
CUST1840,20,Male,Married,Secondary,Employed,44,78718,25,1,0,0.89,1,0,1,0,0.319,Medium,Low_Risk
CUST1307,48,Female,Married,Secondary,Employed,104,175542,13,3,1,0.98,2,0,0,0,0.319,Medium,Low_Risk
CUST2894,18,Female,Single,Primary,Employed,91,177186,15,1,1,0.74,2,1,0,0,0.318,Low,Low_Risk
CUST0420,49,Male,Divorced,,Unemployed,71,103828,20,4,0,0.52,1,0,0,0,0.318,High,Low_Risk
CUST2136,28,Female,Divorced,Secondary,Employed,100,73221,16,2,0,1.0,0,1,0,0,0.318,Medium,Low_Risk
CUST2777,35,Female,Single,Secondary,Self-employed,135,131285,9,1,0,0.76,0,0,1,0,0.318,Low,Low_Risk
CUST1855,32,Female,Married,Secondary,Employed,86,339414,12,3,0,0.56,4,1,0,0,0.318,Medium,Low_Risk
CUST1629,44,Male,Married,Secondary,Employed,133,15332,12,1,0,0.57,2,0,1,0,0.318,Low,Low_Risk
CUST1857,44,Female,Single,Secondary,Self-employed,110,45769,15,4,0,0.75,1,1,1,0,0.318,Medium,Low_Risk
CUST0697,39,Male,Married,Secondary,Employed,122,50212,13,1,0,0.94,0,1,0,0,0.318,Low,Low_Risk
CUST0055,18,Female,Single,University,Self-employed,96,186989,14,3,0,0.51,0,0,0,0,0.318,Medium,Low_Risk
CUST2836,46,Female,Single,University,Employed,135,45134,11,2,0,0.85,1,1,1,0,0.318,Low,Low_Risk
CUST2601,40,Male,Married,Primary,Self-employed,160,43202,7,4,0,0.85,3,0,0,0,0.318,Medium,Low_Risk
CUST2652,35,Female,Single,Primary,Self-employed,54,175498,21,1,0,0.91,0,1,0,0,0.318,Medium,Low_Risk
CUST0088,24,Male,Single,University,Employed,114,61729,14,1,0,0.78,0,1,0,0,0.318,Low,Low_Risk
CUST1362,53,Male,Married,University,Employed,112,75578,14,3,0,0.94,2,0,0,0,0.318,Medium,Low_Risk
CUST1170,38,Male,Married,Secondary,Employed,137,72541,10,2,0,0.71,1,0,0,0,0.318,Low,Low_Risk
CUST1935,41,Male,Divorced,,Employed,121,11409,14,1,0,0.8,1,1,1,0,0.318,Low,Low_Risk
CUST0878,26,Male,Divorced,,Employed,116,3846,15,2,0,0.51,3,1,0,0,0.318,Medium,Low_Risk
CUST1257,36,Male,Married,Primary,Unemployed,86,337845,12,3,0,0.69,1,1,0,0,0.318,Medium,Low_Risk
CUST0706,34,Female,Married,Primary,Self-employed,114,14539,15,4,0,0.98,0,1,0,0,0.317,Medium,Low_Risk
CUST1706,34,Female,Married,Secondary,Self-employed,92,168054,15,3,0,0.75,0,1,0,0,0.317,Medium,Low_Risk
CUST1602,44,Female,Married,Secondary,Self-employed,87,115448,17,3,0,0.91,0,0,1,0,0.317,Medium,Low_Risk
CUST1307,56,Male,Married,Secondary,Employed,115,49799,14,1,0,0.53,1,0,0,0,0.317,Low,Low_Risk
CUST0092,42,Female,Married,,Self-employed,101,189415,13,3,0,0.81,1,1,1,0,0.317,Medium,Low_Risk
CUST1792,32,Male,Single,Primary,Self-employed,109,263451,10,1,0,0.76,2,0,0,0,0.317,Low,Low_Risk
CUST1257,45,Female,Divorced,Secondary,Employed,116,214266,10,4,0,0.82,0,1,0,0,0.317,Medium,Low_Risk
CUST2960,34,Male,Single,Secondary,Employed,85,46021,19,2,0,0.51,1,1,0,0,0.317,Medium,Low_Risk
CUST0054,52,Female,Married,Secondary,Unemployed,87,329260,12,2,0,0.68,1,0,1,0,0.317,Low,Low_Risk
CUST0819,34,Male,Divorced,Secondary,Employed,51,67244,24,3,0,0.67,2,1,0,0,0.317,High,Low_Risk
CUST0715,18,Female,Single,,Employed,95,60263,17,3,0,0.68,1,0,1,0,0.317,Medium,Low_Risk
CUST0984,37,Male,Married,Primary,Employed,120,270173,8,2,0,0.54,3,1,0,0,0.317,Low,Low_Risk
CUST2807,29,Female,Single,Secondary,Self-employed,88,153082,16,3,0,0.96,0,1,0,0,0.317,Medium,Low_Risk
CUST1432,35,Male,Married,Secondary,Employed,74,290644,15,1,0,0.91,2,1,0,0,0.317,Low,Low_Risk
CUST0594,33,Female,Divorced,Primary,Employed,68,542510,10,1,0,0.9,0,1,0,0,0.317,Low,Low_Risk
CUST1936,28,Male,Single,Primary,Employed,84,134791,17,3,1,0.95,1,1,0,0,0.317,Medium,Low_Risk
CUST2203,38,Male,Married,Secondary,Self-employed,88,320277,12,3,0,0.84,0,0,1,0,0.317,Medium,Low_Risk
CUST1639,39,Female,Single,Secondary,Employed,104,169140,13,4,0,0.56,1,1,1,0,0.317,Medium,Low_Risk
CUST2610,49,Female,Married,Primary,Employed,36,381234,19,3,0,0.65,0,1,1,0,0.317,Medium,Low_Risk
CUST1890,19,Female,Married,Secondary,Self-employed,105,162170,13,2,0,0.92,2,0,0,0,0.317,Medium,Low_Risk
CUST2888,18,Female,Single,University,Employed,132,18014,12,1,0,0.67,0,0,0,0,0.317,Low,Low_Risk
CUST2040,42,Female,Married,Primary,Employed,92,167455,15,3,0,0.53,1,1,0,0,0.317,Medium,Low_Risk
CUST1709,30,Male,Married,Secondary,Employed,119,148405,11,1,0,0.6,0,1,0,0,0.317,Low,Low_Risk
CUST0398,42,Male,Single,Primary,Unemployed,4,427399,23,2,0,0.81,0,1,0,0,0.316,Medium,Low_Risk
CUST2437,36,Male,Married,Primary,Employed,138,14347,11,1,0,0.69,2,1,0,0,0.316,Low,Low_Risk
CUST2024,33,Male,Married,University,Employed,97,211203,13,1,0,0.66,0,1,1,0,0.316,Low,Low_Risk
CUST1545,18,Female,Married,University,Self-employed,91,256045,13,1,1,0.98,0,1,0,0,0.316,Low,Low_Risk
CUST2367,37,Female,Married,Secondary,Employed,55,375517,16,2,0,0.53,2,1,0,0,0.316,Medium,Low_Risk
CUST1762,28,Female,Married,Primary,Employed,108,179341,12,2,1,0.9,1,1,0,0,0.316,Low,Low_Risk
CUST0767,46,Female,Divorced,,Employed,124,70492,12,2,0,0.94,3,1,0,0,0.316,Low,Low_Risk
CUST2241,34,Male,Single,Secondary,Unemployed,98,290469,11,3,0,0.79,1,1,0,0,0.316,Medium,Low_Risk
CUST2651,45,Female,Married,Primary,Employed,86,74868,18,3,0,0.73,0,0,0,0,0.316,Medium,Low_Risk
CUST1420,52,Male,Married,Primary,Employed,108,95271,14,1,1,0.91,1,1,0,0,0.316,Low,Low_Risk
CUST1304,29,Male,Married,Primary,Employed,114,12572,15,2,0,0.78,1,1,0,0,0.316,Medium,Low_Risk
CUST0680,53,Male,Single,Primary,Employed,130,71629,11,2,0,0.63,1,0,1,0,0.316,Low,Low_Risk
CUST2194,32,Female,Single,Secondary,Employed,131,20212,12,1,1,0.97,1,0,0,0,0.316,Low,Low_Risk
CUST2341,36,Male,Married,Primary,Employed,71,389990,13,1,0,0.86,0,1,1,0,0.316,Low,Low_Risk
CUST2607,35,Female,Married,University,Employed,111,74962,14,4,0,0.73,1,1,0,0,0.316,Medium,Low_Risk
CUST0539,44,Male,Single,Secondary,Unemployed,70,14521,22,1,0,0.65,1,0,0,0,0.316,Medium,Low_Risk
CUST2319,49,Female,Married,,Employed,131,107656,10,1,0,0.87,0,0,0,0,0.316,Low,Low_Risk
CUST2128,32,Male,Divorced,Primary,Employed,33,227515,23,1,0,0.98,0,0,0,0,0.316,Medium,Low_Risk
CUST0552,40,Male,Married,Secondary,Unemployed,80,32850,20,2,1,0.63,1,0,0,0,0.316,Medium,Low_Risk
CUST0628,46,Female,Single,Secondary,Employed,73,163050,18,3,0,0.73,0,1,0,0,0.315,Medium,Low_Risk
CUST1613,38,Male,Married,Secondary,Employed,135,32231,11,3,1,0.75,1,1,1,0,0.315,Medium,Low_Risk
CUST2798,37,Female,Married,University,Employed,102,5608,17,2,0,0.7,0,0,1,0,0.315,Medium,Low_Risk
CUST0671,30,Male,Married,Secondary,Employed,126,138363,10,1,0,0.69,1,1,0,0,0.315,Low,Low_Risk
CUST2349,43,Male,Married,Secondary,Employed,109,167655,12,2,0,0.53,0,0,0,0,0.315,Low,Low_Risk
CUST1447,26,Male,Single,Primary,Employed,104,31174,16,1,0,0.72,2,1,0,0,0.315,Low,Low_Risk
CUST1053,27,Male,Married,Secondary,Self-employed,108,130970,13,3,0,0.82,0,1,0,0,0.315,Medium,Low_Risk
CUST2703,34,Male,Divorced,Secondary,Self-employed,106,61847,15,1,0,0.66,0,1,0,0,0.315,Low,Low_Risk
CUST1320,34,Female,Divorced,University,Unemployed,90,500,19,1,1,0.65,2,1,0,0,0.315,Medium,Low_Risk
CUST0528,31,Female,Single,Secondary,Unemployed,74,239093,16,2,1,0.69,1,1,0,0,0.315,Medium,Low_Risk
CUST0028,23,Male,Married,University,Employed,77,390027,12,2,0,0.7,0,1,0,0,0.315,Low,Low_Risk
CUST2926,32,Male,Married,Secondary,Self-employed,93,151597,15,3,0,0.89,0,1,1,0,0.315,Medium,Low_Risk
CUST1561,37,Female,Married,University,Employed,107,140451,13,2,0,0.61,1,1,0,0,0.315,Medium,Low_Risk
CUST0335,31,Female,Divorced,Secondary,Self-employed,56,361737,16,2,0,0.62,0,1,0,0,0.315,Medium,Low_Risk
CUST2709,30,Male,Single,Primary,Employed,98,33383,17,3,0,0.58,0,0,1,0,0.315,Medium,Low_Risk
CUST1807,25,Male,Single,Secondary,Employed,99,63801,16,2,0,0.66,0,0,0,0,0.314,Medium,Low_Risk
CUST1673,46,Female,Married,Primary,Unemployed,118,16190,14,1,0,0.78,0,1,0,0,0.314,Low,Low_Risk
CUST1431,38,Male,Divorced,Primary,Self-employed,127,41654,12,1,1,0.92,2,1,0,0,0.314,Low,Low_Risk
CUST1154,31,Male,Single,Secondary,Employed,73,72810,20,2,0,0.94,1,1,1,0,0.314,Medium,Low_Risk
CUST2892,22,Female,Married,,Self-employed,76,304930,14,1,0,0.87,1,0,0,0,0.314,Low,Low_Risk
CUST2392,18,Female,Single,Secondary,Employed,149,185858,5,1,0,0.57,0,0,0,0,0.314,Low,Low_Risk
CUST0949,43,Male,Single,Secondary,Self-employed,99,21028,17,1,0,0.78,3,1,0,0,0.314,Low,Low_Risk
CUST0578,43,Male,Single,University,Employed,121,38996,13,1,0,0.63,0,1,0,0,0.314,Low,Low_Risk
CUST2376,44,Female,Married,University,Self-employed,72,77759,20,2,0,0.62,2,0,0,0,0.314,Medium,Low_Risk
CUST2138,44,Male,Married,Primary,Employed,110,72135,14,1,0,0.66,0,1,0,0,0.314,Low,Low_Risk
CUST1225,37,Male,Married,Primary,Employed,127,127170,10,4,0,0.73,0,0,1,0,0.314,Medium,Low_Risk
CUST1041,45,Female,Married,,Employed,145,861,10,2,0,0.63,0,1,0,0,0.314,Low,Low_Risk
CUST2041,27,Female,Single,Primary,Employed,124,62984,12,3,1,0.88,0,1,0,0,0.314,Medium,Low_Risk
CUST0191,22,Male,Married,Secondary,Employed,121,167559,10,1,1,0.77,2,0,0,0,0.314,Low,Low_Risk
CUST1120,35,Male,Single,Secondary,Employed,115,82340,13,1,1,0.7,1,1,0,0,0.314,Low,Low_Risk
CUST1227,30,Female,Single,University,Employed,95,88876,16,1,0,0.91,3,0,0,0,0.314,Low,Low_Risk
CUST1683,22,Male,Married,Primary,Employed,100,55051,16,1,0,0.81,4,1,0,0,0.314,Low,Low_Risk
CUST0906,38,Male,Married,University,Self-employed,150,7826,9,2,0,0.69,2,1,1,0,0.314,Low,Low_Risk
CUST2859,28,Female,Married,Secondary,Self-employed,71,255084,16,2,0,0.68,0,0,0,0,0.314,Medium,Low_Risk
CUST1845,28,Female,Single,Primary,Employed,87,59111,18,2,0,0.94,0,1,0,0,0.314,Medium,Low_Risk
CUST1720,21,Male,Single,,Employed,40,171112,23,4,0,0.97,2,1,0,0,0.314,High,Low_Risk
CUST1907,26,Male,Single,Secondary,Employed,82,9833,20,1,0,0.69,0,1,0,0,0.314,Medium,Low_Risk
CUST1078,38,Female,Single,Primary,Employed,73,200555,17,2,0,0.82,1,1,0,0,0.314,Medium,Low_Risk
CUST2069,50,Male,Divorced,Secondary,Employed,79,28945,20,1,0,0.75,2,1,0,0,0.314,Medium,Low_Risk
CUST1837,33,Female,Single,Primary,Employed,121,81736,12,1,0,0.65,1,1,0,0,0.314,Low,Low_Risk
CUST2739,48,Female,Married,Secondary,Self-employed,53,337408,17,1,0,0.56,2,1,1,0,0.314,Low,Low_Risk
CUST0950,31,Female,Married,Primary,Employed,108,1542,16,4,1,0.96,1,0,0,0,0.314,Medium,Low_Risk
CUST1032,35,Male,Married,Secondary,Employed,90,250702,13,1,0,0.91,1,1,1,0,0.314,Low,Low_Risk
CUST0607,45,Female,Single,University,Self-employed,105,19962,16,2,0,0.64,0,0,0,0,0.314,Medium,Low_Risk
CUST1507,42,Female,Single,Primary,Employed,82,179092,16,3,0,0.85,1,1,0,0,0.314,Medium,Low_Risk
CUST2888,26,Female,Single,Primary,Self-employed,81,358022,12,1,1,0.98,1,0,0,0,0.314,Low,Low_Risk
CUST1379,61,Female,Single,Primary,Self-employed,100,97310,15,1,1,0.55,1,1,1,0,0.314,Low,Low_Risk
CUST1311,29,Female,Single,University,Employed,93,232525,13,3,0,0.78,1,1,0,0,0.314,Medium,Low_Risk
CUST2457,57,Female,Divorced,Primary,Employed,119,139427,11,1,0,0.51,2,1,0,0,0.314,Low,Low_Risk
CUST2503,34,Female,Single,Primary,Employed,79,283663,14,2,0,0.69,1,1,1,0,0.313,Medium,Low_Risk
CUST2028,47,Female,Single,Primary,Self-employed,87,58388,18,3,0,0.59,0,0,1,0,0.313,Medium,Low_Risk
CUST2528,38,Male,Single,Secondary,Unemployed,77,82763,19,1,0,0.87,0,0,0,0,0.313,Medium,Low_Risk
CUST2945,39,Female,Single,Primary,Employed,87,228007,14,2,0,0.52,1,1,0,0,0.313,Medium,Low_Risk
CUST0252,47,Female,Married,Primary,Self-employed,80,358283,12,1,0,0.91,1,0,1,0,0.313,Low,Low_Risk
CUST2887,28,Female,Single,University,Unemployed,74,357385,13,1,0,0.84,3,1,0,0,0.313,Low,Low_Risk
CUST0786,34,Male,Married,,Unemployed,141,193489,6,1,0,0.7,1,0,1,0,0.313,Low,Low_Risk
CUST2185,28,Male,Married,Secondary,Employed,97,116256,15,1,0,0.58,0,1,1,0,0.313,Low,Low_Risk
CUST2120,40,Male,Married,University,Unemployed,107,46516,15,2,1,0.68,2,1,0,0,0.313,Medium,Low_Risk
CUST0462,40,Male,Married,Secondary,Employed,155,99979,6,1,0,0.7,1,1,0,0,0.313,Low,Low_Risk
CUST1080,49,Male,Married,Primary,Unemployed,119,135655,11,4,0,0.95,3,1,1,0,0.313,Medium,Low_Risk
CUST2678,48,Male,Single,Primary,Self-employed,29,496902,17,2,0,0.57,1,0,0,0,0.313,Medium,Low_Risk
CUST0525,50,Female,Single,Primary,Employed,99,102977,15,1,0,0.64,1,1,1,0,0.313,Low,Low_Risk
CUST1056,40,Female,Married,Secondary,Unemployed,55,235209,19,1,0,0.63,1,0,0,0,0.313,Medium,Low_Risk
CUST1063,18,Male,Married,Secondary,Employed,73,27042,21,4,0,0.67,1,1,1,0,0.313,High,Low_Risk
CUST0403,31,Male,Married,Primary,Unemployed,154,20069,8,1,0,0.98,2,0,0,0,0.313,Low,Low_Risk
CUST2581,19,Male,Single,Primary,Self-employed,87,225230,14,4,0,0.87,1,0,0,0,0.313,Medium,Low_Risk
CUST0376,43,Male,Married,Secondary,Employed,54,243184,19,1,0,0.89,1,1,0,0,0.313,Medium,Low_Risk
CUST1612,40,Female,Divorced,Primary,Employed,101,41603,16,4,1,0.6,1,0,0,0,0.312,Medium,Low_Risk
CUST1603,36,Male,Divorced,Primary,Employed,112,133829,12,1,1,1.0,1,0,0,0,0.312,Low,Low_Risk
CUST1412,26,Female,Single,Primary,Employed,90,73319,17,1,0,0.94,1,0,0,0,0.312,Low,Low_Risk
CUST1824,51,Female,Divorced,Primary,Employed,114,77259,13,2,0,0.53,1,0,0,0,0.312,Medium,Low_Risk
CUST1679,47,Female,Single,Secondary,Unemployed,75,219548,16,1,0,0.98,0,1,1,0,0.312,Low,Low_Risk
CUST1992,18,Female,Divorced,Primary,Self-employed,93,266711,12,4,0,0.61,2,1,1,0,0.312,Medium,Low_Risk
CUST2433,39,Male,Married,Primary,Employed,64,297368,16,2,0,0.52,0,0,0,0,0.312,Medium,Low_Risk
CUST1436,30,Female,Married,University,Employed,96,77724,16,1,0,0.66,0,1,0,0,0.312,Low,Low_Risk
CUST2267,49,Male,Single,Secondary,Employed,82,215544,15,3,1,0.95,2,0,1,0,0.312,Medium,Low_Risk
CUST2037,43,Female,Single,Secondary,Employed,80,17767,20,2,0,0.65,0,1,0,0,0.312,Medium,Low_Risk
CUST2194,41,Male,Single,,Employed,79,105881,18,3,0,0.74,0,1,1,0,0.312,Medium,Low_Risk
CUST2847,27,Male,Single,Secondary,Employed,81,9379,20,3,1,0.92,2,1,1,0,0.312,Medium,Low_Risk
CUST2435,45,Female,Single,Primary,Employed,33,43594,27,3,0,0.6,0,1,0,0,0.312,High,Low_Risk
CUST0324,34,Male,Single,Primary,Employed,80,59761,19,3,0,0.71,2,0,1,0,0.312,Medium,Low_Risk
CUST2659,54,Female,Single,Secondary,Self-employed,129,20286,12,2,1,0.59,1,1,0,0,0.312,Low,Low_Risk
CUST2681,51,Female,Married,University,Employed,118,178006,10,1,0,0.65,0,1,0,0,0.312,Low,Low_Risk
CUST0264,33,Male,Divorced,University,Employed,84,116449,17,1,0,0.82,1,1,0,0,0.312,Low,Low_Risk
CUST2508,25,Male,Married,Secondary,Self-employed,74,16451,21,3,0,0.98,3,0,0,0,0.312,Medium,Low_Risk
CUST2740,39,Female,Single,,Employed,30,106059,26,1,0,0.85,3,1,1,0,0.312,Medium,Low_Risk
CUST0341,36,Male,Married,Secondary,Self-employed,59,73985,22,3,0,0.6,3,1,0,0,0.312,High,Low_Risk
CUST1975,24,Female,Divorced,Primary,Employed,120,36748,13,1,0,0.8,1,1,0,0,0.312,Low,Low_Risk
CUST0722,35,Male,Divorced,Secondary,Unemployed,127,111817,10,1,0,0.64,0,0,0,0,0.311,Low,Low_Risk
CUST0665,18,Female,Single,Primary,Self-employed,74,350304,13,2,0,0.79,0,0,0,0,0.311,Medium,Low_Risk
CUST0901,24,Female,Married,Primary,Employed,87,50133,18,3,0,0.6,3,0,0,0,0.311,Medium,Low_Risk
CUST1006,19,Female,Single,Secondary,Unemployed,58,334725,16,3,0,0.58,1,1,0,0,0.311,Medium,Low_Risk
CUST2522,34,Female,Single,Primary,Employed,81,345543,12,1,0,0.63,2,1,0,0,0.311,Low,Low_Risk
CUST0850,21,Male,Single,Secondary,Self-employed,68,11341,22,1,2,0.79,2,1,1,0,0.311,Medium,Medium_Risk
CUST1980,42,Female,Married,Secondary,Self-employed,57,299336,17,2,0,0.75,1,1,0,0,0.311,Medium,Low_Risk
CUST0526,26,Female,Married,Primary,Self-employed,70,166150,18,1,0,0.53,0,1,0,0,0.311,Medium,Low_Risk
CUST1309,22,Female,Married,Primary,Unemployed,32,553391,15,3,0,0.95,1,1,0,0,0.311,Medium,Low_Risk
CUST0796,39,Female,Married,University,Self-employed,112,2436,15,1,0,0.83,2,0,1,0,0.311,Low,Low_Risk
CUST1228,34,Male,Single,Secondary,Unemployed,30,697710,12,1,1,0.71,1,1,0,0,0.311,Low,Low_Risk
CUST0343,18,Female,Married,Secondary,Self-employed,55,13272,24,1,0,0.65,0,0,0,0,0.311,Medium,Low_Risk
CUST2269,33,Female,Married,Primary,Employed,86,96083,17,1,0,0.89,1,1,0,0,0.311,Low,Low_Risk
CUST0823,31,Male,Married,Primary,Unemployed,108,75945,14,3,0,0.84,0,1,0,0,0.311,Medium,Low_Risk
CUST0541,21,Female,Single,Primary,Employed,64,79809,21,1,0,0.89,1,1,0,0,0.311,Medium,Low_Risk
CUST2261,33,Male,Single,University,Employed,92,141423,15,2,0,0.8,0,0,1,0,0.311,Medium,Low_Risk
CUST2431,38,Male,Married,Secondary,Self-employed,103,64795,15,2,0,0.91,1,0,1,0,0.311,Medium,Low_Risk
CUST2304,37,Male,Married,Secondary,Employed,70,38846,21,4,1,0.81,1,1,0,0,0.311,High,Low_Risk
CUST2231,18,Female,Divorced,University,Self-employed,74,181426,17,1,0,0.6,1,0,0,0,0.311,Low,Low_Risk
CUST1077,37,Male,Divorced,Secondary,Employed,115,25557,14,3,0,0.97,2,1,0,0,0.311,Medium,Low_Risk
CUST2074,28,Male,Single,Primary,Self-employed,128,18623,12,2,0,0.9,2,1,0,0,0.31,Low,Low_Risk
CUST0480,37,Male,Single,Primary,Employed,136,5031,11,1,0,0.62,1,1,0,0,0.31,Low,Low_Risk
CUST2719,34,Female,Married,Primary,Employed,105,3994,16,3,0,0.61,0,1,1,0,0.31,Medium,Low_Risk
CUST0095,36,Male,Married,,Employed,81,86940,18,1,0,0.62,1,1,0,0,0.31,Medium,Low_Risk
CUST1435,36,Male,Married,,Self-employed,69,85087,20,3,0,0.74,0,0,0,0,0.31,Medium,Low_Risk
CUST1946,57,Female,Married,Secondary,Unemployed,102,67734,15,3,0,0.96,1,1,0,0,0.31,Medium,Low_Risk
CUST2172,24,Female,Single,University,Employed,149,42607,8,1,0,0.79,0,0,0,0,0.31,Low,Low_Risk
CUST1424,33,Female,Married,Secondary,Employed,35,485927,16,1,0,0.65,5,1,0,0,0.31,Low,Medium_Risk
CUST0899,49,Male,Single,University,Employed,92,178311,14,1,0,0.65,0,1,0,0,0.31,Low,Low_Risk
CUST1037,34,Male,Single,Primary,Unemployed,105,7077,16,3,0,0.5,2,1,0,0,0.31,Medium,Low_Risk
CUST2535,34,Male,Single,Secondary,Employed,57,463266,13,1,0,0.57,1,1,1,0,0.31,Low,Low_Risk
CUST2603,48,Male,Single,Secondary,Employed,118,42436,13,1,0,0.7,2,1,0,0,0.31,Low,Low_Risk
CUST1982,39,Male,Divorced,Secondary,Employed,77,72715,19,1,1,0.62,0,1,0,0,0.31,Medium,Low_Risk
CUST2645,23,Female,Single,Secondary,Unemployed,67,12752,22,1,0,0.83,4,0,0,0,0.31,Medium,Low_Risk
CUST2615,31,Male,Married,University,Employed,85,268743,13,3,0,0.56,0,1,1,0,0.31,Medium,Low_Risk
CUST1284,25,Male,Divorced,Primary,Employed,30,351201,20,2,0,0.61,0,1,0,0,0.31,Medium,Low_Risk
CUST2638,36,Male,Married,Primary,Unemployed,110,56996,14,3,0,0.7,1,1,0,0,0.31,Medium,Low_Risk
CUST0562,21,Male,Married,Primary,Self-employed,87,500,19,1,0,0.5,1,1,0,0,0.31,Medium,Low_Risk
CUST2838,35,Female,Divorced,University,Self-employed,86,177135,15,1,0,0.66,2,1,0,0,0.31,Low,Low_Risk
CUST1711,41,Female,Married,Secondary,Employed,61,11274,23,4,0,0.71,1,0,0,0,0.31,High,Low_Risk
CUST2177,34,Female,Single,Secondary,Unemployed,23,401536,20,2,0,0.52,0,1,0,0,0.31,Medium,Low_Risk
CUST0638,33,Male,Divorced,,Employed,88,167024,15,4,0,0.51,1,1,0,0,0.31,Medium,Low_Risk
CUST2037,39,Male,Married,University,Self-employed,113,36495,14,2,0,0.76,1,1,1,0,0.31,Medium,Low_Risk
CUST0211,36,Female,Married,Secondary,Unemployed,17,606711,16,1,1,0.5,2,0,1,0,0.309,Low,Low_Risk
CUST1386,44,Female,Single,Primary,Unemployed,77,362864,12,2,1,0.94,1,1,0,0,0.309,Low,Low_Risk
CUST2446,30,Female,Single,University,Self-employed,101,71041,15,3,0,0.91,1,1,0,0,0.309,Medium,Low_Risk
CUST2413,44,Female,Married,Secondary,Employed,102,62726,15,1,0,0.61,1,1,0,0,0.309,Low,Low_Risk
CUST1327,33,Male,Single,,Employed,59,359470,15,3,0,0.71,1,0,0,0,0.309,Medium,Low_Risk
CUST0153,51,Male,Married,Secondary,Employed,65,108328,20,1,0,0.72,1,1,0,0,0.309,Medium,Low_Risk
CUST1001,18,Female,Single,Secondary,Self-employed,76,203053,16,3,0,0.68,0,0,0,0,0.309,Medium,Low_Risk
CUST0215,30,Female,Divorced,,Employed,47,486558,14,3,1,0.92,0,0,0,0,0.309,Medium,Low_Risk
CUST0472,42,Female,Married,Primary,Employed,100,76755,15,2,0,0.71,1,1,1,0,0.309,Medium,Low_Risk
CUST1066,18,Male,Single,Secondary,Self-employed,129,6574,12,2,0,0.54,1,0,1,0,0.309,Low,Low_Risk
CUST1966,34,Female,Married,Primary,Employed,127,20679,12,1,0,0.69,0,1,0,0,0.309,Low,Low_Risk
CUST0800,24,Male,Single,,Employed,25,252875,23,3,0,0.55,1,1,0,0,0.309,High,Low_Risk
CUST2399,43,Male,Single,Secondary,Self-employed,84,59463,18,1,0,0.92,0,1,0,0,0.309,Medium,Low_Risk
CUST0785,45,Male,Married,Secondary,Self-employed,123,48200,12,3,0,0.85,1,0,1,0,0.309,Medium,Low_Risk
CUST2925,37,Female,Married,Secondary,Employed,44,590015,12,3,1,0.52,2,0,0,0,0.309,Medium,Low_Risk
CUST0218,38,Female,Single,Primary,Self-employed,96,192531,13,2,1,0.77,1,1,0,0,0.309,Medium,Low_Risk
CUST0521,40,Female,Married,,Employed,86,132189,16,1,0,0.99,0,1,1,0,0.309,Low,Low_Risk
CUST0858,66,Male,Married,Secondary,Unemployed,101,71135,15,4,0,0.77,2,1,1,0,0.309,Medium,Low_Risk
CUST1278,42,Male,Single,University,Employed,66,227579,17,2,0,0.73,1,1,0,0,0.309,Medium,Low_Risk
CUST2244,34,Female,Single,,Employed,95,156399,14,2,0,0.96,0,1,0,0,0.309,Medium,Low_Risk
CUST2645,63,Male,Single,University,Employed,98,341073,9,1,0,0.93,0,1,0,0,0.308,Low,Low_Risk
CUST2995,40,Male,Married,Secondary,Employed,127,15005,12,2,0,0.55,1,1,0,0,0.308,Low,Low_Risk
CUST0503,42,Female,Single,Secondary,Employed,92,172108,14,4,0,0.66,0,0,0,0,0.308,Medium,Low_Risk
CUST2150,25,Male,Single,Primary,Self-employed,69,119118,19,1,0,0.58,2,1,1,0,0.308,Medium,Low_Risk
CUST0855,29,Female,Married,,Employed,123,43667,12,3,0,0.58,1,1,0,0,0.308,Medium,Low_Risk
CUST1399,29,Male,Single,University,Self-employed,154,42497,7,3,1,0.85,1,1,0,0,0.308,Low,Low_Risk
CUST2376,40,Male,Single,University,Unemployed,24,641230,14,3,0,0.93,0,1,1,0,0.308,Medium,Low_Risk
CUST0745,31,Female,Married,University,Self-employed,88,198894,14,3,1,0.68,0,1,0,0,0.308,Medium,Low_Risk
CUST1909,32,Female,Single,Secondary,Unemployed,88,71788,17,2,0,0.68,0,1,0,0,0.308,Medium,Low_Risk
CUST0609,18,Male,Married,Secondary,Employed,78,13108,20,1,0,0.73,1,0,0,0,0.308,Medium,Low_Risk
CUST2559,21,Female,Single,,Self-employed,62,252576,17,2,1,0.59,4,0,1,0,0.308,Medium,Medium_Risk
CUST0077,25,Male,Married,Secondary,Employed,57,241140,18,4,0,0.68,3,1,0,0,0.308,High,Low_Risk
CUST0660,19,Male,Married,Primary,Self-employed,145,60692,8,4,0,0.84,3,1,1,0,0.308,Medium,Low_Risk
CUST0165,36,Female,Divorced,University,Employed,108,104267,13,3,0,0.82,0,0,0,0,0.308,Medium,Low_Risk
CUST1241,26,Male,Married,Secondary,Employed,104,90432,14,1,0,0.96,0,1,0,0,0.308,Low,Low_Risk
CUST1232,45,Female,Married,University,Unemployed,134,8065,11,2,0,0.66,1,0,1,0,0.308,Low,Low_Risk
CUST0604,27,Female,Single,Primary,Unemployed,71,528835,9,1,1,0.58,0,1,1,0,0.308,Low,Low_Risk
CUST0805,42,Female,Married,Primary,Self-employed,56,207268,19,1,0,0.7,1,1,1,0,0.308,Medium,Low_Risk
CUST2853,30,Male,Single,Secondary,Self-employed,66,52142,21,4,0,0.59,1,1,1,0,0.308,High,Low_Risk
CUST2681,35,Male,Single,Secondary,Employed,92,43607,17,2,0,0.66,0,1,1,0,0.308,Medium,Low_Risk
CUST1767,24,Male,Married,Secondary,Self-employed,90,265901,12,3,0,0.65,2,1,0,0,0.307,Medium,Low_Risk
CUST1403,31,Male,Married,University,Employed,137,111393,8,3,0,0.93,1,1,1,0,0.307,Medium,Low_Risk
CUST1696,40,Male,Married,Primary,Employed,108,57524,14,1,0,0.66,2,1,0,0,0.307,Low,Low_Risk
CUST1025,18,Male,Married,University,Self-employed,73,296693,14,2,0,0.61,0,1,0,0,0.307,Medium,Low_Risk
CUST2028,20,Female,Divorced,Secondary,Self-employed,77,15174,20,1,0,0.74,2,0,0,0,0.307,Medium,Low_Risk
CUST0507,34,Female,Married,,Employed,66,7963,22,4,0,0.75,0,1,0,0,0.307,High,Low_Risk
CUST0284,34,Female,Divorced,Secondary,Employed,85,2400,19,4,0,0.53,2,0,1,0,0.307,High,Low_Risk
CUST2804,30,Female,Married,Secondary,Unemployed,82,25581,19,1,0,0.85,1,1,0,0,0.307,Medium,Low_Risk
CUST2644,18,Male,Married,University,Employed,97,48023,16,4,0,0.59,2,0,1,0,0.307,Medium,Low_Risk
CUST2592,42,Female,Married,Secondary,Unemployed,121,10433,13,3,0,0.91,2,0,0,0,0.307,Medium,Low_Risk
CUST0164,52,Female,Single,University,Employed,94,323087,10,4,0,0.51,2,1,0,0,0.307,Medium,Low_Risk
CUST2866,42,Male,Married,Primary,Employed,125,109451,10,3,1,0.67,2,1,1,0,0.307,Medium,Low_Risk
CUST0624,27,Male,Single,Primary,Employed,112,30446,14,3,0,0.67,2,0,0,0,0.307,Medium,Low_Risk
CUST0595,57,Female,Married,,Employed,88,24743,18,1,0,0.63,2,0,1,0,0.307,Medium,Low_Risk
CUST0852,29,Male,Married,Primary,Employed,116,2231,14,1,1,0.91,1,1,0,0,0.307,Low,Low_Risk
CUST2927,34,Male,Married,University,Employed,127,11341,12,1,0,0.85,0,1,0,0,0.307,Low,Low_Risk
CUST2361,36,Male,Married,Secondary,Employed,97,5141,17,2,0,0.88,0,1,1,0,0.307,Medium,Low_Risk
CUST0883,22,Male,Married,University,Employed,147,1609,9,4,0,0.55,0,0,0,0,0.307,Medium,Low_Risk
CUST2666,22,Male,Married,Secondary,Employed,103,92063,14,1,2,0.63,1,0,0,0,0.307,Low,Medium_Risk
CUST1962,43,Male,Single,Secondary,Self-employed,70,276834,15,3,0,0.51,0,1,1,0,0.307,Medium,Low_Risk
CUST1094,32,Male,Married,Primary,Employed,145,15916,9,1,0,0.93,2,1,0,0,0.307,Low,Low_Risk
CUST0284,23,Female,Married,Secondary,Self-employed,21,997056,6,2,1,0.54,0,1,0,0,0.307,Low,Low_Risk
CUST1859,40,Male,Single,University,Employed,42,126328,23,1,0,0.96,1,0,0,0,0.306,Medium,Low_Risk
CUST0137,32,Female,Single,University,Self-employed,76,232108,15,4,0,0.59,0,1,1,0,0.306,Medium,Low_Risk
CUST1079,54,Male,Single,Secondary,Unemployed,104,166930,12,1,0,0.75,0,1,0,0,0.306,Low,Low_Risk
CUST0361,41,Female,Married,Secondary,Employed,107,19743,15,1,0,0.88,0,0,0,0,0.306,Low,Low_Risk
CUST1949,37,Female,Single,Primary,Unemployed,15,522783,18,3,0,0.61,0,1,0,0,0.306,Medium,Low_Risk
CUST0907,41,Female,Single,University,Employed,85,252544,13,3,0,0.93,1,1,0,0,0.306,Medium,Low_Risk
CUST1812,31,Female,Married,Primary,Employed,139,139352,7,1,0,0.97,0,0,0,0,0.306,Low,Low_Risk
CUST2241,34,Female,Married,Primary,Employed,74,158882,17,2,0,0.96,0,1,0,0,0.306,Medium,Low_Risk
CUST1677,50,Female,Single,University,Employed,152,3657,8,1,0,0.61,0,1,0,0,0.306,Low,Low_Risk
CUST1534,18,Male,Married,Primary,Self-employed,50,369678,16,3,0,0.72,1,1,1,0,0.306,Medium,Low_Risk
CUST1877,47,Male,Divorced,Secondary,Unemployed,52,55427,23,2,0,0.57,2,1,0,0,0.306,Medium,Low_Risk
CUST0458,43,Female,Married,Primary,Self-employed,105,242313,10,3,0,0.68,2,1,0,0,0.306,Medium,Low_Risk
CUST1630,21,Female,Single,Secondary,Employed,100,67471,15,3,1,0.59,1,0,0,0,0.306,Medium,Low_Risk
CUST0723,50,Male,Divorced,Primary,Unemployed,107,147190,12,2,0,0.53,2,0,0,0,0.306,Low,Low_Risk
CUST1005,41,Male,Married,Secondary,Self-employed,86,78597,17,1,0,0.91,0,1,0,0,0.306,Low,Low_Risk
CUST0531,29,Female,Married,Secondary,Self-employed,34,519411,15,4,1,0.93,2,1,0,0,0.306,Medium,Low_Risk
CUST2208,18,Male,Single,Primary,Self-employed,43,155271,22,3,0,0.58,1,1,0,0,0.305,High,Low_Risk
CUST2087,31,Male,Single,University,Employed,96,4788,17,1,0,0.95,1,1,0,0,0.305,Low,Low_Risk
CUST0904,52,Male,Single,Secondary,Employed,89,181802,14,3,0,0.74,2,0,1,0,0.305,Medium,Low_Risk
CUST1272,22,Female,Married,Primary,Self-employed,123,115495,10,1,0,0.91,0,0,0,0,0.305,Low,Low_Risk
CUST1006,31,Female,Married,University,Employed,91,123298,15,4,0,0.65,1,1,0,0,0.305,Medium,Low_Risk
CUST1984,40,Female,Single,Primary,Employed,168,19533,5,3,1,0.84,1,1,1,0,0.305,Low,Low_Risk
CUST2242,28,Male,Married,University,Employed,119,17085,13,1,0,0.86,0,0,1,0,0.305,Low,Low_Risk
CUST1748,51,Female,Married,Secondary,Employed,130,68088,10,3,0,0.58,0,1,0,0,0.305,Medium,Low_Risk
CUST1748,31,Male,Married,Primary,Employed,56,364783,15,1,0,0.56,2,1,0,0,0.305,Low,Low_Risk
CUST0484,32,Male,Single,,Unemployed,85,36749,18,1,1,0.55,0,1,0,0,0.305,Medium,Low_Risk
CUST1015,39,Male,Single,Secondary,Employed,101,55065,15,1,0,0.52,0,1,1,0,0.305,Low,Low_Risk
CUST1309,45,Male,Divorced,University,Employed,130,23631,11,1,0,0.61,1,1,0,0,0.305,Low,Low_Risk
CUST1948,37,Female,Single,Primary,Employed,102,47826,15,2,0,0.54,1,1,0,0,0.305,Medium,Low_Risk
CUST0147,26,Male,Married,,Self-employed,63,60124,21,3,0,0.77,0,0,0,0,0.305,Medium,Low_Risk
CUST1314,38,Female,Married,Primary,Employed,109,83902,13,1,0,0.69,1,1,0,0,0.305,Low,Low_Risk
CUST2713,38,Female,Married,University,Employed,56,194843,19,1,0,0.66,0,0,0,0,0.305,Medium,Low_Risk
CUST1979,35,Female,Single,Primary,Employed,110,36253,14,3,0,0.62,2,1,0,0,0.305,Medium,Low_Risk
CUST1147,36,Female,Married,Secondary,Unemployed,98,117413,14,3,0,0.82,2,1,0,0,0.305,Medium,Low_Risk
CUST0882,38,Male,Divorced,,Employed,75,275649,14,1,0,0.98,3,1,1,0,0.305,Low,Low_Risk
CUST1909,24,Female,Single,Secondary,Employed,77,48320,19,2,0,0.75,1,1,1,0,0.305,Medium,Low_Risk
CUST2498,51,Female,Single,Secondary,Employed,140,42555,9,1,0,0.57,1,1,0,0,0.305,Low,Low_Risk
CUST1108,36,Female,Married,Primary,Self-employed,73,247408,15,2,0,0.6,1,1,0,0,0.305,Medium,Low_Risk
CUST2216,35,Male,Married,University,Unemployed,106,99891,13,1,0,0.72,1,0,0,0,0.304,Low,Low_Risk
CUST2946,28,Female,Divorced,University,Employed,174,17240,4,2,0,0.65,0,1,1,0,0.304,Low,Low_Risk
CUST1448,34,Female,Single,Secondary,Self-employed,114,87389,12,1,1,0.78,1,1,0,0,0.304,Low,Low_Risk
CUST0082,24,Female,Married,Primary,Unemployed,114,5309,14,1,0,0.57,0,0,0,0,0.304,Low,Low_Risk
CUST2401,30,Female,Single,Primary,Unemployed,49,70335,23,2,1,0.6,0,1,0,0,0.304,Medium,Low_Risk
CUST2071,40,Female,Single,University,Employed,51,13858,24,1,0,0.67,2,1,1,0,0.304,Medium,Low_Risk
CUST1007,40,Female,Single,Primary,Employed,109,39339,14,2,0,0.65,0,0,1,0,0.304,Medium,Low_Risk
CUST0042,21,Male,Married,Secondary,Employed,120,4425,13,2,0,0.97,0,1,0,0,0.304,Medium,Low_Risk
CUST2963,22,Female,Married,Primary,Employed,48,74364,23,4,0,0.52,1,1,1,0,0.304,High,Low_Risk
CUST0967,20,Male,Married,Secondary,Employed,103,37612,15,4,0,0.96,1,1,0,0,0.304,Medium,Low_Risk
CUST0112,41,Female,Married,Secondary,Self-employed,97,36353,16,1,1,0.89,0,1,0,0,0.304,Low,Low_Risk
CUST0181,36,Male,Married,Primary,Employed,65,173080,18,1,0,0.74,1,1,0,0,0.304,Medium,Low_Risk
CUST0804,51,Female,Married,Secondary,Employed,82,311046,12,3,0,0.71,1,1,0,0,0.304,Medium,Low_Risk
CUST0293,26,Female,Married,University,Employed,115,40874,13,2,0,0.59,2,1,0,0,0.304,Medium,Low_Risk
CUST1316,30,Male,Single,Secondary,Unemployed,54,34621,23,1,0,0.73,1,1,1,0,0.304,Medium,Low_Risk
CUST2255,27,Male,Divorced,University,Employed,84,123410,16,1,0,0.55,0,1,0,0,0.304,Low,Low_Risk
CUST2444,22,Female,Married,Secondary,Employed,95,7064,17,2,0,0.67,1,1,0,0,0.304,Medium,Low_Risk
CUST1640,35,Female,Single,,Unemployed,102,45245,15,3,1,0.76,1,1,0,0,0.304,Medium,Low_Risk
CUST0886,23,Female,Married,University,Self-employed,84,124927,16,1,1,0.51,0,1,0,0,0.304,Low,Low_Risk
CUST0937,46,Male,Married,Primary,Employed,101,178397,12,3,0,0.56,3,1,0,0,0.304,Medium,Low_Risk
CUST1577,58,Male,Married,Secondary,Self-employed,95,47991,16,3,0,0.77,0,1,0,0,0.304,Medium,Low_Risk
CUST0629,31,Male,Married,Secondary,Self-employed,105,109597,13,1,1,0.54,1,0,0,0,0.304,Low,Low_Risk
CUST2838,26,Female,Single,Secondary,Self-employed,87,61881,17,1,0,0.75,2,1,0,0,0.304,Low,Low_Risk
CUST1235,42,Female,Single,Secondary,Self-employed,55,410911,14,2,0,0.59,2,0,0,0,0.304,Medium,Low_Risk
CUST1628,35,Female,Single,University,Self-employed,96,85031,15,3,0,0.7,1,1,0,0,0.304,Medium,Low_Risk
CUST0055,23,Female,Single,Primary,Employed,88,96671,16,1,0,1.0,2,0,1,0,0.304,Low,Low_Risk
CUST2091,19,Male,Single,Secondary,Employed,72,335458,13,1,0,0.77,2,0,0,0,0.304,Low,Low_Risk
CUST2040,23,Female,Divorced,,Self-employed,99,59326,15,1,0,0.57,3,0,1,0,0.303,Low,Low_Risk
CUST1886,46,Female,Single,University,Self-employed,55,235705,18,1,1,0.86,1,1,1,0,0.303,Medium,Low_Risk
CUST0192,27,Male,Single,University,Employed,37,275590,20,1,0,0.75,0,0,0,0,0.303,Medium,Low_Risk
CUST1448,33,Male,Single,Primary,Unemployed,137,54226,9,2,0,0.85,1,0,1,0,0.303,Low,Low_Risk
CUST2999,48,Female,Married,Primary,Self-employed,105,105766,13,3,0,0.91,1,0,0,0,0.303,Medium,Low_Risk
CUST0552,40,Male,Married,Secondary,Self-employed,87,312082,11,1,0,0.93,1,0,0,0,0.303,Low,Low_Risk
CUST1598,30,Male,Married,Secondary,Employed,67,111280,19,4,0,0.83,0,1,0,0,0.303,High,Low_Risk
CUST1209,22,Male,Single,Secondary,Self-employed,67,322180,14,3,0,0.8,1,1,1,0,0.303,Medium,Low_Risk
CUST1969,24,Male,Single,Secondary,Employed,36,408973,17,2,1,0.95,2,0,0,0,0.303,Medium,Low_Risk
CUST0503,28,Female,Married,Secondary,Employed,51,307475,17,2,0,0.63,0,1,1,0,0.303,Medium,Low_Risk
CUST2377,33,Male,Single,Secondary,Employed,101,2427,16,3,1,0.54,2,1,1,0,0.303,Medium,Low_Risk
CUST0527,28,Female,Married,University,Employed,106,182479,11,1,0,0.86,2,0,0,0,0.303,Low,Low_Risk
CUST0004,27,Male,Single,University,Employed,37,318806,19,3,0,0.77,1,1,1,0,0.303,Medium,Low_Risk
CUST2844,36,Female,Single,Primary,Employed,79,240983,14,1,0,0.89,1,1,0,0,0.303,Low,Low_Risk
CUST2230,18,Male,Single,Secondary,Employed,58,213861,18,1,0,0.68,1,0,0,0,0.303,Medium,Low_Risk
CUST0113,30,Male,Single,Secondary,Employed,95,45272,16,2,0,0.91,1,1,0,0,0.303,Medium,Low_Risk
CUST1927,52,Male,Single,Secondary,Employed,79,69895,18,4,0,0.82,2,1,0,0,0.303,High,Low_Risk
CUST0276,31,Female,Married,Secondary,Self-employed,140,32577,9,4,1,0.9,1,1,0,0,0.303,Medium,Low_Risk
CUST2793,45,Female,Married,Primary,Employed,89,42727,17,3,0,0.89,1,1,0,0,0.303,Medium,Low_Risk
CUST1973,39,Male,Married,University,Employed,66,34273,21,1,0,0.7,0,1,1,0,0.303,Medium,Low_Risk
CUST0870,40,Male,Divorced,Secondary,Self-employed,92,151160,14,1,1,0.67,0,1,0,0,0.303,Low,Low_Risk
CUST0341,18,Female,Married,Secondary,Employed,106,183927,11,4,0,0.79,2,1,0,0,0.303,Medium,Low_Risk
CUST0823,42,Male,Divorced,Secondary,Self-employed,54,584286,10,3,0,0.54,2,0,0,0,0.303,Medium,Low_Risk
CUST2795,35,Female,Married,University,Self-employed,51,216990,19,4,0,0.99,3,0,1,0,0.302,High,Low_Risk
CUST2530,42,Male,Single,Secondary,Employed,125,5884,12,1,0,0.97,2,1,1,0,0.302,Low,Low_Risk
CUST0851,38,Female,Married,Secondary,Self-employed,128,112369,9,1,0,0.65,1,1,0,0,0.302,Low,Low_Risk
CUST0672,36,Female,Married,University,Employed,75,137992,17,2,0,0.51,0,1,0,0,0.302,Medium,Low_Risk
CUST1114,33,Female,Single,Primary,Unemployed,97,68439,15,4,0,0.66,0,1,0,0,0.302,Medium,Low_Risk
CUST0161,43,Male,Single,Secondary,Employed,131,48135,10,1,0,0.83,1,1,0,0,0.302,Low,Low_Risk
CUST1229,46,Female,Married,Primary,Employed,57,134520,20,1,0,0.63,1,0,1,0,0.302,Medium,Low_Risk
CUST1103,48,Female,Married,Secondary,Self-employed,95,84186,15,1,0,0.91,1,1,0,0,0.302,Low,Low_Risk
CUST2742,34,Male,Divorced,Primary,Employed,124,96417,10,2,0,0.71,0,0,0,0,0.302,Low,Low_Risk
CUST1966,41,Female,Single,,Self-employed,56,95768,21,2,0,0.96,0,1,0,0,0.302,Medium,Low_Risk
CUST1651,31,Male,Married,,Employed,64,168064,18,1,1,0.79,1,1,1,0,0.302,Medium,Low_Risk
CUST1995,31,Female,Single,University,Employed,121,32777,12,1,0,0.92,1,1,1,0,0.302,Low,Low_Risk
CUST1088,27,Male,Single,University,Employed,111,60248,13,2,1,0.7,1,1,1,0,0.302,Medium,Low_Risk
CUST2782,34,Female,Married,Secondary,Employed,78,31858,19,1,0,0.6,0,0,0,0,0.302,Medium,Low_Risk
CUST1819,22,Male,Single,Primary,Employed,15,210285,25,1,0,0.61,1,1,0,0,0.302,Medium,Low_Risk
CUST1184,18,Female,Single,Primary,Self-employed,44,391723,16,1,0,0.87,0,1,0,0,0.302,Low,Low_Risk
CUST2373,41,Female,Married,Primary,Self-employed,34,35507,26,1,0,0.58,2,1,0,0,0.302,Medium,Low_Risk
CUST2283,36,Female,Married,Secondary,Employed,117,181923,9,3,2,0.76,4,1,0,0,0.301,Medium,Medium_Risk
CUST0646,25,Female,Married,Secondary,Employed,137,46344,9,2,0,0.85,0,1,0,0,0.301,Low,Low_Risk
CUST1213,38,Male,Married,Secondary,Employed,70,421173,11,1,1,0.52,0,1,0,0,0.301,Low,Low_Risk
CUST2117,43,Male,Single,University,Employed,65,31583,21,1,0,0.78,1,1,0,0,0.301,Medium,Low_Risk
CUST2208,30,Male,Single,Primary,Unemployed,123,56235,11,1,0,0.83,1,0,0,0,0.301,Low,Low_Risk
CUST0269,53,Female,Married,Primary,Self-employed,114,78585,12,1,0,0.94,0,1,0,0,0.301,Low,Low_Risk
CUST0303,43,Female,Single,Secondary,Employed,146,27562,8,1,1,0.57,2,1,1,0,0.301,Low,Low_Risk
CUST0512,35,Female,Single,Secondary,Employed,86,16281,18,1,0,0.85,0,0,0,0,0.301,Medium,Low_Risk
CUST1037,34,Female,Single,Secondary,Self-employed,88,43493,17,2,0,0.89,2,1,0,0,0.301,Medium,Low_Risk
CUST2850,20,Male,Divorced,Secondary,Employed,115,70829,12,4,1,0.95,0,1,0,0,0.301,Medium,Low_Risk
CUST1345,29,Female,Married,Primary,Self-employed,92,226045,12,2,0,0.99,0,1,0,0,0.301,Low,Low_Risk
CUST2531,30,Male,Married,University,Self-employed,77,120275,17,3,0,0.57,1,1,1,0,0.301,Medium,Low_Risk
CUST0288,35,Female,Married,Secondary,Self-employed,103,23354,15,1,0,0.61,1,1,1,0,0.301,Low,Low_Risk
CUST0038,19,Female,Married,Secondary,Employed,117,54131,12,2,0,0.55,1,1,1,0,0.301,Low,Low_Risk
CUST0939,18,Male,Married,Primary,Employed,23,364252,20,3,0,0.93,1,1,1,0,0.301,Medium,Low_Risk
CUST2787,26,Female,Married,Secondary,Employed,64,336252,14,2,0,0.6,0,1,1,0,0.301,Medium,Low_Risk
CUST1095,38,Male,Single,Primary,Employed,58,164696,19,1,0,0.67,1,1,1,0,0.301,Medium,Low_Risk
CUST0826,53,Male,Married,Secondary,Employed,80,142666,16,2,0,0.74,1,1,0,0,0.301,Medium,Low_Risk
CUST1963,27,Male,Married,Primary,Employed,74,56091,19,1,0,0.55,0,1,0,0,0.301,Medium,Low_Risk
CUST1158,29,Male,Single,Secondary,Employed,95,162867,13,2,0,0.64,1,0,0,0,0.301,Medium,Low_Risk
CUST1513,45,Female,Single,Secondary,Self-employed,54,233307,18,1,0,0.85,1,1,0,0,0.301,Medium,Low_Risk
CUST2368,44,Male,Divorced,Secondary,Employed,87,91235,16,3,1,0.71,2,1,1,0,0.301,Medium,Low_Risk
CUST0743,46,Female,Divorced,Secondary,Employed,142,10931,9,4,0,0.9,1,1,0,0,0.301,Medium,Low_Risk
CUST2738,29,Male,Married,Secondary,Self-employed,83,120150,16,1,0,0.9,2,1,0,0,0.301,Low,Low_Risk
CUST2148,35,Male,Married,Primary,Unemployed,113,81743,12,2,0,0.82,0,1,0,0,0.301,Low,Low_Risk
CUST0896,31,Male,Single,Secondary,Employed,74,261206,14,1,0,0.83,0,0,0,0,0.3,Low,Low_Risk
CUST0643,31,Female,Married,Primary,Employed,133,70175,9,2,0,0.8,1,1,0,0,0.3,Low,Low_Risk
CUST2406,38,Male,Married,Secondary,Employed,74,221500,15,1,0,0.9,0,0,0,0,0.3,Low,Low_Risk
CUST0284,43,Female,Married,University,Employed,83,73975,17,1,0,0.82,0,1,0,0,0.3,Low,Low_Risk
CUST1157,48,Male,Single,University,Self-employed,106,85842,13,3,0,0.77,3,1,0,0,0.3,Medium,Low_Risk
CUST0649,29,Female,Single,Secondary,Employed,98,141269,13,2,0,0.84,3,0,0,0,0.3,Medium,Low_Risk
CUST0291,32,Male,Single,Primary,Employed,110,142781,11,1,0,0.96,1,0,0,0,0.3,Low,Low_Risk
CUST2449,35,Male,Married,University,Self-employed,134,20199,10,1,0,0.6,1,1,1,0,0.3,Low,Low_Risk
CUST0578,38,Male,Single,Secondary,Employed,52,32853,23,4,0,0.84,1,1,0,0,0.3,High,Low_Risk
CUST1883,28,Male,Married,Primary,Employed,110,57221,13,1,0,0.69,3,0,1,0,0.3,Low,Low_Risk
CUST0030,44,Female,Married,Secondary,Employed,70,122079,18,1,1,0.85,0,1,1,0,0.3,Medium,Low_Risk
CUST1697,38,Female,Divorced,Secondary,Employed,141,57369,8,3,0,0.52,0,1,0,0,0.3,Medium,Low_Risk
CUST0580,23,Male,Married,University,Employed,88,210780,13,3,1,0.83,0,0,0,0,0.3,Medium,Low_Risk
CUST1409,26,Female,Single,University,Self-employed,80,93286,17,1,0,0.78,2,0,1,0,0.3,Low,Low_Risk
CUST2174,35,Female,Married,University,Employed,58,160681,19,1,0,0.97,1,0,1,0,0.3,Medium,Low_Risk
CUST1537,36,Female,Divorced,Secondary,Employed,70,332327,13,2,0,0.95,2,1,0,0,0.3,Medium,Low_Risk
CUST0752,45,Male,Married,Primary,Self-employed,95,113228,14,2,0,0.54,0,1,1,0,0.299,Medium,Low_Risk
CUST0755,55,Female,Divorced,Primary,Employed,62,255962,16,1,0,0.88,1,1,0,0,0.299,Low,Low_Risk
CUST0031,44,Female,Married,Secondary,Employed,99,88006,14,2,0,0.98,1,1,1,0,0.299,Medium,Low_Risk
CUST2804,25,Male,Single,,Employed,89,29370,17,2,1,0.99,1,1,0,0,0.299,Medium,Low_Risk
CUST0249,38,Male,Single,Secondary,Self-employed,97,141422,13,4,1,0.97,1,0,0,0,0.299,Medium,Low_Risk
CUST1094,41,Male,Married,,Self-employed,8,583780,17,3,0,0.79,0,1,0,0,0.299,Medium,Low_Risk
CUST2864,43,Male,Married,University,Self-employed,115,62481,12,2,0,0.68,0,1,0,0,0.299,Low,Low_Risk
CUST2890,43,Male,Married,Secondary,Employed,40,151375,22,1,0,0.95,1,1,0,0,0.299,Medium,Low_Risk
CUST1869,49,Female,Single,University,Self-employed,76,243083,14,2,0,0.71,5,1,1,0,0.299,Medium,Medium_Risk
CUST1999,34,Male,Married,,Employed,120,71178,11,3,1,0.79,0,1,1,0,0.299,Medium,Low_Risk
CUST1696,38,Male,Married,,Employed,92,49299,16,2,0,0.6,0,0,0,0,0.299,Medium,Low_Risk
CUST0608,63,Male,Married,,Self-employed,70,285196,14,4,0,0.86,1,0,0,0,0.299,Medium,Low_Risk
CUST0651,43,Male,Single,University,Employed,43,260429,19,2,2,0.82,1,1,1,0,0.299,Medium,Medium_Risk
CUST2073,19,Female,Single,Primary,Employed,131,37003,10,2,0,0.93,0,1,0,0,0.299,Low,Low_Risk
CUST0897,42,Female,Married,Primary,Unemployed,78,187594,15,3,0,0.54,2,1,1,0,0.299,Medium,Low_Risk
CUST1399,42,Male,Married,Secondary,Employed,111,46622,13,3,0,0.99,4,1,1,0,0.299,Medium,Low_Risk
CUST0795,35,Male,Single,Primary,Self-employed,127,20440,11,2,0,0.63,1,0,1,0,0.299,Low,Low_Risk
CUST1325,22,Female,Single,,Self-employed,88,121093,15,1,0,0.7,1,1,0,0,0.299,Low,Low_Risk
CUST1025,44,Female,Married,University,Self-employed,57,120367,20,2,0,0.69,1,0,0,0,0.299,Medium,Low_Risk
CUST0830,38,Female,Married,Secondary,Employed,101,31590,15,1,0,0.9,1,1,0,0,0.299,Low,Low_Risk
CUST2573,29,Female,Single,Secondary,Self-employed,95,157929,13,3,0,0.68,2,1,1,0,0.299,Medium,Low_Risk
CUST1764,18,Male,Married,Secondary,Employed,7,505810,19,2,0,0.51,1,0,1,0,0.299,Medium,Low_Risk
CUST0064,42,Male,Married,University,Employed,108,23304,14,3,0,0.93,0,1,0,0,0.299,Medium,Low_Risk
CUST2426,46,Male,Married,Primary,Employed,65,320378,14,2,1,0.75,1,1,1,0,0.299,Medium,Low_Risk
CUST1672,42,Male,Married,Primary,Employed,107,29738,14,2,1,0.75,2,0,0,0,0.299,Medium,Low_Risk
CUST1434,33,Female,Married,Primary,Self-employed,81,81526,17,4,0,0.85,1,1,0,0,0.299,High,Low_Risk
CUST1075,26,Female,Married,University,Employed,42,96786,23,4,0,0.68,0,1,0,0,0.299,High,Low_Risk
CUST1365,45,Female,Married,Primary,Self-employed,62,129359,19,2,0,0.63,0,1,0,0,0.299,Medium,Low_Risk
CUST1539,35,Female,Single,Secondary,Employed,77,237858,14,2,0,0.86,0,1,0,0,0.299,Medium,Low_Risk
CUST1745,34,Male,Married,Primary,Employed,140,103685,7,1,0,0.54,2,0,0,0,0.299,Low,Low_Risk
CUST1789,66,Female,Single,Primary,Self-employed,98,6855,16,3,0,0.9,4,0,0,0,0.299,Medium,Low_Risk
CUST1774,31,Female,Married,Primary,Unemployed,97,58936,15,2,0,0.57,0,0,0,0,0.299,Medium,Low_Risk
CUST2889,22,Male,Married,Secondary,Employed,63,377259,13,2,1,0.96,3,1,0,0,0.299,Medium,Medium_Risk
CUST1639,49,Male,Single,University,Employed,84,57746,17,3,0,0.62,1,1,0,0,0.298,Medium,Low_Risk
CUST0605,46,Male,Married,Primary,Employed,137,75005,8,1,0,0.98,1,0,0,0,0.298,Low,Low_Risk
CUST1483,30,Female,Married,Primary,Unemployed,97,97816,14,1,0,0.85,1,1,0,0,0.298,Low,Low_Risk
CUST1202,38,Male,Single,Secondary,Self-employed,134,12411,10,1,0,0.76,1,1,0,0,0.298,Low,Low_Risk
CUST0059,41,Female,Married,Secondary,Employed,133,103602,8,4,0,0.78,0,0,0,0,0.298,Medium,Low_Risk
CUST1963,42,Female,Single,Primary,Employed,78,58462,18,1,1,0.69,4,1,0,0,0.298,Medium,Medium_Risk
CUST1770,40,Female,Divorced,Secondary,Employed,60,267934,16,3,0,0.98,1,1,0,0,0.298,Medium,Low_Risk
CUST0543,35,Male,Married,University,Self-employed,99,80713,14,4,0,0.65,0,0,0,0,0.298,Medium,Low_Risk
CUST0241,35,Male,Divorced,Primary,Employed,32,287619,20,4,0,0.99,0,1,1,0,0.298,High,Low_Risk
CUST2130,19,Female,Single,Secondary,Employed,88,31588,17,1,0,0.68,1,1,0,0,0.298,Low,Low_Risk
CUST1166,21,Female,Single,Primary,Unemployed,92,173417,13,1,0,0.97,0,1,0,0,0.298,Low,Low_Risk
CUST2759,56,Female,Married,Secondary,Employed,65,360550,13,1,0,0.98,1,1,0,0,0.298,Low,Low_Risk
CUST1879,52,Male,Married,Secondary,Employed,76,200444,15,1,0,0.62,0,0,0,0,0.298,Low,Low_Risk
CUST1799,31,Male,Single,,Self-employed,98,47593,15,1,0,0.66,1,1,0,0,0.298,Low,Low_Risk
CUST2833,41,Female,Divorced,University,Self-employed,116,92212,11,2,1,0.63,0,0,0,0,0.298,Low,Low_Risk
CUST1338,29,Male,Single,Secondary,Employed,40,360809,17,1,0,0.81,1,1,0,0,0.298,Low,Low_Risk
CUST2650,39,Male,Single,Primary,Self-employed,47,313475,17,2,0,0.54,1,0,1,0,0.298,Medium,Low_Risk
CUST2082,28,Female,Single,Secondary,Employed,89,237995,12,1,0,0.85,0,1,1,0,0.298,Low,Low_Risk
CUST2271,19,Female,Married,University,Employed,90,15441,17,2,0,0.57,1,1,0,0,0.298,Medium,Low_Risk
CUST2473,46,Male,Married,Secondary,Employed,110,50054,13,4,0,0.54,0,1,0,0,0.298,Medium,Low_Risk
CUST1603,31,Female,Single,Primary,Self-employed,85,50504,17,2,0,0.63,0,0,0,0,0.298,Medium,Low_Risk
CUST1970,32,Female,Married,Secondary,Employed,57,29690,22,1,1,0.68,1,1,0,0,0.298,Medium,Low_Risk
CUST0328,44,Male,Married,Secondary,Employed,54,138631,20,1,1,0.6,2,0,0,0,0.298,Medium,Low_Risk
CUST1239,39,Male,Single,Secondary,Unemployed,24,514089,16,1,0,0.84,2,0,0,0,0.298,Low,Low_Risk
CUST0354,24,Male,Married,Primary,Employed,117,2778,13,2,0,0.59,1,1,0,0,0.298,Medium,Low_Risk
CUST0188,29,Male,Married,Primary,Employed,85,7319,18,3,1,0.98,2,1,1,0,0.298,Medium,Low_Risk
CUST2169,29,Male,Married,Secondary,Employed,97,135113,13,1,0,0.55,1,1,0,0,0.297,Low,Low_Risk
CUST0564,22,Male,Single,Secondary,Unemployed,58,63854,21,2,0,0.71,1,1,0,0,0.297,Medium,Low_Risk
CUST1797,24,Female,Married,Primary,Unemployed,128,48496,10,1,0,0.77,2,0,1,0,0.297,Low,Low_Risk
CUST1641,40,Female,Divorced,University,Employed,52,273967,17,4,0,0.62,1,0,0,0,0.297,High,Low_Risk
CUST1982,38,Male,Single,Secondary,Employed,68,418775,11,1,0,0.5,0,0,0,0,0.297,Low,Low_Risk
CUST0299,31,Female,Single,Secondary,Employed,104,173433,11,3,0,0.55,3,1,1,0,0.297,Medium,Low_Risk
CUST0928,39,Female,Single,University,Self-employed,70,24746,20,1,0,0.92,2,1,1,0,0.297,Medium,Low_Risk
CUST1970,28,Male,Single,Secondary,Employed,95,63860,15,1,0,0.71,0,1,0,0,0.297,Low,Low_Risk
CUST0689,22,Female,Divorced,,Employed,115,224885,8,1,0,0.9,0,1,1,0,0.297,Low,Low_Risk
CUST1412,44,Female,Single,Primary,Employed,99,162973,12,2,0,0.78,1,0,0,0,0.297,Low,Low_Risk
CUST0508,29,Female,Single,University,Employed,129,42890,10,2,0,0.69,0,1,0,0,0.297,Low,Low_Risk
CUST0947,30,Female,Married,,Employed,78,52204,18,2,1,0.86,1,1,0,0,0.297,Medium,Low_Risk
CUST1087,25,Male,Single,Primary,Employed,74,81271,18,3,1,0.71,0,1,1,0,0.297,Medium,Low_Risk
CUST2517,22,Male,Married,Primary,Employed,105,35459,14,3,1,0.54,1,0,0,0,0.297,Medium,Low_Risk
CUST2949,31,Female,Married,Primary,Employed,124,32935,11,2,1,0.65,2,1,0,0,0.297,Low,Low_Risk
CUST1693,32,Male,Single,Secondary,Employed,101,22894,15,1,0,0.59,1,1,0,0,0.297,Low,Low_Risk
CUST2231,47,Female,Single,Secondary,Employed,112,73326,12,2,2,0.71,0,1,0,0,0.297,Low,Low_Risk
CUST1039,45,Female,Married,Secondary,Employed,72,135055,17,3,2,0.81,1,1,0,0,0.297,Medium,Medium_Risk
CUST0533,46,Male,Single,Secondary,Self-employed,103,179397,11,1,0,0.96,1,0,0,0,0.297,Low,Low_Risk
CUST2074,25,Male,Married,Secondary,Employed,11,211218,25,2,0,0.82,4,0,0,0,0.296,Medium,Low_Risk
CUST1522,34,Female,Single,,Self-employed,134,87813,8,2,0,0.6,1,1,0,0,0.296,Low,Low_Risk
CUST0648,28,Female,Single,Secondary,Employed,70,190362,16,1,0,0.82,0,1,0,0,0.296,Low,Low_Risk
CUST2035,54,Female,Single,Primary,Unemployed,108,13817,14,1,0,0.75,1,1,1,0,0.296,Low,Low_Risk
CUST0585,21,Female,Single,Secondary,Employed,69,237656,15,2,0,0.94,1,0,0,0,0.296,Medium,Low_Risk
CUST0072,26,Female,Single,Primary,Employed,95,100335,14,1,0,0.83,1,1,0,0,0.296,Low,Low_Risk
CUST2290,29,Female,Married,Secondary,Employed,72,89038,18,2,0,0.6,2,0,0,0,0.296,Medium,Low_Risk
CUST0798,18,Female,Single,Secondary,Employed,91,85404,15,2,0,0.74,0,0,0,0,0.296,Medium,Low_Risk
CUST0573,28,Male,Married,Secondary,Employed,51,63549,22,1,0,0.55,1,1,0,0,0.296,Medium,Low_Risk
CUST0972,44,Male,Married,Secondary,Employed,83,58678,17,1,1,0.81,3,1,0,0,0.296,Low,Medium_Risk
CUST0717,36,Female,Single,Primary,Employed,69,26748,20,3,0,0.79,4,1,0,0,0.296,Medium,Low_Risk
CUST2151,58,Male,Married,University,Employed,79,169223,15,3,1,0.57,0,1,1,0,0.296,Medium,Low_Risk
CUST0902,41,Female,Married,,Employed,55,163959,19,1,0,0.7,0,0,1,0,0.296,Medium,Low_Risk
CUST2824,33,Female,Single,Secondary,Self-employed,81,157674,15,2,0,0.76,2,1,0,0,0.296,Medium,Low_Risk
CUST0370,33,Male,Single,University,Employed,92,38008,16,3,0,0.7,1,1,0,0,0.296,Medium,Low_Risk
CUST0808,33,Male,Single,Primary,Employed,40,55565,24,3,0,0.93,1,1,0,0,0.296,High,Low_Risk
CUST2633,31,Female,Single,Primary,Employed,68,246363,15,1,0,0.72,0,1,1,0,0.296,Low,Low_Risk
CUST1673,36,Female,Married,University,Self-employed,110,41479,13,4,0,0.72,1,1,0,0,0.296,Medium,Low_Risk
CUST2473,32,Male,Married,Primary,Employed,64,16879,21,2,0,0.71,2,0,0,0,0.296,Medium,Low_Risk
CUST2919,53,Male,Single,Secondary,Employed,128,44309,10,4,0,0.62,1,0,1,0,0.296,Medium,Low_Risk
CUST2918,42,Female,Single,Primary,Employed,133,138240,7,3,0,0.64,3,1,0,0,0.296,Low,Low_Risk
CUST1814,52,Female,Married,Primary,Employed,34,475748,15,1,0,0.51,1,1,0,0,0.295,Low,Low_Risk
CUST2237,54,Male,Single,Secondary,Employed,101,57580,14,2,0,0.79,0,1,0,0,0.295,Medium,Low_Risk
CUST0698,22,Male,Single,Primary,Employed,64,439281,11,2,1,0.95,2,1,0,0,0.295,Low,Low_Risk
CUST2291,34,Female,Divorced,University,Employed,121,3826,12,3,0,0.6,3,1,0,0,0.295,Medium,Low_Risk
CUST2180,46,Male,Married,Secondary,Self-employed,87,110032,15,1,1,0.86,0,1,1,0,0.295,Low,Low_Risk
CUST1621,33,Male,Married,Secondary,Employed,68,114155,18,1,0,0.77,3,1,0,0,0.295,Medium,Low_Risk
CUST1308,18,Male,Divorced,Primary,Employed,103,40633,14,3,0,0.53,1,1,0,0,0.295,Medium,Low_Risk
CUST0167,26,Female,Married,Primary,Employed,61,78674,20,3,0,0.93,3,1,0,0,0.295,Medium,Low_Risk
CUST1400,18,Male,Single,,Employed,97,253221,10,3,0,0.51,1,1,1,0,0.295,Medium,Low_Risk
CUST1964,33,Female,Single,University,Employed,65,92233,19,1,0,0.76,1,1,1,0,0.295,Medium,Low_Risk
CUST2466,19,Male,Married,Secondary,Self-employed,93,109940,14,3,0,0.91,2,1,1,0,0.295,Medium,Low_Risk
CUST1494,27,Female,Married,University,Unemployed,126,53638,10,2,0,0.54,1,0,0,0,0.295,Low,Low_Risk
CUST1358,26,Male,Married,Primary,Unemployed,57,104277,20,4,0,0.63,3,1,1,0,0.295,High,Low_Risk
CUST0132,29,Female,Married,University,Employed,84,89354,16,2,0,0.83,2,1,0,0,0.295,Medium,Low_Risk
CUST2438,37,Male,Single,Primary,Employed,62,410995,12,1,0,0.56,3,1,0,0,0.295,Low,Low_Risk
CUST0789,27,Female,Married,,Self-employed,38,491433,14,2,1,1.0,0,1,1,0,0.295,Medium,Low_Risk
CUST0624,27,Male,Divorced,Primary,Unemployed,30,203634,22,4,0,0.58,1,1,0,0,0.295,High,Low_Risk
CUST0539,29,Male,Single,Secondary,Employed,114,10649,13,1,1,0.98,6,1,0,0,0.295,Low,Medium_Risk
CUST0900,30,Female,Married,,Employed,36,77369,24,1,0,0.66,1,1,1,0,0.295,Medium,Low_Risk
CUST2474,24,Male,Single,Secondary,Employed,84,172955,14,3,0,0.97,0,1,0,0,0.295,Medium,Low_Risk
CUST0993,40,Male,Single,,Self-employed,97,85600,14,2,0,0.52,1,1,0,0,0.295,Medium,Low_Risk
CUST2925,49,Female,Married,,Employed,48,249920,18,1,0,0.95,2,1,1,0,0.295,Medium,Low_Risk
CUST0860,39,Female,Divorced,Secondary,Self-employed,116,294104,6,2,0,0.68,0,1,0,0,0.295,Low,Low_Risk
CUST2383,26,Female,Married,University,Self-employed,71,136541,17,2,0,0.56,2,1,0,0,0.295,Medium,Low_Risk
CUST1112,42,Male,Married,,Employed,75,107968,17,3,0,0.7,2,0,1,0,0.295,Medium,Low_Risk
CUST0435,38,Male,Married,University,Self-employed,97,39803,15,1,0,0.6,1,1,0,0,0.295,Low,Low_Risk
CUST2512,29,Male,Married,University,Employed,95,96143,14,1,1,0.76,1,0,0,0,0.295,Low,Low_Risk
CUST0608,44,Male,Married,University,Self-employed,58,308845,15,4,1,0.57,3,1,1,0,0.295,Medium,Medium_Risk
CUST0897,31,Male,Single,Secondary,Employed,75,191816,15,2,0,0.64,2,1,0,0,0.295,Medium,Low_Risk
CUST1505,43,Male,Single,Secondary,Self-employed,92,119501,14,4,0,0.96,1,1,0,0,0.295,Medium,Low_Risk
CUST0102,18,Female,Single,Primary,Self-employed,44,192702,20,1,0,0.72,0,1,0,0,0.295,Medium,Low_Risk
CUST2263,31,Male,Single,Secondary,Employed,57,357608,14,3,0,0.83,0,1,0,0,0.295,Medium,Low_Risk
CUST0847,36,Male,Single,Primary,Self-employed,52,221043,18,4,1,0.52,2,1,0,0,0.294,High,Low_Risk
CUST0710,37,Male,Single,Primary,Employed,116,34173,12,2,0,0.86,0,0,0,0,0.294,Low,Low_Risk
CUST0134,31,Male,Single,Secondary,Employed,100,102321,13,1,1,0.94,1,1,0,0,0.294,Low,Low_Risk
CUST0671,30,Male,Married,Primary,Employed,87,22058,17,2,0,0.61,0,1,1,0,0.294,Medium,Low_Risk
CUST1906,34,Male,Single,,Unemployed,86,368335,9,1,0,0.95,1,1,0,0,0.294,Low,Low_Risk
CUST0865,35,Female,Divorced,,Employed,91,38198,16,3,0,0.62,2,1,1,0,0.294,Medium,Low_Risk
CUST1957,35,Female,Single,Secondary,Employed,88,14783,17,2,0,0.87,2,0,0,0,0.294,Medium,Low_Risk
CUST1669,26,Female,Married,University,Employed,78,339646,11,3,0,0.91,0,0,0,0,0.294,Medium,Low_Risk
CUST1762,19,Male,Single,Primary,Self-employed,135,117000,7,1,0,0.57,1,0,0,0,0.294,Low,Low_Risk
CUST0077,52,Female,Married,Primary,Self-employed,62,320068,14,3,0,0.52,0,1,0,0,0.294,Medium,Low_Risk
CUST2100,37,Male,Married,Secondary,Employed,68,195560,16,1,0,0.53,1,1,0,0,0.294,Low,Low_Risk
CUST2412,36,Male,Married,Primary,Employed,81,64259,17,2,0,0.73,0,1,0,0,0.294,Medium,Low_Risk
CUST1967,24,Female,Married,Secondary,Employed,90,42340,16,1,1,0.62,1,0,0,0,0.294,Low,Low_Risk
CUST2929,45,Female,Married,University,Unemployed,91,35599,16,2,0,0.94,1,0,0,0,0.294,Medium,Low_Risk
CUST0752,57,Female,Single,Primary,Employed,50,616280,9,3,0,0.72,0,1,1,0,0.294,Medium,Low_Risk
CUST1335,45,Female,Single,Secondary,Unemployed,133,46206,9,1,0,0.52,1,1,0,0,0.294,Low,Low_Risk
CUST2423,22,Female,Single,Secondary,Employed,133,213714,5,1,0,0.86,1,1,1,0,0.294,Low,Low_Risk
CUST1832,41,Female,Single,Primary,Unemployed,110,32277,13,3,0,0.6,1,1,0,0,0.294,Medium,Low_Risk
CUST0558,28,Male,Single,Primary,Self-employed,93,21404,16,3,0,0.62,0,1,0,0,0.294,Medium,Low_Risk
CUST2590,48,Female,Married,University,Employed,96,45748,15,4,1,0.67,0,1,1,0,0.294,Medium,Low_Risk
CUST0984,29,Male,Single,University,Self-employed,98,30891,15,2,0,0.96,0,1,0,0,0.294,Medium,Low_Risk
CUST0399,34,Female,Single,University,Self-employed,117,69257,11,3,0,0.51,1,0,0,0,0.294,Medium,Low_Risk
CUST2586,18,Male,Married,University,Unemployed,81,104370,16,3,0,0.59,0,1,0,0,0.294,Medium,Low_Risk
CUST2776,41,Male,Single,Secondary,Employed,118,149783,9,1,0,0.59,0,1,0,0,0.294,Low,Low_Risk
CUST2221,24,Male,Married,Primary,Employed,59,256395,16,4,0,0.66,1,1,0,0,0.294,Medium,Low_Risk
CUST2093,39,Male,Divorced,,Employed,96,130499,13,2,0,1.0,0,1,0,0,0.294,Medium,Low_Risk
CUST2518,35,Male,Single,Primary,Employed,106,62338,13,3,1,0.71,0,0,1,0,0.294,Medium,Low_Risk
CUST1446,37,Female,Divorced,University,Self-employed,36,75808,24,1,0,0.8,2,1,1,0,0.294,Medium,Low_Risk
CUST0672,25,Male,Married,Primary,Self-employed,61,197604,17,3,0,0.56,3,1,0,0,0.293,Medium,Low_Risk
CUST1814,40,Female,Married,Primary,Self-employed,122,117863,9,1,0,0.54,2,1,0,0,0.293,Low,Low_Risk
CUST0993,44,Female,Single,Primary,Employed,72,36726,19,1,0,0.88,0,0,0,0,0.293,Medium,Low_Risk
CUST1304,23,Male,Single,Secondary,Employed,137,54661,8,2,0,0.6,2,1,1,0,0.293,Low,Low_Risk
CUST0958,49,Female,Married,,Employed,114,45061,12,1,0,0.99,0,1,0,0,0.293,Low,Low_Risk
CUST0837,47,Female,Single,Primary,Unemployed,16,464898,18,1,1,0.63,2,1,0,0,0.293,Medium,Low_Risk
CUST1450,39,Male,Single,University,Employed,80,236326,13,1,0,0.72,1,0,0,0,0.293,Low,Low_Risk
CUST2069,35,Male,Single,Secondary,Employed,76,221122,14,1,0,0.79,3,1,0,0,0.293,Low,Low_Risk
CUST1164,22,Male,Married,Secondary,Unemployed,100,55003,14,1,1,0.97,0,1,0,0,0.293,Low,Low_Risk
CUST2673,36,Female,Single,Primary,Employed,76,218831,14,1,0,0.98,0,1,1,0,0.293,Low,Low_Risk
CUST1501,18,Male,Single,,Employed,84,124556,15,3,0,0.55,1,1,1,0,0.293,Medium,Low_Risk
CUST2779,46,Female,Single,Secondary,Employed,92,108219,14,3,0,0.95,2,1,0,0,0.293,Medium,Low_Risk
CUST1003,45,Female,Married,,Employed,80,65055,17,1,0,0.72,1,0,1,0,0.293,Low,Low_Risk
CUST0476,30,Male,Married,University,Employed,98,152918,12,1,0,0.7,1,1,0,0,0.293,Low,Low_Risk
CUST2702,27,Male,Single,,Unemployed,95,4719,16,3,0,0.68,1,0,0,0,0.293,Medium,Low_Risk
CUST1589,36,Male,Divorced,Primary,Employed,65,210454,16,2,0,0.68,1,1,1,0,0.293,Medium,Low_Risk
CUST0933,36,Female,Married,University,Self-employed,106,143122,11,3,0,0.81,0,1,1,0,0.293,Medium,Low_Risk
CUST0834,30,Female,Married,Secondary,Employed,127,38163,10,1,0,0.57,0,1,1,0,0.293,Low,Low_Risk
CUST1206,37,Female,Single,Secondary,Self-employed,81,57670,17,3,0,0.61,1,0,1,0,0.293,Medium,Low_Risk
CUST0395,18,Male,Married,University,Employed,84,82267,16,1,0,0.82,2,0,0,0,0.293,Low,Low_Risk
CUST1167,30,Female,Married,Primary,Self-employed,84,121189,15,4,0,0.52,2,1,1,0,0.293,Medium,Low_Risk
CUST2654,24,Female,Married,Secondary,Employed,80,322260,11,1,0,0.52,0,1,0,0,0.293,Low,Low_Risk
CUST0278,27,Female,Single,Secondary,Employed,111,21393,13,3,0,0.88,1,1,1,0,0.293,Medium,Low_Risk
CUST2557,35,Female,Single,University,Self-employed,66,121110,18,2,0,0.92,5,1,0,0,0.293,Medium,Medium_Risk
CUST0560,47,Female,Married,Secondary,Employed,107,133982,11,2,0,0.86,0,0,0,0,0.293,Low,Low_Risk
CUST2712,41,Male,Married,Primary,Self-employed,53,379294,14,1,0,0.57,2,1,0,0,0.293,Low,Low_Risk
CUST2984,54,Male,Married,,Employed,75,13512,19,3,0,0.97,1,0,0,0,0.293,Medium,Low_Risk
CUST0765,42,Female,Married,Secondary,Self-employed,56,231820,17,3,0,0.96,1,1,0,0,0.293,Medium,Low_Risk
CUST2218,18,Male,Single,Secondary,Self-employed,33,213342,21,4,0,0.79,1,1,0,0,0.292,High,Low_Risk
CUST0010,37,Female,Single,,Employed,81,309522,11,1,0,0.69,0,0,1,0,0.292,Low,Low_Risk
CUST0180,33,Male,Single,University,Self-employed,78,201480,14,1,0,0.72,0,1,0,0,0.292,Low,Low_Risk
CUST1057,36,Male,Single,University,Employed,90,33199,16,2,0,0.81,1,1,0,0,0.292,Medium,Low_Risk
CUST2635,27,Female,Single,University,Self-employed,96,37840,15,3,0,0.97,2,1,1,0,0.292,Medium,Low_Risk
CUST1823,44,Female,Divorced,University,Employed,116,197069,8,2,0,0.71,0,1,0,0,0.292,Low,Low_Risk
CUST1632,45,Female,Divorced,Secondary,Self-employed,68,228803,15,1,1,0.89,0,1,0,0,0.292,Low,Low_Risk
CUST1582,28,Male,Divorced,University,Self-employed,63,6186,21,1,0,0.92,0,1,1,0,0.292,Medium,Low_Risk
CUST0281,24,Female,Married,Secondary,Employed,31,654622,11,2,0,0.54,1,1,0,0,0.292,Low,Low_Risk
CUST2606,34,Male,Single,Primary,Self-employed,75,97650,17,1,0,0.61,1,1,1,0,0.292,Low,Low_Risk
CUST2744,18,Female,Married,Primary,Employed,56,355295,14,1,0,0.84,1,0,0,0,0.292,Low,Low_Risk
CUST2683,44,Male,Single,Secondary,Employed,46,39295,23,1,0,0.77,2,1,1,0,0.292,Medium,Low_Risk
CUST0754,38,Female,Single,Secondary,Self-employed,156,3590,6,2,0,0.64,2,1,0,0,0.292,Low,Low_Risk
CUST2138,34,Female,Single,Secondary,Employed,55,21033,22,3,0,0.5,0,0,0,0,0.292,High,Low_Risk
CUST0797,28,Male,Single,Primary,Employed,65,36238,20,1,0,0.73,0,0,0,0,0.292,Medium,Low_Risk
CUST1966,32,Female,Single,Primary,Unemployed,78,160815,15,1,0,0.94,1,1,1,0,0.292,Low,Low_Risk
CUST1413,41,Male,Married,,Self-employed,77,124798,16,1,0,0.75,1,1,0,0,0.292,Low,Low_Risk
CUST2684,37,Female,Married,Secondary,Employed,112,10934,13,2,0,0.76,2,1,0,0,0.292,Medium,Low_Risk
CUST0911,18,Male,Married,University,Employed,75,95144,17,1,0,0.84,1,1,1,0,0.292,Low,Low_Risk
CUST1420,45,Female,Married,Primary,Employed,70,213494,15,1,0,0.98,0,1,0,0,0.292,Low,Low_Risk
CUST2012,27,Male,Married,Secondary,Employed,102,81754,13,1,0,0.9,2,0,0,0,0.292,Low,Low_Risk
CUST1599,22,Male,Single,Primary,Employed,67,191835,16,1,0,0.98,0,1,0,0,0.292,Low,Low_Risk
CUST1226,42,Male,Single,Secondary,Self-employed,103,71823,13,1,0,0.83,0,0,1,0,0.292,Low,Low_Risk
CUST2795,18,Female,Single,Secondary,Employed,124,93100,9,1,0,0.7,1,1,1,0,0.291,Low,Low_Risk
CUST2640,18,Male,Single,University,Employed,66,66840,19,4,1,0.54,0,0,0,0,0.291,High,Low_Risk
CUST1698,61,Female,Divorced,Primary,Employed,103,27886,14,3,0,0.71,4,1,0,0,0.291,Medium,Low_Risk
CUST2732,34,Male,Married,,Self-employed,75,218222,14,2,0,1.0,1,1,0,0,0.291,Medium,Low_Risk
CUST2119,44,Male,Married,Secondary,Self-employed,92,59931,15,2,0,0.92,0,1,0,0,0.291,Medium,Low_Risk
CUST0347,37,Female,Married,Secondary,Employed,89,79918,15,1,0,0.71,1,1,0,0,0.291,Low,Low_Risk
CUST0900,43,Female,Single,Secondary,Employed,124,50733,10,3,0,0.59,0,1,0,0,0.291,Medium,Low_Risk
CUST2752,30,Male,Single,Secondary,Self-employed,97,69266,14,2,0,0.97,0,1,1,0,0.291,Medium,Low_Risk
CUST1256,37,Male,Married,University,Self-employed,39,295490,18,4,0,0.92,2,1,0,0,0.291,High,Low_Risk
CUST2836,51,Male,Single,Secondary,Unemployed,80,14434,18,1,0,0.76,1,0,1,0,0.291,Medium,Low_Risk
CUST1309,38,Female,Married,Primary,Employed,99,52051,14,2,0,0.94,0,0,0,0,0.291,Medium,Low_Risk
CUST0056,29,Male,Married,University,Self-employed,115,27253,12,2,1,0.77,1,1,1,0,0.291,Low,Low_Risk
CUST1387,33,Female,Married,Secondary,Employed,107,41430,13,2,1,0.77,0,1,0,0,0.291,Medium,Low_Risk
CUST0841,50,Male,Single,,Unemployed,8,383396,21,2,0,0.67,2,1,0,0,0.291,Medium,Low_Risk
CUST1136,25,Male,Married,University,Self-employed,54,449783,12,3,0,0.52,0,1,0,0,0.291,Medium,Low_Risk
CUST0436,29,Male,Married,Secondary,Employed,98,267239,9,1,0,0.63,2,1,1,0,0.29,Low,Low_Risk
CUST0907,42,Female,Married,University,Unemployed,22,367517,19,1,0,0.52,0,0,0,0,0.29,Medium,Low_Risk
CUST2037,49,Female,Married,University,Self-employed,69,127548,17,3,1,1.0,1,0,0,0,0.29,Medium,Low_Risk
CUST2324,45,Female,Single,Secondary,Unemployed,59,325228,14,2,1,0.82,0,0,0,0,0.29,Medium,Low_Risk
CUST1489,29,Male,Married,Primary,Employed,105,52812,13,3,0,0.61,0,1,0,0,0.29,Medium,Low_Risk
CUST1712,24,Female,Married,Secondary,Employed,131,40412,9,2,0,0.89,1,0,0,0,0.29,Low,Low_Risk
CUST0735,27,Female,Single,Secondary,Self-employed,99,6666,15,2,0,0.63,0,0,0,0,0.29,Medium,Low_Risk
CUST2986,28,Female,Married,Secondary,Self-employed,120,160368,8,3,0,0.84,0,1,1,0,0.29,Medium,Low_Risk
CUST1640,18,Male,Married,Secondary,Self-employed,86,53604,16,1,0,0.93,1,1,1,0,0.29,Low,Low_Risk
CUST0505,45,Male,Single,Primary,Employed,56,472181,11,2,1,0.87,0,1,0,0,0.29,Low,Low_Risk
CUST2354,34,Male,Single,,Employed,91,62931,15,4,1,0.55,0,1,0,0,0.29,Medium,Low_Risk
CUST2331,34,Male,Divorced,Secondary,Self-employed,62,175647,17,1,0,0.92,0,1,0,0,0.29,Low,Low_Risk
CUST0638,37,Female,Married,Secondary,Self-employed,118,45895,11,1,0,0.76,1,1,1,0,0.29,Low,Low_Risk
CUST1086,39,Female,Single,Secondary,Employed,85,275000,11,3,0,0.55,0,0,0,0,0.29,Medium,Low_Risk
CUST0095,30,Female,Married,,Employed,85,59462,16,3,0,0.86,0,1,0,0,0.29,Medium,Low_Risk
CUST0074,30,Female,Married,University,Self-employed,29,105561,24,2,1,0.93,0,1,1,0,0.29,Medium,Low_Risk
CUST1712,45,Female,Single,Primary,Unemployed,100,128346,12,1,0,0.85,1,1,0,0,0.29,Low,Low_Risk
CUST1931,53,Female,Single,Secondary,Employed,119,81785,10,2,1,0.56,1,1,0,0,0.29,Low,Low_Risk
CUST2270,58,Male,Married,Secondary,Unemployed,83,244996,12,3,0,0.64,1,0,0,0,0.29,Medium,Low_Risk
CUST2169,24,Female,Married,Primary,Employed,111,53557,12,3,0,0.91,0,0,0,0,0.29,Medium,Low_Risk
CUST0513,52,Male,Single,Secondary,Employed,118,47446,11,1,0,0.67,0,1,0,0,0.29,Low,Low_Risk
CUST1115,26,Male,Married,Secondary,Employed,134,18911,9,1,0,0.98,1,0,0,0,0.289,Low,Low_Risk
CUST0294,36,Male,Married,Primary,Self-employed,43,303308,17,1,1,0.97,1,0,1,0,0.289,Low,Low_Risk
CUST0424,29,Male,Married,University,Unemployed,98,138883,12,2,0,0.75,1,1,0,0,0.289,Low,Low_Risk
CUST2866,29,Male,Married,Primary,Employed,66,146708,17,2,0,0.86,1,1,1,0,0.289,Medium,Low_Risk
CUST1582,26,Male,Married,University,Unemployed,65,110199,18,2,0,0.91,0,0,0,0,0.289,Medium,Low_Risk
CUST2405,24,Female,Married,,Unemployed,79,140780,15,3,1,0.88,3,1,1,0,0.289,Medium,Medium_Risk
CUST2618,42,Female,Divorced,Primary,Employed,80,7169,18,1,0,0.66,2,0,1,0,0.289,Medium,Low_Risk
CUST0513,34,Female,Married,Primary,Employed,48,182854,19,1,0,0.82,2,1,0,0,0.289,Medium,Low_Risk
CUST2144,36,Male,Married,Primary,Unemployed,16,533968,16,2,0,0.54,0,1,0,0,0.289,Medium,Low_Risk
CUST0114,54,Male,Married,Secondary,Employed,126,114343,8,1,0,0.53,2,1,1,0,0.289,Low,Low_Risk
CUST0396,44,Female,Single,Primary,Employed,37,261061,19,1,1,0.78,4,1,1,0,0.289,Medium,Medium_Risk
CUST2117,25,Male,Married,Primary,Employed,83,72205,16,3,0,0.52,3,1,0,0,0.289,Medium,Low_Risk
CUST2131,44,Female,Divorced,University,Self-employed,86,50380,16,2,0,0.57,0,0,0,0,0.289,Medium,Low_Risk
CUST1437,18,Male,Single,Primary,Self-employed,57,378903,13,1,1,0.79,2,1,0,0,0.289,Low,Low_Risk
CUST2629,29,Female,Married,Secondary,Unemployed,12,473799,18,1,0,0.92,0,1,0,0,0.289,Medium,Low_Risk
CUST2008,28,Male,Single,University,Employed,79,12681,18,3,0,0.57,1,1,0,0,0.289,Medium,Low_Risk
CUST1745,49,Male,Married,University,Employed,113,32260,12,1,0,0.88,1,0,0,0,0.289,Low,Low_Risk
CUST0586,36,Female,Married,Primary,Self-employed,67,264100,14,2,0,0.64,1,0,1,0,0.289,Medium,Low_Risk
CUST2476,31,Female,Divorced,Secondary,Employed,64,202840,16,1,0,0.78,3,1,0,0,0.289,Low,Low_Risk
CUST2496,23,Female,Married,Primary,Employed,105,133028,11,1,0,0.77,0,0,1,0,0.289,Low,Low_Risk
CUST1200,44,Female,Married,University,Employed,96,109000,13,1,0,0.8,2,1,1,0,0.289,Low,Low_Risk
CUST2535,52,Female,Single,University,Self-employed,84,22598,17,1,0,0.57,0,1,0,0,0.289,Low,Low_Risk
CUST1643,48,Male,Single,University,Unemployed,88,76811,15,1,1,0.79,0,0,0,0,0.289,Low,Low_Risk
CUST1377,22,Female,Married,Secondary,Employed,102,110714,12,2,0,0.88,3,0,1,0,0.289,Low,Low_Risk
CUST2812,29,Female,Single,Secondary,Self-employed,89,72965,15,2,0,0.84,1,1,1,0,0.289,Medium,Low_Risk
CUST1695,30,Female,Married,Primary,Employed,93,173009,12,2,0,0.79,1,0,0,0,0.289,Low,Low_Risk
CUST0975,23,Female,Married,Secondary,Employed,81,123092,15,3,0,0.56,1,1,1,0,0.288,Medium,Low_Risk
CUST2265,31,Male,Married,Secondary,Employed,59,106284,19,3,0,0.89,3,1,0,0,0.288,Medium,Low_Risk
CUST0152,27,Male,Married,Secondary,Employed,71,363425,11,2,0,0.68,0,1,0,0,0.288,Low,Low_Risk
CUST1129,29,Female,Married,University,Employed,68,83427,18,1,0,0.93,1,1,1,0,0.288,Medium,Low_Risk
CUST0886,47,Female,Single,Secondary,Employed,82,159862,14,1,0,0.6,0,0,1,0,0.288,Low,Low_Risk
CUST1882,32,Female,Married,Secondary,Self-employed,106,121732,11,3,0,0.56,2,1,0,0,0.288,Medium,Low_Risk
CUST2823,60,Male,Married,Primary,Employed,72,59072,18,2,1,0.88,0,1,0,0,0.288,Medium,Low_Risk
CUST0077,33,Female,Divorced,Secondary,Employed,97,98616,13,1,0,0.94,1,1,0,0,0.288,Low,Low_Risk
CUST1678,48,Female,Single,Primary,Employed,122,9426,11,1,2,0.89,0,1,1,0,0.288,Low,Low_Risk
CUST1261,29,Female,Married,Primary,Self-employed,33,453495,15,1,0,0.69,3,1,0,0,0.288,Low,Low_Risk
CUST0440,40,Male,Single,University,Self-employed,71,20776,19,2,0,0.67,1,1,1,0,0.288,Medium,Low_Risk
CUST0636,41,Female,Married,Secondary,Self-employed,36,49729,24,2,0,0.58,3,1,1,0,0.288,Medium,Low_Risk
CUST2593,44,Male,Married,University,Employed,72,55487,18,1,1,0.95,0,1,0,0,0.288,Medium,Low_Risk
CUST0690,34,Female,Married,,Unemployed,111,130366,10,2,0,0.84,0,1,1,0,0.288,Low,Low_Risk
CUST1507,28,Male,Married,University,Employed,102,146889,11,1,0,0.8,0,0,0,0,0.288,Low,Low_Risk
CUST2901,34,Male,Single,Primary,Self-employed,117,43193,11,4,0,0.91,0,1,0,0,0.288,Medium,Low_Risk
CUST2814,23,Male,Married,University,Unemployed,98,4023,15,3,0,0.8,0,1,0,0,0.288,Medium,Low_Risk
CUST1557,37,Male,Married,University,Employed,49,213738,18,3,0,0.61,0,0,1,0,0.288,Medium,Low_Risk
CUST0927,36,Male,Married,Primary,Employed,58,112555,19,1,0,0.81,0,1,0,0,0.288,Medium,Low_Risk
CUST2501,21,Female,Married,Secondary,Self-employed,100,78335,13,1,0,0.95,2,1,0,0,0.288,Low,Low_Risk
CUST0634,31,Female,Divorced,Secondary,Self-employed,97,140003,12,3,0,0.61,1,1,1,0,0.288,Medium,Low_Risk
CUST1881,44,Female,Single,Primary,Employed,95,63703,14,1,0,0.56,1,1,0,0,0.287,Low,Low_Risk
CUST0876,37,Female,Married,Primary,Self-employed,51,113935,20,4,0,0.79,0,0,0,0,0.287,High,Low_Risk
CUST2865,40,Male,Married,Primary,Employed,96,102358,13,2,0,0.6,2,0,0,0,0.287,Medium,Low_Risk
CUST2989,22,Male,Single,,Employed,51,284447,16,3,1,0.66,1,1,0,0,0.287,Medium,Low_Risk
CUST1164,35,Male,Married,Primary,Employed,123,678,11,2,0,0.86,2,1,0,0,0.287,Low,Low_Risk
CUST2653,21,Male,Married,Secondary,Self-employed,75,158202,15,1,0,0.82,2,1,0,0,0.287,Low,Low_Risk
CUST0148,30,Female,Single,Secondary,Employed,66,51959,19,3,0,0.88,0,1,0,0,0.287,Medium,Low_Risk
CUST2448,22,Female,Single,Secondary,Self-employed,106,118449,11,2,0,0.8,1,0,0,0,0.287,Low,Low_Risk
CUST1833,48,Female,Married,Primary,Self-employed,88,157008,13,1,0,0.6,1,1,0,0,0.287,Low,Low_Risk
CUST0426,46,Female,Married,,Employed,108,15985,13,4,0,0.64,0,1,0,0,0.287,Medium,Low_Risk
CUST2201,19,Female,Single,Primary,Employed,78,98394,16,1,0,0.93,1,1,0,0,0.287,Low,Low_Risk
CUST1650,50,Female,Married,Secondary,Employed,73,2954,19,2,1,0.72,4,1,0,0,0.287,Medium,Medium_Risk
CUST1942,34,Male,Married,Primary,Self-employed,71,231283,14,1,0,0.81,0,1,0,0,0.287,Low,Low_Risk
CUST1051,34,Female,Single,Secondary,Self-employed,51,71993,21,1,0,0.88,0,0,1,0,0.287,Medium,Low_Risk
CUST0433,46,Female,Single,,Self-employed,64,21947,20,2,0,0.95,1,1,1,0,0.287,Medium,Low_Risk
CUST0462,28,Female,Married,Secondary,Self-employed,74,165571,15,1,0,0.57,2,0,0,0,0.287,Low,Low_Risk
CUST2378,34,Male,Married,Primary,Employed,83,228608,12,2,1,0.53,0,1,0,0,0.286,Low,Low_Risk
CUST0088,34,Male,Single,,Employed,89,60988,15,3,0,0.59,0,1,0,0,0.286,Medium,Low_Risk
CUST2583,25,Female,Married,Primary,Self-employed,111,77749,11,1,0,0.73,2,1,0,0,0.286,Low,Low_Risk
CUST0654,32,Female,Married,Primary,Self-employed,108,14508,13,4,0,0.89,1,1,0,0,0.286,Medium,Low_Risk
CUST2480,52,Male,Married,Secondary,Employed,101,61956,13,3,0,0.56,1,1,0,0,0.286,Medium,Low_Risk
CUST1165,36,Female,Married,Primary,Self-employed,76,104910,16,2,0,0.51,1,1,1,0,0.286,Medium,Low_Risk
CUST1366,38,Female,Married,University,Employed,77,98150,16,1,0,0.6,2,1,0,0,0.286,Low,Low_Risk
CUST0443,26,Male,Married,Primary,Self-employed,42,214622,19,1,0,0.5,0,1,0,0,0.286,Medium,Low_Risk
CUST0791,35,Female,Married,Primary,Employed,82,105730,15,1,1,0.94,0,0,0,0,0.286,Low,Low_Risk
CUST0207,38,Female,Married,Primary,Self-employed,121,52993,10,1,0,0.59,2,1,0,0,0.286,Low,Low_Risk
CUST1055,19,Female,Married,Secondary,Employed,97,89731,13,1,0,0.63,1,0,0,0,0.286,Low,Low_Risk
CUST1280,33,Female,Divorced,Secondary,Employed,92,167800,12,2,0,0.68,1,1,0,0,0.286,Low,Low_Risk
CUST1412,37,Male,Single,Secondary,Employed,66,177483,16,1,1,0.86,4,0,0,0,0.286,Low,Medium_Risk
CUST0517,42,Male,Married,Secondary,Employed,141,41901,7,1,0,0.97,0,1,0,0,0.286,Low,Low_Risk
CUST0315,44,Female,Divorced,Primary,Employed,111,78501,11,2,0,0.97,3,1,0,0,0.286,Low,Low_Risk
CUST0567,48,Male,Married,Secondary,Employed,70,20656,19,1,0,0.97,1,1,1,0,0.286,Medium,Low_Risk
CUST0382,18,Male,Divorced,Secondary,Self-employed,58,398678,12,3,0,0.92,0,1,1,0,0.286,Medium,Low_Risk
CUST0518,46,Male,Married,Primary,Employed,2,488780,19,3,0,0.51,2,0,0,0,0.286,Medium,Low_Risk
CUST0518,40,Female,Married,University,Employed,30,423336,16,1,0,1.0,0,0,0,0,0.286,Low,Low_Risk
CUST2477,37,Male,Single,Secondary,Employed,67,126183,17,1,0,0.59,2,1,0,0,0.286,Low,Low_Risk
CUST2326,34,Female,Married,Secondary,Employed,46,58723,22,4,0,0.54,1,0,0,0,0.286,High,Low_Risk
CUST1141,36,Female,Single,Secondary,Self-employed,51,67393,21,2,0,0.65,0,1,1,0,0.286,Medium,Low_Risk
CUST2081,34,Male,Married,Secondary,Self-employed,86,37842,16,4,0,0.89,0,0,0,0,0.286,Medium,Low_Risk
CUST0130,55,Female,Married,Secondary,Employed,96,94543,13,1,0,0.71,2,1,0,0,0.286,Low,Low_Risk
CUST2187,33,Male,Single,University,Unemployed,100,27884,14,2,0,0.84,2,1,0,0,0.286,Medium,Low_Risk
CUST1132,33,Female,Married,University,Unemployed,57,66114,20,2,0,0.9,4,1,0,0,0.286,Medium,Low_Risk
CUST0179,43,Male,Single,Primary,Employed,68,246282,14,2,0,0.65,2,0,0,0,0.286,Medium,Low_Risk
CUST2794,35,Female,Married,Secondary,Employed,40,393205,15,2,0,0.88,2,0,1,0,0.285,Medium,Low_Risk
CUST0681,38,Male,Married,Secondary,Employed,107,58652,12,3,1,0.66,0,1,0,0,0.285,Medium,Low_Risk
CUST0075,47,Male,Married,Secondary,Employed,74,115011,16,1,0,0.56,0,0,0,0,0.285,Low,Low_Risk
CUST1958,39,Male,Divorced,Primary,Employed,54,213451,17,1,0,0.7,2,1,1,0,0.285,Low,Low_Risk
CUST1526,26,Female,Married,University,Employed,90,4491,16,3,1,0.51,1,1,1,0,0.285,Medium,Low_Risk
CUST2827,18,Female,Married,University,Unemployed,116,81144,10,3,0,0.67,0,1,1,0,0.285,Medium,Low_Risk
CUST1768,48,Female,Married,University,Employed,81,279132,11,2,1,0.79,3,1,1,0,0.285,Low,Medium_Risk
CUST2600,27,Female,Married,Primary,Employed,73,79368,17,2,0,0.97,2,0,1,0,0.285,Medium,Low_Risk
CUST2438,24,Male,Divorced,Secondary,Self-employed,29,127593,23,1,0,0.82,1,1,0,0,0.285,Medium,Low_Risk
CUST0927,31,Male,Single,University,Employed,41,215368,19,1,0,0.85,2,1,0,0,0.285,Medium,Low_Risk
CUST0604,34,Female,Married,Primary,Employed,64,100926,18,1,0,0.99,1,1,0,0,0.285,Medium,Low_Risk
CUST2883,40,Male,Married,Primary,Employed,16,558291,15,3,0,0.95,1,0,0,0,0.285,Medium,Low_Risk
CUST0774,42,Female,Married,Primary,Self-employed,86,32480,16,4,0,0.76,0,1,0,0,0.285,Medium,Low_Risk
CUST2051,27,Female,Married,,Self-employed,44,194065,19,1,0,0.6,1,0,0,0,0.285,Medium,Low_Risk
CUST1211,38,Female,Single,Secondary,Self-employed,82,102160,15,3,0,0.93,0,1,0,0,0.285,Medium,Low_Risk
CUST0918,40,Male,Single,University,Employed,31,370504,17,1,0,0.86,1,0,1,0,0.285,Low,Low_Risk
CUST0047,34,Female,Single,Secondary,Unemployed,32,106908,23,4,0,0.98,4,1,1,0,0.285,High,Low_Risk
CUST1762,48,Female,Married,Secondary,Employed,44,236097,18,2,0,0.77,1,1,1,0,0.285,Medium,Low_Risk
CUST2711,21,Male,Single,Secondary,Employed,78,215092,13,3,1,0.58,1,1,0,0,0.285,Medium,Low_Risk
CUST0459,36,Female,Married,Secondary,Unemployed,77,132071,15,1,0,0.57,1,0,0,0,0.284,Low,Low_Risk
CUST0256,48,Female,Single,University,Employed,75,63310,17,2,0,0.78,6,0,1,0,0.284,Medium,Medium_Risk
CUST1909,28,Male,Married,University,Employed,100,104224,12,2,0,0.57,0,1,0,0,0.284,Low,Low_Risk
CUST1635,31,Female,Married,Secondary,Unemployed,72,40021,18,2,0,0.79,2,0,0,0,0.284,Medium,Low_Risk
CUST2345,31,Male,Married,Secondary,Unemployed,76,98711,16,2,0,0.95,2,0,0,0,0.284,Medium,Low_Risk
CUST2081,37,Female,Married,Secondary,Self-employed,99,110096,12,1,0,0.82,3,1,0,0,0.284,Low,Low_Risk
CUST2775,31,Male,Single,Primary,Employed,108,90086,11,2,0,0.64,1,1,0,0,0.284,Low,Low_Risk
CUST0395,22,Male,Married,University,Employed,75,18271,18,1,0,0.75,2,1,0,0,0.284,Medium,Low_Risk
CUST2375,45,Male,Single,,Self-employed,28,555735,13,4,0,0.79,0,1,0,0,0.284,Medium,Low_Risk
CUST0279,18,Female,Married,Secondary,Self-employed,55,240952,16,2,1,0.66,3,1,1,0,0.284,Medium,Medium_Risk
CUST2980,26,Male,Single,University,Self-employed,97,166921,11,3,1,0.69,1,1,0,0,0.284,Medium,Low_Risk
CUST0005,47,Female,Single,Primary,Employed,66,165365,16,1,0,0.57,0,1,0,0,0.284,Low,Low_Risk
CUST0967,24,Female,Married,,Employed,20,358187,19,3,0,0.99,2,1,1,0,0.284,Medium,Low_Risk
CUST1713,24,Male,Married,Primary,Employed,86,156597,13,1,0,0.93,1,1,0,0,0.284,Low,Low_Risk
CUST2608,26,Female,Married,Primary,Employed,104,158759,10,2,0,0.65,1,1,1,0,0.284,Low,Low_Risk
CUST2863,29,Female,Married,Primary,Employed,99,150549,11,2,1,0.77,1,0,1,0,0.284,Low,Low_Risk
CUST0058,39,Female,Single,Secondary,Self-employed,123,72943,9,1,0,0.78,1,0,0,0,0.284,Low,Low_Risk
CUST2576,47,Male,Married,Secondary,Employed,57,316210,14,3,0,0.97,1,1,0,0,0.284,Medium,Low_Risk
CUST0252,36,Female,Married,Primary,Employed,44,62448,22,1,0,0.83,0,0,1,0,0.284,Medium,Low_Risk
CUST0825,44,Male,Married,Secondary,Employed,23,420705,17,4,0,0.79,0,1,0,0,0.284,High,Low_Risk
CUST2516,25,Male,Married,Primary,Employed,79,76149,16,1,0,0.81,0,1,0,0,0.284,Low,Low_Risk
CUST0251,33,Female,Married,Secondary,Employed,105,67018,12,1,0,1.0,1,1,1,0,0.284,Low,Low_Risk
CUST0783,35,Male,Divorced,Secondary,Employed,88,144404,13,2,0,0.55,2,1,0,0,0.284,Medium,Low_Risk
CUST2432,53,Male,Single,University,Employed,77,44724,17,1,2,0.7,0,1,0,0,0.283,Low,Low_Risk
CUST2041,54,Male,Married,Primary,Unemployed,96,84516,13,3,0,0.98,0,0,1,0,0.283,Medium,Low_Risk
CUST0774,44,Male,Married,Secondary,Employed,98,110741,12,3,0,0.98,0,0,0,0,0.283,Medium,Low_Risk
CUST0706,47,Female,Married,Primary,Employed,45,136484,20,4,0,0.83,1,1,1,0,0.283,High,Low_Risk
CUST0295,40,Female,Single,Primary,Employed,91,162094,12,1,0,0.6,0,1,0,0,0.283,Low,Low_Risk
CUST0841,47,Female,Married,University,Employed,118,102834,9,2,0,0.68,2,0,0,0,0.283,Low,Low_Risk
CUST2963,30,Male,Single,University,Employed,103,76828,12,1,0,0.86,1,1,1,0,0.283,Low,Low_Risk
CUST1855,28,Male,Single,Secondary,Employed,64,260171,14,1,0,0.83,1,1,0,0,0.283,Low,Low_Risk
CUST1869,18,Male,Married,Secondary,Self-employed,82,139214,14,4,1,0.62,0,1,1,0,0.283,Medium,Low_Risk
CUST2442,30,Female,Single,Secondary,Employed,53,83476,20,1,0,0.58,0,0,1,0,0.283,Medium,Low_Risk
CUST0041,51,Male,Married,Primary,Employed,25,444906,16,4,0,0.76,1,0,0,0,0.283,Medium,Low_Risk
CUST2292,45,Female,Single,Primary,Employed,61,70486,19,1,0,0.88,1,0,0,0,0.283,Medium,Low_Risk
CUST1698,40,Female,Single,Secondary,Unemployed,119,54306,10,2,0,0.97,2,1,0,0,0.283,Low,Low_Risk
CUST0318,31,Male,Married,University,Self-employed,77,87384,16,2,0,0.98,1,0,0,0,0.283,Medium,Low_Risk
CUST0775,39,Male,Single,Primary,Self-employed,56,103154,19,3,0,0.68,2,1,0,0,0.283,Medium,Low_Risk
CUST2561,31,Female,Married,Secondary,Employed,58,91032,19,3,1,0.82,0,1,0,0,0.283,Medium,Low_Risk
CUST2759,45,Male,Married,Secondary,Employed,75,99972,16,2,0,0.72,1,1,0,0,0.283,Medium,Low_Risk
CUST0851,29,Female,Married,Primary,Employed,79,30375,17,1,0,0.73,1,0,1,0,0.283,Low,Low_Risk
CUST2822,22,Male,Single,Secondary,Employed,121,37593,10,1,0,0.71,1,1,0,0,0.283,Low,Low_Risk
CUST0803,22,Male,Married,Secondary,Employed,73,157371,15,4,0,0.93,0,0,0,0,0.283,Medium,Low_Risk
CUST0420,38,Male,Single,Primary,Employed,82,137787,14,4,0,0.96,0,1,0,0,0.283,Medium,Low_Risk
CUST0147,50,Female,Single,Secondary,Employed,114,1347,12,1,0,0.58,0,1,0,0,0.283,Low,Low_Risk
CUST2182,35,Female,Married,Secondary,Employed,47,79797,21,2,0,0.69,2,1,0,0,0.283,Medium,Low_Risk
CUST2606,46,Male,Single,Secondary,Self-employed,134,35566,8,1,0,0.51,2,1,0,0,0.283,Low,Low_Risk
CUST0115,33,Female,Married,,Employed,57,141802,18,2,0,0.53,0,1,0,0,0.283,Medium,Low_Risk
CUST2355,18,Male,Married,Secondary,Employed,131,14421,9,1,0,0.76,1,1,0,0,0.283,Low,Low_Risk
CUST0836,18,Male,Married,Primary,Employed,109,75691,11,2,0,0.64,0,0,0,0,0.282,Low,Low_Risk
CUST0932,34,Female,Married,Primary,Unemployed,33,428728,15,1,0,0.97,0,1,0,0,0.282,Low,Low_Risk
CUST2024,34,Male,Single,Secondary,Employed,74,20147,18,1,0,0.57,2,0,1,0,0.282,Medium,Low_Risk
CUST1518,36,Female,Married,Primary,Self-employed,116,70720,10,2,0,0.69,1,1,0,0,0.282,Low,Low_Risk
CUST0976,36,Male,Married,Primary,Employed,89,42812,15,1,0,0.89,0,1,0,0,0.282,Low,Low_Risk
CUST2077,48,Female,Single,University,Employed,107,45303,12,2,0,0.9,1,1,0,0,0.282,Low,Low_Risk
CUST1093,38,Female,Married,Secondary,Employed,75,267538,12,1,1,0.52,1,1,1,0,0.282,Low,Low_Risk
CUST0837,42,Female,Divorced,Secondary,Unemployed,94,8610,15,2,0,0.9,4,1,0,0,0.282,Medium,Low_Risk
CUST0305,33,Female,Single,Secondary,Self-employed,99,228143,9,1,0,0.94,0,1,1,0,0.282,Low,Low_Risk
CUST2357,38,Male,Single,Secondary,Employed,108,38203,12,1,0,0.63,1,1,1,0,0.282,Low,Low_Risk
CUST2196,45,Male,Single,Secondary,Employed,102,252037,8,1,0,0.85,3,1,0,0,0.282,Low,Low_Risk
CUST1370,40,Female,Married,Secondary,Employed,50,270268,16,1,0,0.57,1,1,0,0,0.282,Low,Low_Risk
CUST1936,34,Male,Married,Secondary,Employed,86,21412,16,4,0,0.59,0,1,0,0,0.282,Medium,Low_Risk
CUST1979,24,Female,Single,University,Self-employed,78,77519,16,3,0,0.63,2,1,0,0,0.282,Medium,Low_Risk
CUST2610,32,Female,Single,Secondary,Employed,56,144119,18,4,0,0.92,1,1,1,0,0.282,High,Low_Risk
CUST1412,23,Female,Married,Secondary,Employed,8,134702,26,1,0,0.77,3,1,1,0,0.282,Medium,Low_Risk
CUST0628,32,Female,Single,Secondary,Unemployed,92,22979,15,1,0,0.74,1,1,0,0,0.282,Low,Low_Risk
CUST2549,40,Female,Single,,Employed,95,258428,9,1,0,0.92,1,1,0,0,0.282,Low,Low_Risk
CUST0599,26,Male,Single,Secondary,Employed,79,67556,16,2,0,0.73,0,0,0,0,0.282,Medium,Low_Risk
CUST1401,37,Female,Single,,Self-employed,85,66469,15,3,0,0.99,0,1,0,0,0.281,Medium,Low_Risk
CUST0487,54,Female,Married,Primary,Employed,17,26016,27,3,0,0.8,1,1,0,0,0.281,High,Low_Risk
CUST0071,18,Male,Married,,Unemployed,113,43904,11,2,0,0.73,2,0,0,0,0.281,Low,Low_Risk
CUST0543,33,Male,Married,Primary,Unemployed,74,227650,13,2,0,0.51,2,0,0,0,0.281,Medium,Low_Risk
CUST2531,36,Male,Married,University,Employed,80,186359,13,4,0,0.72,0,0,0,0,0.281,Medium,Low_Risk
CUST1407,25,Male,Single,Secondary,Employed,63,261941,14,1,0,0.84,1,1,0,0,0.281,Low,Low_Risk
CUST0987,38,Male,Married,Primary,Self-employed,112,92697,10,2,1,0.96,0,1,0,0,0.281,Low,Low_Risk
CUST1637,34,Female,Married,Secondary,Self-employed,96,116664,12,1,0,0.72,0,1,0,0,0.281,Low,Low_Risk
CUST1580,31,Female,Divorced,Secondary,Unemployed,92,59357,14,3,0,0.67,0,1,0,0,0.281,Medium,Low_Risk
CUST0383,21,Male,Married,University,Unemployed,115,155552,8,3,0,0.74,1,0,0,0,0.281,Medium,Low_Risk
CUST2919,28,Female,Married,Secondary,Employed,81,138087,14,1,0,0.7,2,0,1,0,0.281,Low,Low_Risk
CUST0010,31,Male,Married,Primary,Employed,100,7000,14,1,0,0.95,0,1,0,0,0.281,Low,Low_Risk
CUST2689,41,Male,Single,Primary,Employed,127,33828,9,3,0,0.84,0,1,0,0,0.281,Medium,Low_Risk
CUST2216,32,Male,Single,Primary,Employed,95,127224,12,2,1,0.97,2,0,0,0,0.281,Low,Low_Risk
CUST2080,36,Male,Divorced,Secondary,Employed,74,13603,18,1,0,0.77,1,1,1,0,0.281,Medium,Low_Risk
CUST0257,43,Female,Single,Secondary,Employed,114,120222,9,2,0,0.85,0,1,0,0,0.281,Low,Low_Risk
CUST2611,29,Male,Single,Secondary,Employed,47,284997,16,2,0,0.98,0,1,0,0,0.281,Medium,Low_Risk
CUST0964,38,Male,Divorced,University,Employed,111,55981,11,2,0,0.77,0,1,0,0,0.281,Low,Low_Risk
CUST2357,33,Female,Married,Secondary,Self-employed,131,1009,9,4,0,0.78,0,0,1,0,0.28,Medium,Low_Risk
CUST1726,30,Male,Single,Primary,Self-employed,127,68952,8,3,1,0.57,0,1,0,0,0.28,Medium,Low_Risk
CUST1604,35,Male,Single,University,Employed,55,183237,17,1,0,0.67,2,1,0,0,0.28,Low,Low_Risk
CUST0504,42,Female,Single,,Employed,60,105790,18,1,0,0.53,0,1,0,0,0.28,Medium,Low_Risk
CUST0243,45,Female,Married,Secondary,Self-employed,31,435146,15,2,0,0.78,0,0,0,0,0.28,Medium,Low_Risk
CUST2799,30,Female,Married,Secondary,Employed,99,10204,14,1,0,0.74,0,1,0,0,0.28,Low,Low_Risk
CUST0374,35,Female,Single,Secondary,Employed,108,30848,12,3,0,0.75,1,0,0,0,0.28,Medium,Low_Risk
CUST0894,22,Male,Married,Primary,Self-employed,131,41567,8,1,0,0.64,0,1,0,0,0.28,Low,Low_Risk
CUST1653,34,Male,Married,Primary,Employed,136,8210,8,1,0,0.67,1,0,0,0,0.28,Low,Low_Risk
CUST2932,28,Male,Single,Secondary,Self-employed,112,89486,10,4,1,0.63,0,1,0,0,0.28,Medium,Low_Risk
CUST2418,31,Male,Married,University,Self-employed,51,170236,18,1,0,0.71,1,0,1,0,0.28,Medium,Low_Risk
CUST0062,26,Male,Married,,Self-employed,102,28976,13,2,0,0.67,2,1,0,0,0.28,Medium,Low_Risk
CUST2191,18,Female,Single,Secondary,Unemployed,111,97347,10,1,0,0.86,0,1,1,0,0.28,Low,Low_Risk
CUST2355,21,Male,Married,Primary,Employed,61,141030,17,2,0,0.82,0,0,0,0,0.28,Medium,Low_Risk
CUST0927,40,Female,Married,Primary,Employed,87,48945,15,4,0,0.89,0,1,0,0,0.28,Medium,Low_Risk
CUST1223,44,Male,Married,Secondary,Unemployed,73,146807,15,3,0,0.56,2,1,0,0,0.28,Medium,Low_Risk
CUST2218,33,Female,Single,Secondary,Employed,108,32742,12,2,0,0.56,0,1,0,0,0.28,Low,Low_Risk
CUST2033,50,Male,Single,Primary,Employed,85,60455,15,1,0,0.94,0,1,0,0,0.28,Low,Low_Risk
CUST2032,42,Female,Married,Primary,Unemployed,35,193698,20,3,0,0.96,0,0,0,0,0.28,Medium,Low_Risk
CUST0269,34,Male,Single,Primary,Employed,62,94606,18,4,1,0.81,1,0,1,0,0.28,High,Low_Risk
CUST2055,21,Male,Single,,Employed,68,11324,19,4,0,0.75,3,0,0,0,0.28,High,Low_Risk
CUST1866,38,Female,Married,Primary,Employed,51,248446,16,2,0,0.97,1,1,0,0,0.279,Medium,Low_Risk
CUST2570,19,Female,Single,University,Employed,111,47288,11,1,0,0.59,0,1,0,0,0.279,Low,Low_Risk
CUST2882,36,Female,Single,Secondary,Self-employed,30,95872,23,1,0,0.99,2,1,0,0,0.279,Medium,Low_Risk
CUST1605,41,Male,Married,Secondary,Self-employed,105,91688,11,1,0,0.51,0,0,0,0,0.279,Low,Low_Risk
CUST2631,50,Female,Married,University,Employed,90,110319,13,1,0,0.93,0,1,1,0,0.279,Low,Low_Risk
CUST2867,46,Male,Divorced,Secondary,Employed,114,27149,11,2,0,0.54,0,0,0,0,0.279,Low,Low_Risk
CUST0413,30,Male,Single,,Self-employed,60,444445,10,3,1,0.73,0,1,0,0,0.279,Medium,Low_Risk
CUST1654,25,Female,Married,Secondary,Unemployed,91,187326,11,1,0,0.66,0,0,0,0,0.279,Low,Low_Risk
CUST0700,44,Male,Married,Secondary,Employed,122,16384,10,2,0,0.79,1,1,1,0,0.279,Low,Low_Risk
CUST0768,31,Female,Divorced,University,Employed,91,16912,15,4,0,0.89,0,1,1,0,0.279,Medium,Low_Risk
CUST2846,45,Female,Single,Primary,Employed,40,113152,21,1,0,0.9,1,0,0,0,0.279,Medium,Low_Risk
CUST2133,38,Male,Single,Secondary,Employed,35,274747,18,1,0,0.96,1,1,0,0,0.279,Medium,Low_Risk
CUST1998,39,Female,Married,Secondary,Self-employed,71,195593,14,2,1,0.71,1,1,1,0,0.279,Medium,Low_Risk
CUST0404,28,Female,Married,Primary,Employed,29,699049,9,3,0,0.69,0,1,0,0,0.279,Medium,Low_Risk
CUST1625,29,Male,Married,Primary,Employed,74,7308,18,2,0,0.93,0,1,1,0,0.279,Medium,Low_Risk
CUST2779,33,Male,Married,,Employed,47,107058,20,3,0,0.99,0,0,0,0,0.279,Medium,Low_Risk
CUST0668,45,Female,Married,Primary,Unemployed,84,109652,14,1,0,0.58,1,0,0,0,0.279,Low,Low_Risk
CUST2664,47,Female,Married,Secondary,Employed,91,18900,15,1,0,0.87,1,1,0,0,0.279,Low,Low_Risk
CUST1674,49,Male,Single,University,Self-employed,62,216813,15,3,0,0.82,1,0,1,0,0.279,Medium,Low_Risk
CUST2505,23,Male,Single,Secondary,Self-employed,67,431300,9,1,0,0.61,1,1,0,0,0.278,Low,Low_Risk
CUST2745,25,Male,Divorced,Primary,Employed,89,240065,10,4,1,0.65,0,1,1,0,0.278,Medium,Low_Risk
CUST1306,23,Female,Single,Primary,Employed,70,368256,10,2,1,0.72,1,1,0,0,0.278,Low,Low_Risk
CUST0418,24,Male,Married,Secondary,Employed,38,291629,17,1,0,0.86,1,0,0,0,0.278,Low,Low_Risk
CUST2206,32,Male,Married,University,Employed,57,35227,20,2,0,0.91,2,1,0,0,0.278,Medium,Low_Risk
CUST1803,36,Male,Married,University,Self-employed,56,169398,17,2,0,0.82,0,1,1,0,0.278,Medium,Low_Risk
CUST2865,44,Female,Single,University,Employed,32,204698,20,3,0,0.54,0,0,0,0,0.278,Medium,Low_Risk
CUST0760,34,Male,Single,Secondary,Self-employed,106,36090,12,1,0,0.83,2,0,0,0,0.278,Low,Low_Risk
CUST0904,43,Male,Married,Secondary,Self-employed,49,174540,18,2,0,0.65,1,1,0,0,0.278,Medium,Low_Risk
CUST2131,36,Female,Single,Secondary,Employed,43,172774,19,2,0,0.81,1,1,0,0,0.278,Medium,Low_Risk
CUST1774,24,Male,Married,,Self-employed,68,128525,16,3,0,0.58,1,1,0,0,0.278,Medium,Low_Risk
CUST1098,32,Female,Married,Primary,Employed,93,40813,14,1,0,0.98,0,1,0,0,0.278,Low,Low_Risk
CUST0966,36,Male,Single,Primary,Self-employed,92,7547,15,2,0,0.55,1,1,0,0,0.278,Medium,Low_Risk
CUST1852,35,Female,Married,Secondary,Self-employed,100,35130,13,1,0,0.82,1,1,0,0,0.278,Low,Low_Risk
CUST2272,23,Male,Married,Primary,Self-employed,83,69724,15,1,0,0.7,0,0,0,0,0.278,Low,Low_Risk
CUST0312,34,Male,Married,Primary,Employed,27,409977,16,1,0,0.54,0,0,0,0,0.278,Low,Low_Risk
CUST0859,20,Male,Single,Secondary,Employed,35,311738,17,2,0,0.54,0,1,0,0,0.278,Medium,Low_Risk
CUST1934,35,Female,Single,,Self-employed,76,32919,17,1,1,0.85,1,0,0,0,0.278,Low,Low_Risk
CUST0715,42,Male,Single,Primary,Employed,14,501658,16,1,0,0.82,0,1,0,0,0.278,Low,Low_Risk
CUST1339,27,Female,Single,University,Employed,94,199765,10,1,0,0.55,0,0,0,0,0.277,Low,Low_Risk
CUST1360,44,Male,Married,Primary,Unemployed,74,81741,16,1,0,0.86,1,0,0,0,0.277,Low,Low_Risk
CUST0671,31,Female,Married,University,Employed,123,2325,10,2,0,0.52,0,1,0,0,0.277,Low,Low_Risk
CUST0151,43,Male,Single,Primary,Self-employed,59,60437,19,3,0,0.66,0,0,0,0,0.277,Medium,Low_Risk
CUST1605,41,Male,Married,Secondary,Employed,106,158816,9,4,1,0.94,3,1,0,0,0.277,Medium,Medium_Risk
CUST0263,29,Female,Married,University,Employed,45,368782,14,3,0,0.6,2,0,0,0,0.277,Medium,Low_Risk
CUST2424,34,Female,Single,Primary,Employed,100,75206,12,2,0,0.71,1,1,1,0,0.277,Low,Low_Risk
CUST1259,25,Male,Single,Secondary,Employed,112,203529,7,4,1,0.74,1,1,0,0,0.277,Medium,Low_Risk
CUST2484,26,Female,Married,Secondary,Employed,57,29027,20,2,1,0.62,1,0,0,0,0.277,Medium,Low_Risk
CUST2544,20,Female,Married,Primary,Employed,82,114108,14,3,0,0.56,1,1,0,0,0.277,Medium,Low_Risk
CUST0600,53,Male,Single,Primary,Self-employed,52,62861,20,2,0,0.72,1,1,0,0,0.277,Medium,Low_Risk
CUST1235,30,Male,Married,University,Employed,112,76727,10,2,0,0.77,2,1,1,0,0.277,Low,Low_Risk
CUST1767,35,Male,Single,,Employed,105,38494,12,1,0,0.87,1,1,1,0,0.277,Low,Low_Risk
CUST2105,24,Female,Single,University,Employed,44,119379,20,3,0,0.88,2,1,0,0,0.277,Medium,Low_Risk
CUST0261,30,Male,Married,University,Employed,87,122357,13,2,1,0.62,2,1,0,0,0.277,Medium,Low_Risk
CUST2033,32,Male,Married,Secondary,Employed,96,146225,11,2,0,0.86,0,0,1,0,0.277,Low,Low_Risk
CUST2161,51,Female,Married,University,Self-employed,85,50487,15,2,0,0.9,1,1,0,0,0.277,Medium,Low_Risk
CUST0812,18,Female,Married,Primary,Employed,88,67434,14,1,0,0.53,1,0,0,0,0.276,Low,Low_Risk
CUST2913,32,Female,Single,University,Employed,75,156669,14,2,1,0.9,1,1,1,0,0.276,Medium,Low_Risk
CUST2229,46,Male,Divorced,Primary,Employed,68,248015,13,3,0,0.79,0,1,1,0,0.276,Medium,Low_Risk
CUST0203,22,Male,Married,University,Employed,59,138115,17,2,0,0.69,0,1,0,0,0.276,Medium,Low_Risk
CUST1934,38,Male,Single,University,Self-employed,87,33210,15,1,0,0.78,0,0,0,0,0.276,Low,Low_Risk
CUST1883,43,Female,Married,Primary,Employed,47,136069,19,1,0,0.85,1,1,0,0,0.276,Medium,Low_Risk
CUST0923,41,Female,Married,Primary,Unemployed,85,2756,16,3,0,0.95,2,0,0,0,0.276,Medium,Low_Risk
CUST0735,38,Male,Married,Secondary,Unemployed,51,239549,16,2,0,0.6,0,1,1,0,0.276,Medium,Low_Risk
CUST2548,36,Female,Married,University,Unemployed,124,117094,7,2,0,0.96,1,1,1,0,0.276,Low,Low_Risk
CUST1512,31,Male,Married,Secondary,Self-employed,70,104853,16,1,1,0.51,2,1,0,0,0.276,Low,Low_Risk
CUST1260,30,Female,Single,Primary,Employed,80,80345,15,2,0,0.74,0,1,1,0,0.276,Medium,Low_Risk
CUST2131,37,Male,Single,Secondary,Employed,42,129782,20,3,0,0.94,2,1,0,0,0.276,Medium,Low_Risk
CUST1194,23,Female,Married,Secondary,Self-employed,74,78922,16,1,1,0.82,0,1,0,0,0.276,Low,Low_Risk
CUST1733,56,Male,Single,University,Employed,88,24649,15,1,0,0.83,1,1,0,0,0.276,Low,Low_Risk
CUST2276,50,Female,Single,Secondary,Employed,41,307549,16,4,0,0.98,1,1,0,0,0.276,Medium,Low_Risk
CUST2536,56,Male,Married,Secondary,Employed,63,69527,18,1,0,0.63,2,0,0,0,0.276,Medium,Low_Risk
CUST2970,18,Male,Single,Secondary,Unemployed,102,57655,12,4,0,0.91,2,0,0,0,0.276,Medium,Low_Risk
CUST0988,21,Female,Single,University,Employed,77,223864,12,2,0,0.78,0,0,1,0,0.275,Low,Low_Risk
CUST2744,22,Female,Married,University,Employed,74,33811,17,3,0,0.7,2,1,1,0,0.275,Medium,Low_Risk
CUST1500,33,Male,Married,Primary,Employed,91,43524,14,4,0,0.66,1,1,0,0,0.275,Medium,Low_Risk
CUST1015,34,Female,Single,Primary,Employed,56,112826,18,2,1,0.8,2,1,0,0,0.275,Medium,Low_Risk
CUST2306,32,Female,Married,,Employed,112,26082,11,3,0,0.84,1,0,1,0,0.275,Medium,Low_Risk
CUST0070,32,Female,Single,Secondary,Self-employed,65,138456,16,1,0,0.5,1,0,1,0,0.275,Low,Low_Risk
CUST1342,59,Female,Married,University,Employed,98,36691,13,4,0,0.7,1,1,0,0,0.275,Medium,Low_Risk
CUST0211,39,Male,Married,Secondary,Self-employed,50,113551,19,3,0,0.82,1,1,0,0,0.275,Medium,Low_Risk
CUST2331,37,Female,Single,Primary,Self-employed,32,235167,19,2,0,0.57,1,1,1,0,0.275,Medium,Low_Risk
CUST1720,33,Female,Single,University,Employed,62,159327,16,4,1,0.68,1,1,1,0,0.275,Medium,Low_Risk
CUST0697,41,Female,Single,Primary,Employed,50,68531,20,2,0,0.72,3,0,1,0,0.275,Medium,Low_Risk
CUST2687,19,Male,Single,Secondary,Unemployed,81,28247,16,2,0,0.61,2,0,0,0,0.275,Medium,Low_Risk
CUST2139,33,Male,Married,University,Employed,79,251263,11,1,0,0.5,3,1,0,0,0.275,Low,Low_Risk
CUST2850,42,Male,Single,Primary,Employed,66,87737,17,3,0,0.91,1,1,0,0,0.275,Medium,Low_Risk
CUST0572,32,Female,Married,University,Self-employed,63,108145,17,2,2,1.0,1,0,1,0,0.275,Medium,Medium_Risk
CUST2885,39,Female,Married,Secondary,Self-employed,84,7002,16,3,0,0.92,3,1,0,0,0.275,Medium,Low_Risk
CUST2155,34,Male,Married,University,Employed,70,17592,18,2,0,0.64,1,0,1,0,0.275,Medium,Low_Risk
CUST2337,23,Male,Divorced,Primary,Employed,35,301899,17,1,0,0.96,0,0,1,0,0.275,Low,Low_Risk
CUST1414,29,Male,Divorced,,Self-employed,86,36944,15,2,0,0.8,2,1,0,0,0.275,Medium,Low_Risk
CUST2928,46,Female,Married,Secondary,Self-employed,74,75193,16,2,0,0.78,1,1,0,0,0.275,Medium,Low_Risk
CUST2733,56,Female,Married,Primary,Employed,54,423536,11,1,0,0.52,1,1,0,0,0.275,Low,Low_Risk
CUST1480,29,Male,Divorced,Primary,Employed,66,258568,13,1,0,0.99,0,1,0,0,0.275,Low,Low_Risk
CUST0104,27,Male,Single,Primary,Employed,32,365779,16,4,1,0.51,0,1,0,0,0.275,Medium,Low_Risk
CUST0619,20,Male,Single,Primary,Self-employed,78,3865,17,1,0,0.92,0,1,1,0,0.275,Low,Low_Risk
CUST0475,27,Male,Married,Secondary,Employed,102,10406,13,2,0,0.95,0,1,0,0,0.275,Medium,Low_Risk
CUST0417,40,Female,Married,,Self-employed,66,88079,17,1,0,0.86,0,1,1,0,0.275,Low,Low_Risk
CUST1992,25,Female,Married,University,Employed,106,65616,11,2,0,0.65,2,1,0,0,0.275,Low,Low_Risk
CUST1982,41,Female,Married,,Employed,61,119660,17,1,0,0.58,0,1,0,0,0.274,Low,Low_Risk
CUST2495,18,Male,Married,University,Employed,114,51852,10,1,0,0.79,3,1,0,0,0.274,Low,Low_Risk
CUST0415,27,Male,Married,University,Employed,35,41986,23,1,0,0.91,1,0,0,0,0.274,Medium,Low_Risk
CUST0077,31,Male,Married,University,Employed,63,104396,17,3,0,0.54,0,1,0,0,0.274,Medium,Low_Risk
CUST2358,59,Female,Divorced,Primary,Employed,61,31385,19,2,0,0.86,0,1,1,0,0.274,Medium,Low_Risk
CUST1344,61,Male,Married,Primary,Employed,79,162468,13,1,0,0.87,0,1,0,0,0.274,Low,Low_Risk
CUST2304,39,Male,Divorced,Primary,Employed,76,15417,17,3,0,0.9,1,1,0,0,0.274,Medium,Low_Risk
CUST0289,38,Male,Single,Primary,Employed,104,119832,10,1,0,0.99,0,1,1,0,0.274,Low,Low_Risk
CUST2890,18,Female,Married,Secondary,Employed,73,76420,16,2,0,0.6,0,1,0,0,0.274,Medium,Low_Risk
CUST2577,41,Male,Married,Primary,Employed,105,283064,6,2,0,0.72,0,0,0,0,0.274,Low,Low_Risk
CUST0492,32,Female,Single,Secondary,Employed,15,773437,9,1,0,0.88,3,1,0,0,0.274,Low,Low_Risk
CUST1425,60,Male,Single,Secondary,Employed,86,30585,15,4,0,0.98,0,1,1,0,0.274,Medium,Low_Risk
CUST2553,43,Male,Single,University,Employed,61,116685,17,1,0,0.63,1,0,0,0,0.274,Low,Low_Risk
CUST0623,26,Female,Single,Primary,Employed,101,55732,12,2,0,0.99,1,1,0,0,0.274,Low,Low_Risk
CUST0134,36,Female,Married,Secondary,Employed,101,96906,11,4,0,0.8,0,1,0,0,0.274,Medium,Low_Risk
CUST0567,33,Male,Married,,Self-employed,51,186187,17,3,0,0.54,0,1,0,0,0.274,Medium,Low_Risk
CUST0420,28,Female,Married,Primary,Unemployed,89,52102,14,3,1,0.76,0,0,0,0,0.274,Medium,Low_Risk
CUST1448,25,Male,Married,University,Employed,85,335885,8,2,0,0.86,0,1,0,0,0.274,Low,Low_Risk
CUST1322,27,Female,Single,Primary,Employed,76,98363,15,2,0,0.63,3,0,0,0,0.274,Medium,Low_Risk
CUST2822,35,Male,Married,University,Employed,28,260721,19,1,0,0.52,0,1,0,0,0.274,Medium,Low_Risk
CUST2888,45,Female,Single,University,Employed,70,263587,12,1,1,0.94,2,1,0,0,0.273,Low,Low_Risk
CUST1914,37,Male,Divorced,Primary,Employed,76,94491,15,3,0,0.76,2,1,0,0,0.273,Medium,Low_Risk
CUST0319,27,Female,Married,University,Employed,69,313721,11,1,1,0.67,1,1,0,0,0.273,Low,Low_Risk
CUST1886,34,Female,Divorced,,Employed,50,232149,16,4,0,0.62,0,1,0,0,0.273,Medium,Low_Risk
CUST1334,50,Female,Single,Secondary,Self-employed,77,3838,17,1,0,0.84,1,1,0,0,0.273,Low,Low_Risk
CUST2784,56,Male,Married,Secondary,Employed,65,87234,17,2,0,0.92,1,1,1,0,0.273,Medium,Low_Risk
CUST0035,53,Male,Married,Secondary,Employed,10,123346,25,1,0,0.59,1,1,0,0,0.273,Medium,Low_Risk
CUST1544,45,Male,Married,University,Self-employed,52,4632,21,2,0,0.89,1,1,0,0,0.273,Medium,Low_Risk
CUST1492,23,Male,Single,Primary,Employed,83,46609,15,2,0,0.64,0,1,0,0,0.273,Medium,Low_Risk
CUST0658,41,Female,Married,Secondary,Employed,107,178846,8,3,0,0.82,1,0,0,0,0.273,Medium,Low_Risk
CUST1612,26,Female,Single,Secondary,Employed,57,98964,18,1,0,0.86,1,1,1,0,0.273,Medium,Low_Risk
CUST0018,33,Female,Single,Secondary,Employed,138,8780,7,3,0,0.58,1,1,1,0,0.273,Low,Low_Risk
CUST1834,30,Male,Single,University,Self-employed,78,210001,12,1,0,0.78,2,0,0,0,0.273,Low,Low_Risk
CUST2502,31,Male,Single,Primary,Self-employed,59,256418,14,2,0,0.86,1,1,1,0,0.273,Medium,Low_Risk
CUST2379,38,Female,Single,Secondary,Employed,88,11956,15,1,0,0.95,2,1,0,0,0.273,Low,Low_Risk
CUST1931,34,Male,Single,University,Employed,105,67169,11,1,0,0.87,0,1,0,0,0.273,Low,Low_Risk
CUST0659,18,Male,Divorced,University,Self-employed,123,198646,5,2,0,0.92,0,1,0,0,0.273,Low,Low_Risk
CUST2590,44,Female,Married,Secondary,Employed,35,164202,20,2,0,0.85,0,1,1,0,0.273,Medium,Low_Risk
CUST0534,18,Female,Married,Secondary,Employed,101,52486,12,2,0,0.55,2,1,0,0,0.273,Low,Low_Risk
CUST1518,43,Male,Single,,Employed,43,154724,19,3,0,0.68,0,1,1,0,0.273,Medium,Low_Risk
CUST0264,44,Female,Married,Secondary,Employed,114,5300,11,1,0,0.98,1,1,0,0,0.273,Low,Low_Risk
CUST0547,34,Male,Married,,Unemployed,52,301534,14,3,0,0.58,2,0,0,0,0.273,Medium,Low_Risk
CUST1927,43,Female,Divorced,Secondary,Employed,50,102141,19,2,1,0.59,2,0,1,0,0.272,Medium,Low_Risk
CUST0956,53,Female,Married,Secondary,Self-employed,92,108295,12,2,0,0.64,1,0,1,0,0.272,Low,Low_Risk
CUST1233,32,Male,Single,,Self-employed,16,378774,18,2,1,0.77,1,1,0,0,0.272,Medium,Low_Risk
CUST0830,40,Male,Married,Primary,Employed,87,57957,14,3,0,0.6,2,0,0,0,0.272,Medium,Low_Risk
CUST2514,35,Female,Married,University,Employed,45,5490,22,1,0,0.8,0,1,1,0,0.272,Medium,Low_Risk
CUST0289,44,Female,Married,Primary,Employed,46,253952,16,4,1,0.77,1,0,0,0,0.272,Medium,Low_Risk
CUST2195,35,Female,Single,Secondary,Employed,60,76002,18,1,0,0.66,0,1,0,0,0.272,Medium,Low_Risk
CUST1065,37,Male,Married,Primary,Employed,75,13681,17,1,0,0.69,0,1,1,0,0.272,Low,Low_Risk
CUST1129,18,Male,Married,Secondary,Employed,83,42487,15,4,0,0.6,1,0,0,0,0.272,Medium,Low_Risk
CUST0357,18,Female,Married,Primary,Employed,82,91429,14,1,0,0.91,3,1,1,0,0.272,Low,Low_Risk
CUST0675,22,Female,Single,Secondary,Unemployed,126,3909,9,3,0,0.9,2,1,0,0,0.272,Medium,Low_Risk
CUST2890,37,Female,Single,Secondary,Employed,84,122842,13,1,1,0.9,2,1,0,0,0.272,Low,Low_Risk
CUST1294,50,Female,Married,Secondary,Employed,44,186200,18,1,1,0.9,0,1,1,0,0.272,Medium,Low_Risk
CUST1205,36,Male,Married,,Employed,80,190054,12,1,0,0.64,1,1,0,0,0.272,Low,Low_Risk
CUST1898,41,Male,Married,,Employed,119,94164,8,2,0,0.76,1,1,1,0,0.272,Low,Low_Risk
CUST1967,28,Female,Married,Primary,Unemployed,39,6471,23,1,0,0.82,0,1,1,0,0.272,Medium,Low_Risk
CUST1655,52,Female,Married,Primary,Self-employed,86,108207,13,3,0,0.99,2,0,0,0,0.272,Medium,Low_Risk
CUST1685,41,Male,Married,Secondary,Employed,74,62420,16,3,0,0.83,1,0,0,0,0.272,Medium,Low_Risk
CUST0156,37,Female,Single,Primary,Unemployed,5,536125,16,4,0,0.58,1,1,1,0,0.272,Medium,Low_Risk
CUST2463,40,Female,Married,Primary,Self-employed,91,115091,12,1,0,0.69,0,1,0,0,0.272,Low,Low_Risk
CUST1012,42,Female,Married,,Employed,5,539168,16,2,1,0.91,0,1,0,0,0.272,Medium,Low_Risk
CUST1802,26,Male,Single,,Self-employed,40,255511,17,2,0,0.65,0,1,0,0,0.272,Medium,Low_Risk
CUST1775,31,Male,Married,,Employed,64,4267,19,3,0,0.86,1,0,0,0,0.272,Medium,Low_Risk
CUST2401,35,Female,Married,Primary,Self-employed,50,314416,14,4,0,0.88,1,1,0,0,0.272,Medium,Low_Risk
CUST2880,36,Female,Married,University,Unemployed,64,173019,15,1,0,0.87,0,1,1,0,0.272,Low,Low_Risk
CUST0439,38,Female,Married,Primary,Employed,73,28448,17,3,0,0.55,0,1,0,0,0.272,Medium,Low_Risk
CUST0259,29,Female,Married,Primary,Self-employed,62,61444,18,2,0,0.64,0,1,0,0,0.272,Medium,Low_Risk
CUST2421,46,Male,Divorced,Secondary,Employed,118,56193,9,1,0,0.79,2,0,1,0,0.272,Low,Low_Risk
CUST1679,56,Male,Single,,Unemployed,47,292115,15,2,1,0.8,2,1,1,0,0.272,Medium,Low_Risk
CUST1749,50,Male,Married,University,Self-employed,99,17230,13,1,0,0.6,0,1,1,0,0.272,Low,Low_Risk
CUST0680,25,Female,Single,Secondary,Self-employed,96,37239,13,1,0,0.65,0,1,0,0,0.272,Low,Low_Risk
CUST2479,38,Male,Married,Secondary,Employed,67,111954,16,3,1,0.72,0,1,0,0,0.272,Medium,Low_Risk
CUST0558,31,Male,Single,Secondary,Employed,70,176170,14,1,0,0.76,3,0,1,0,0.272,Low,Low_Risk
CUST2168,36,Male,Married,Primary,Employed,47,120478,19,3,0,0.66,1,0,0,0,0.272,Medium,Low_Risk
CUST2571,23,Female,Single,,Employed,82,88708,14,1,0,0.79,3,1,0,0,0.271,Low,Low_Risk
CUST2088,41,Female,Married,Secondary,Employed,67,193740,14,2,0,0.96,0,1,0,0,0.271,Medium,Low_Risk
CUST0870,60,Female,Single,Primary,Employed,50,180753,17,2,0,0.91,1,0,1,0,0.271,Medium,Low_Risk
CUST0079,29,Male,Married,Primary,Employed,71,35725,17,2,0,0.91,1,1,1,0,0.271,Medium,Low_Risk
CUST1490,32,Male,Single,Primary,Employed,100,94161,11,1,1,0.67,0,1,0,0,0.271,Low,Low_Risk
CUST1884,35,Male,Single,,Employed,75,9743,17,2,0,1.0,1,1,0,0,0.271,Medium,Low_Risk
CUST0981,48,Male,Married,Primary,Employed,74,314734,10,1,0,0.93,1,1,0,0,0.271,Low,Low_Risk
CUST1950,35,Female,Single,University,Self-employed,51,46452,20,2,0,0.64,0,1,0,0,0.271,Medium,Low_Risk
CUST2958,28,Male,Married,Secondary,Employed,67,65586,17,1,0,0.88,0,1,1,0,0.271,Low,Low_Risk
CUST2572,28,Male,Married,Secondary,Employed,56,56490,19,1,0,0.67,2,1,0,0,0.271,Medium,Low_Risk
CUST0461,22,Male,Married,Secondary,Unemployed,95,885,14,2,0,0.71,4,1,1,0,0.271,Medium,Low_Risk
CUST1708,40,Male,Single,University,Unemployed,93,96538,12,2,0,0.78,0,1,0,0,0.271,Low,Low_Risk
CUST1962,36,Male,Married,Primary,Employed,94,6683,14,2,0,0.56,1,0,1,0,0.271,Medium,Low_Risk
CUST1645,54,Male,Married,Secondary,Employed,103,30773,12,2,0,0.83,1,1,0,0,0.271,Low,Low_Risk
CUST0807,37,Male,Married,Primary,Employed,84,115493,13,1,0,0.54,0,0,0,0,0.271,Low,Low_Risk
CUST0276,40,Female,Single,University,Self-employed,106,135221,9,3,0,0.94,1,0,0,0,0.271,Medium,Low_Risk
CUST0381,39,Male,Single,University,Self-employed,78,30326,16,2,0,0.5,1,1,0,0,0.271,Medium,Low_Risk
CUST0909,42,Female,Divorced,Primary,Self-employed,45,216059,17,2,0,0.53,2,1,0,0,0.271,Medium,Low_Risk
CUST1578,42,Male,Married,Primary,Unemployed,76,170815,13,2,0,0.87,2,0,0,0,0.271,Medium,Low_Risk
CUST2865,22,Male,Single,Secondary,Unemployed,48,24216,21,2,0,0.58,0,1,0,0,0.271,Medium,Low_Risk
CUST2671,24,Male,Single,Primary,Employed,75,50718,16,3,0,0.94,3,1,0,0,0.271,Medium,Low_Risk
CUST2274,46,Female,Married,Secondary,Employed,93,98794,12,2,0,0.51,2,1,0,0,0.271,Low,Low_Risk
CUST0632,27,Male,Married,Primary,Employed,58,210952,15,3,0,0.58,1,1,0,0,0.271,Medium,Low_Risk
CUST0279,27,Female,Single,Primary,Employed,37,355883,15,4,0,0.51,3,1,1,0,0.271,Medium,Low_Risk
CUST1899,28,Male,Married,Secondary,Employed,106,5106,12,3,0,0.71,1,1,0,0,0.27,Medium,Low_Risk
CUST1606,35,Male,Single,Primary,Employed,50,390676,12,4,0,0.83,1,0,1,0,0.27,Medium,Low_Risk
CUST0548,43,Male,Married,Primary,Employed,99,51646,12,2,0,0.89,0,1,0,0,0.27,Low,Low_Risk
CUST0040,20,Female,Married,Primary,Employed,68,139846,15,1,0,0.69,1,1,0,0,0.27,Low,Low_Risk
CUST2590,52,Female,Married,Secondary,Employed,80,54579,15,1,0,0.86,1,1,0,0,0.27,Low,Low_Risk
CUST2122,48,Male,Single,Secondary,Employed,125,86728,7,1,0,0.82,1,0,0,0,0.27,Low,Low_Risk
CUST0341,47,Male,Single,Secondary,Employed,98,15237,13,1,0,0.61,1,1,0,0,0.27,Low,Low_Risk
CUST1389,37,Female,Single,,Self-employed,84,69857,14,1,1,0.79,0,1,0,0,0.27,Low,Low_Risk
CUST1250,33,Male,Single,University,Employed,93,134516,11,3,0,0.63,0,0,0,0,0.27,Medium,Low_Risk
CUST1071,43,Female,Single,Primary,Unemployed,68,52512,17,2,0,0.86,1,1,0,0,0.27,Medium,Low_Risk
CUST2437,21,Female,Married,Primary,Self-employed,44,175084,18,1,0,0.59,1,1,0,0,0.27,Medium,Low_Risk
CUST2709,41,Male,Married,,Employed,104,104478,10,1,0,0.78,1,0,1,0,0.27,Low,Low_Risk
CUST0185,25,Male,Married,Secondary,Employed,45,42863,21,1,0,0.89,2,0,0,0,0.27,Medium,Low_Risk
CUST1846,38,Female,Married,University,Employed,75,131289,14,2,0,0.55,0,1,1,0,0.27,Medium,Low_Risk
CUST2170,43,Male,Married,Secondary,Employed,78,113646,14,1,2,0.8,1,1,1,0,0.27,Low,Medium_Risk
CUST1829,21,Male,Married,University,Employed,86,56273,14,3,0,0.56,2,1,1,0,0.27,Medium,Low_Risk
CUST2022,32,Female,Married,Secondary,Employed,29,151969,21,3,0,0.66,2,0,1,0,0.27,Medium,Low_Risk
CUST0873,34,Male,Married,Secondary,Self-employed,77,31928,16,1,0,0.88,0,1,1,0,0.27,Low,Low_Risk
CUST1002,23,Male,Single,Secondary,Employed,49,97746,19,2,1,0.75,0,1,0,0,0.27,Medium,Low_Risk
CUST2838,36,Female,Married,Primary,Employed,95,207388,9,1,0,0.67,2,1,1,0,0.27,Low,Low_Risk
CUST0117,42,Male,Married,University,Employed,42,274909,16,2,0,0.51,2,0,1,0,0.27,Medium,Low_Risk
CUST0397,32,Male,Married,,Employed,64,166660,15,2,1,0.75,0,1,0,0,0.27,Medium,Low_Risk
CUST2682,20,Female,Married,Secondary,Self-employed,93,8571,14,2,1,0.83,2,1,1,0,0.27,Medium,Low_Risk
CUST1492,43,Female,Married,,Employed,75,214081,12,3,0,0.98,3,1,1,0,0.269,Medium,Low_Risk
CUST0250,45,Male,Single,Secondary,Self-employed,83,29355,15,1,0,0.81,1,1,0,0,0.269,Low,Low_Risk
CUST1752,41,Male,Divorced,University,Self-employed,37,434854,13,3,0,0.71,1,1,0,0,0.269,Medium,Low_Risk
CUST0165,33,Female,Single,Secondary,Employed,53,151700,17,1,1,0.56,0,1,0,0,0.269,Low,Low_Risk
CUST0707,48,Male,Married,University,Self-employed,60,146557,16,2,0,0.81,0,1,0,0,0.269,Medium,Low_Risk
CUST0805,35,Male,Married,,Self-employed,79,16968,16,3,0,0.74,2,1,1,0,0.269,Medium,Low_Risk
CUST0063,48,Male,Divorced,Secondary,Employed,69,1697,18,3,0,0.68,1,0,0,0,0.269,Medium,Low_Risk
CUST2407,31,Female,Single,Primary,Employed,43,178808,18,2,0,0.5,0,1,0,0,0.269,Medium,Low_Risk
CUST0342,22,Male,Single,Primary,Self-employed,90,68563,13,1,0,0.62,1,1,0,0,0.269,Low,Low_Risk
CUST0316,30,Male,Divorced,Primary,Self-employed,25,474770,14,1,1,0.67,1,1,0,0,0.269,Low,Low_Risk
CUST2977,29,Female,Single,Primary,Employed,144,37311,5,1,0,0.84,0,1,0,0,0.269,Low,Low_Risk
CUST1405,45,Female,Single,Secondary,Employed,86,11934,15,1,0,0.75,0,1,0,0,0.269,Low,Low_Risk
CUST1821,47,Male,Married,University,Employed,96,28247,13,2,0,0.87,3,0,0,0,0.269,Medium,Low_Risk
CUST2110,26,Female,Married,Secondary,Employed,35,105619,21,2,0,0.74,1,1,0,0,0.269,Medium,Low_Risk
CUST0016,36,Female,Divorced,Secondary,Employed,112,84434,9,2,0,0.81,1,0,0,0,0.269,Low,Low_Risk
CUST0980,41,Male,Married,Primary,Employed,111,10176,11,3,0,0.76,0,1,0,0,0.269,Medium,Low_Risk
CUST2912,23,Female,Single,University,Employed,53,109038,18,1,0,0.88,2,1,0,0,0.269,Medium,Low_Risk
CUST0217,46,Male,Single,,Employed,108,115719,9,2,0,0.93,0,1,1,0,0.269,Low,Low_Risk
CUST2727,39,Female,Married,Primary,Employed,85,143811,12,2,0,0.63,1,0,0,0,0.269,Low,Low_Risk
CUST0602,35,Female,Married,University,Self-employed,65,69073,17,1,0,0.78,2,1,0,0,0.269,Low,Low_Risk
CUST1864,43,Female,Divorced,Secondary,Unemployed,90,22458,14,3,0,0.61,2,1,0,0,0.268,Medium,Low_Risk
CUST2674,30,Female,Single,University,Self-employed,94,79254,12,4,1,0.88,0,0,1,0,0.268,Medium,Low_Risk
CUST0958,27,Male,Married,Secondary,Unemployed,43,218018,17,1,0,0.89,3,1,0,0,0.268,Low,Low_Risk
CUST0610,35,Female,Married,University,Employed,78,400827,7,1,0,0.66,2,1,0,0,0.268,Low,Low_Risk
CUST1582,38,Male,Single,Secondary,Employed,91,14863,14,2,0,0.53,1,0,1,0,0.268,Medium,Low_Risk
CUST2963,53,Male,Single,Primary,Employed,110,54490,10,1,0,0.62,1,0,0,0,0.268,Low,Low_Risk
CUST0993,44,Male,Married,Secondary,Unemployed,75,80291,15,4,0,0.82,0,1,0,0,0.268,Medium,Low_Risk
CUST2713,40,Female,Divorced,,Self-employed,46,110344,19,2,0,0.72,0,0,0,0,0.268,Medium,Low_Risk
CUST1775,21,Male,Single,University,Employed,44,210935,17,3,0,0.56,0,1,0,0,0.268,Medium,Low_Risk
CUST2013,43,Male,Married,Secondary,Employed,103,102309,10,1,0,0.91,1,0,1,0,0.268,Low,Low_Risk
CUST0155,30,Male,Married,Secondary,Employed,43,174507,18,2,0,0.89,1,0,0,0,0.268,Medium,Low_Risk
CUST0418,48,Female,Single,Primary,Self-employed,74,2450,17,3,0,0.7,0,1,0,0,0.268,Medium,Low_Risk
CUST0122,37,Male,Married,Primary,Unemployed,61,7153,19,4,0,0.97,2,0,0,0,0.268,High,Low_Risk
CUST1002,18,Female,Single,University,Self-employed,80,48490,15,4,0,0.81,0,1,0,0,0.268,Medium,Low_Risk
CUST1706,35,Male,Married,,Employed,84,18949,15,4,0,0.75,0,1,0,0,0.268,Medium,Low_Risk
CUST2132,36,Male,Single,Secondary,Unemployed,74,88440,15,2,0,0.91,1,1,1,0,0.268,Medium,Low_Risk
CUST2661,28,Female,Married,Primary,Employed,99,128622,10,2,0,0.84,1,0,0,0,0.268,Low,Low_Risk
CUST1560,32,Female,Divorced,Secondary,Employed,89,27849,14,2,0,0.5,2,1,0,0,0.268,Medium,Low_Risk
CUST0725,19,Female,Married,Primary,Employed,55,90430,18,2,0,0.65,1,0,1,0,0.268,Medium,Low_Risk
CUST0818,41,Male,Single,Primary,Employed,48,138721,18,1,0,0.81,1,0,0,0,0.268,Medium,Low_Risk
CUST1606,26,Female,Single,Secondary,Employed,27,157577,21,2,0,0.83,3,0,0,0,0.268,Medium,Low_Risk
CUST2869,51,Female,Married,Secondary,Self-employed,89,70083,13,2,0,0.79,0,0,0,0,0.268,Medium,Low_Risk
CUST0072,30,Male,Married,Secondary,Employed,49,347470,13,2,0,0.6,1,1,0,0,0.268,Medium,Low_Risk
CUST2515,24,Female,Divorced,,Unemployed,19,256840,20,4,0,0.98,0,0,0,0,0.268,High,Low_Risk
CUST0615,41,Female,Married,Secondary,Self-employed,63,80093,17,1,0,0.84,2,1,1,0,0.268,Low,Low_Risk
CUST0301,23,Male,Single,Secondary,Employed,96,21156,13,3,1,0.94,0,1,0,0,0.268,Medium,Low_Risk
CUST1903,43,Female,Single,University,Employed,49,44153,20,2,0,0.61,1,1,1,0,0.267,Medium,Low_Risk
CUST2074,28,Female,Single,Secondary,Employed,26,161752,21,2,0,0.75,2,0,0,0,0.267,Medium,Low_Risk
CUST0666,19,Female,Married,Secondary,Employed,93,80165,12,1,0,0.67,1,1,0,0,0.267,Low,Low_Risk
CUST2510,42,Female,Married,University,Employed,85,50179,14,2,0,0.9,1,1,0,0,0.267,Medium,Low_Risk
CUST0331,41,Female,Single,Primary,Self-employed,52,24651,20,2,1,0.69,1,0,1,0,0.267,Medium,Low_Risk
CUST1086,19,Female,Married,Secondary,Self-employed,80,500,16,2,0,0.68,1,1,0,0,0.267,Medium,Low_Risk
CUST0306,38,Male,Single,Primary,Employed,59,145717,16,2,0,0.59,0,1,1,0,0.267,Medium,Low_Risk
CUST0686,29,Female,Married,Secondary,Employed,91,11331,14,3,2,0.53,2,1,0,0,0.267,Medium,Medium_Risk
CUST1721,31,Male,Married,Secondary,Employed,47,57357,20,1,1,0.62,2,1,0,0,0.267,Medium,Low_Risk
CUST1573,32,Male,Married,Secondary,Unemployed,85,94509,13,2,0,0.82,3,0,1,0,0.267,Medium,Low_Risk
CUST1264,59,Male,Married,,Employed,72,437983,7,1,0,0.54,0,1,0,0,0.267,Low,Low_Risk
CUST0122,33,Male,Single,Primary,Self-employed,89,23928,14,1,0,0.7,3,1,0,0,0.267,Low,Low_Risk
CUST1119,19,Male,Married,Secondary,Employed,76,72895,15,3,0,0.69,1,1,0,0,0.267,Medium,Low_Risk
CUST2432,31,Female,Married,Primary,Self-employed,53,484233,9,1,0,0.59,2,0,1,0,0.267,Low,Low_Risk
CUST1661,42,Female,Married,Secondary,Employed,97,137316,10,3,0,0.87,0,1,1,0,0.267,Medium,Low_Risk
CUST2080,43,Male,Single,Primary,Employed,81,119823,13,2,0,0.6,1,1,1,0,0.267,Medium,Low_Risk
CUST1171,42,Male,Married,Secondary,Employed,80,623,16,1,0,0.96,0,1,1,0,0.267,Low,Low_Risk
CUST2497,35,Female,Single,Secondary,Employed,79,49562,15,2,0,0.65,2,1,0,0,0.267,Medium,Low_Risk
CUST1503,47,Female,Married,University,Self-employed,112,35028,10,3,0,0.97,0,1,1,0,0.267,Medium,Low_Risk
CUST1556,29,Male,Single,Primary,Employed,35,267095,17,1,0,0.86,1,1,0,0,0.267,Low,Low_Risk
CUST0791,39,Male,Single,Secondary,Employed,71,189727,13,1,0,0.69,0,1,0,0,0.267,Low,Low_Risk
CUST1378,35,Female,Married,,Employed,23,394301,16,3,0,0.82,2,0,0,0,0.267,Medium,Low_Risk
CUST1512,37,Female,Married,Primary,Self-employed,65,273471,12,3,0,0.58,1,0,0,0,0.267,Medium,Low_Risk
CUST2070,32,Male,Single,University,Self-employed,46,403239,12,4,0,0.62,1,1,0,0,0.267,Medium,Low_Risk
CUST0905,46,Female,Married,University,Unemployed,80,40881,15,1,0,0.59,0,1,0,0,0.266,Low,Low_Risk
CUST1788,41,Female,Married,Secondary,Employed,70,235051,12,1,0,0.79,2,0,0,0,0.266,Low,Low_Risk
CUST1784,27,Female,Married,Primary,Employed,15,188470,22,1,0,0.85,1,1,0,0,0.266,Medium,Low_Risk
CUST1458,21,Female,Married,Secondary,Self-employed,102,59059,11,2,0,0.58,4,1,0,0,0.266,Low,Low_Risk
CUST2595,36,Female,Single,Secondary,Employed,89,60513,13,1,0,0.84,1,1,0,0,0.266,Low,Low_Risk
CUST2991,44,Female,Single,Primary,Self-employed,146,9849,5,3,0,0.84,1,1,0,0,0.266,Low,Low_Risk
CUST1283,50,Female,Married,Primary,Employed,28,441204,14,1,1,0.59,1,0,0,0,0.266,Low,Low_Risk
CUST0572,39,Male,Single,,Self-employed,23,305840,18,1,0,0.55,1,1,1,0,0.266,Medium,Low_Risk
CUST2288,26,Male,Single,University,Employed,32,113026,21,1,0,0.66,0,0,0,0,0.266,Medium,Low_Risk
CUST0948,26,Female,Married,Primary,Employed,31,632634,9,3,0,0.73,0,1,0,0,0.266,Medium,Low_Risk
CUST0004,32,Female,Married,University,Employed,54,218833,15,3,0,0.63,0,0,0,0,0.266,Medium,Low_Risk
CUST0380,42,Male,Single,Primary,Employed,67,43520,17,1,0,0.83,0,0,1,0,0.266,Low,Low_Risk
CUST0437,40,Male,Divorced,Secondary,Employed,94,112194,11,3,0,0.84,1,1,0,0,0.266,Medium,Low_Risk
CUST0055,39,Male,Married,Secondary,Employed,94,28068,13,4,0,0.79,2,1,0,0,0.266,Medium,Low_Risk
CUST1803,32,Male,Single,University,Employed,61,127192,16,2,0,0.66,1,1,1,0,0.266,Medium,Low_Risk
CUST1704,53,Male,Married,Primary,Employed,87,32307,14,3,1,0.95,1,1,0,0,0.266,Medium,Low_Risk
CUST2171,55,Male,Married,Secondary,Unemployed,21,274446,19,3,0,0.94,0,0,0,0,0.266,Medium,Low_Risk
CUST0246,44,Male,Divorced,Secondary,Self-employed,70,64959,16,3,1,0.71,0,1,0,0,0.266,Medium,Low_Risk
CUST0857,39,Male,Single,University,Employed,97,7850,13,2,1,0.9,0,1,0,0,0.266,Medium,Low_Risk
CUST0196,24,Female,Married,,Unemployed,68,333134,10,3,0,0.74,2,0,1,0,0.266,Medium,Low_Risk
CUST2511,45,Male,Single,University,Employed,88,24533,14,1,0,0.89,2,1,0,0,0.265,Low,Low_Risk
CUST1143,49,Male,Single,University,Self-employed,116,84264,8,1,0,0.69,0,1,0,0,0.265,Low,Low_Risk
CUST0754,35,Male,Married,,Employed,45,192702,17,3,0,0.9,0,1,1,0,0.265,Medium,Low_Risk
CUST1553,42,Female,Married,Primary,Self-employed,51,105426,18,1,0,0.58,2,0,1,0,0.265,Medium,Low_Risk
CUST1371,37,Female,Married,Primary,Employed,67,41056,17,1,0,0.96,1,0,0,0,0.265,Low,Low_Risk
CUST2908,28,Male,Single,Secondary,Unemployed,55,80815,18,1,0,0.81,2,1,1,0,0.265,Medium,Low_Risk
CUST0386,33,Female,Married,Secondary,Employed,64,189222,14,2,0,0.53,1,1,0,0,0.265,Medium,Low_Risk
CUST1522,26,Female,Divorced,Secondary,Employed,109,48738,10,2,0,0.6,0,1,1,0,0.265,Low,Low_Risk
CUST0490,36,Female,Married,Secondary,Employed,57,406865,10,2,0,0.71,3,1,1,0,0.265,Low,Low_Risk
CUST0327,43,Male,Married,University,Self-employed,26,65229,23,1,0,0.53,1,1,0,0,0.265,Medium,Low_Risk
CUST2789,51,Male,Single,Secondary,Unemployed,58,101894,17,1,1,0.74,1,0,1,0,0.265,Low,Low_Risk
CUST0918,46,Female,Single,Secondary,Employed,72,48079,16,4,0,0.96,1,1,1,0,0.265,Medium,Low_Risk
CUST1605,45,Female,Single,Secondary,Employed,91,500,14,2,0,0.68,0,1,0,0,0.265,Medium,Low_Risk
CUST0175,44,Female,Married,,Employed,97,46832,12,1,0,0.72,0,1,1,0,0.265,Low,Low_Risk
CUST0780,44,Male,Single,Primary,Employed,121,8640,9,3,0,0.72,0,1,0,0,0.265,Medium,Low_Risk
CUST0100,41,Female,Divorced,Primary,Employed,55,80689,18,1,1,0.9,0,0,0,0,0.265,Medium,Low_Risk
CUST2786,28,Male,Married,Secondary,Employed,76,62944,15,3,1,0.58,1,0,0,0,0.265,Medium,Low_Risk
CUST0364,47,Male,Single,Secondary,Employed,157,14239,3,3,1,0.71,3,1,0,0,0.265,Low,Medium_Risk
CUST1374,38,Male,Single,Secondary,Employed,103,6067,12,3,1,0.65,3,1,1,0,0.265,Medium,Medium_Risk
CUST1893,40,Female,Married,University,Self-employed,76,105056,14,3,0,0.85,1,1,1,0,0.265,Medium,Low_Risk
CUST0345,41,Male,Single,Primary,Unemployed,108,98453,9,1,0,0.69,0,1,1,0,0.265,Low,Low_Risk
CUST0923,31,Male,Married,,Self-employed,95,59611,12,3,0,0.93,2,0,0,0,0.265,Medium,Low_Risk
CUST2915,32,Female,Married,University,Employed,103,175517,8,3,0,0.68,1,1,1,0,0.265,Medium,Low_Risk
CUST0254,42,Female,Married,Primary,Employed,134,2971,7,4,0,0.53,0,1,1,0,0.265,Medium,Low_Risk
CUST1755,49,Male,Single,Secondary,Employed,82,20440,15,2,0,0.87,1,1,0,0,0.265,Medium,Low_Risk
CUST2248,31,Female,Single,Primary,Employed,107,14231,11,3,0,0.91,0,0,0,0,0.264,Medium,Low_Risk
CUST2495,48,Female,Single,Primary,Employed,114,11591,10,2,0,0.57,3,1,0,0,0.264,Low,Low_Risk
CUST1230,54,Male,Single,,Employed,73,165670,13,4,0,0.73,0,0,0,0,0.264,Medium,Low_Risk
CUST2887,23,Female,Married,Secondary,Employed,108,49313,10,1,0,0.81,1,0,0,0,0.264,Low,Low_Risk
CUST1632,26,Male,Divorced,Primary,Unemployed,30,76813,22,2,1,0.93,1,1,0,0,0.264,Medium,Low_Risk
CUST2619,25,Male,Married,Primary,Employed,31,455440,13,1,0,0.86,3,1,0,0,0.264,Low,Low_Risk
CUST2590,21,Female,Single,Primary,Self-employed,49,245209,15,3,1,0.88,1,0,0,0,0.264,Medium,Low_Risk
CUST1553,30,Female,Single,University,Unemployed,70,55863,16,2,0,0.71,1,1,1,0,0.264,Medium,Low_Risk
CUST1873,24,Male,Divorced,Primary,Employed,28,177643,20,1,1,0.6,2,1,0,0,0.264,Medium,Low_Risk
CUST0671,34,Male,Single,Primary,Employed,50,108531,18,1,0,0.6,1,1,1,0,0.264,Medium,Low_Risk
CUST1612,40,Female,Single,Secondary,Employed,96,6408,13,1,0,0.66,1,1,0,0,0.264,Low,Low_Risk
CUST1005,45,Male,Single,University,Employed,86,33365,14,1,0,0.59,0,1,0,0,0.264,Low,Low_Risk
CUST1935,37,Male,Single,Secondary,Employed,24,35850,24,3,0,0.7,0,1,1,0,0.264,High,Low_Risk
CUST1341,45,Female,Single,Secondary,Employed,51,188755,16,2,0,0.99,0,1,0,0,0.264,Medium,Low_Risk
CUST1170,23,Female,Married,Primary,Self-employed,52,139405,17,2,0,0.9,0,0,0,0,0.264,Medium,Low_Risk
CUST1095,18,Female,Single,Primary,Self-employed,57,188199,15,4,0,0.51,1,1,0,0,0.264,Medium,Low_Risk
CUST0794,39,Male,Single,,Employed,84,5334,15,2,0,0.79,1,1,0,0,0.264,Medium,Low_Risk
CUST0284,44,Female,Single,Secondary,Unemployed,45,102674,19,3,0,0.65,2,1,0,0,0.264,Medium,Low_Risk
CUST0342,45,Male,Single,Primary,Employed,56,110662,17,3,0,0.85,0,0,1,0,0.264,Medium,Low_Risk
CUST2955,45,Female,Single,University,Employed,34,306415,16,3,0,0.81,5,1,0,0,0.264,Medium,Medium_Risk
CUST1237,32,Female,Married,Secondary,Self-employed,47,215528,16,1,1,0.59,0,1,0,0,0.264,Low,Low_Risk
CUST2847,38,Female,Married,Primary,Employed,99,26227,12,3,1,0.78,0,0,0,0,0.264,Medium,Low_Risk
CUST0311,39,Male,Single,Primary,Employed,55,113820,17,2,0,0.55,1,1,0,0,0.263,Medium,Low_Risk
CUST2146,31,Female,Single,Primary,Employed,57,141791,16,3,0,0.78,1,1,0,0,0.263,Medium,Low_Risk
CUST1657,52,Female,Married,Primary,Self-employed,54,36096,19,2,0,0.66,2,1,0,0,0.263,Medium,Low_Risk
CUST2678,53,Female,Single,Secondary,Self-employed,70,10991,17,1,0,0.88,3,1,0,0,0.263,Low,Low_Risk
CUST0162,39,Female,Single,Primary,Self-employed,61,31379,18,1,1,0.54,1,1,0,0,0.263,Medium,Low_Risk
CUST1468,27,Male,Married,University,Unemployed,78,167940,12,2,0,0.78,0,1,0,0,0.263,Low,Low_Risk
CUST1014,36,Female,Married,Secondary,Employed,70,54232,16,1,1,0.88,1,0,0,0,0.263,Low,Low_Risk
CUST0590,18,Male,Single,University,Employed,86,70247,13,1,0,0.71,0,1,0,0,0.263,Low,Low_Risk
CUST0923,26,Male,Single,University,Unemployed,86,71475,13,1,1,0.75,3,1,0,0,0.263,Low,Medium_Risk
CUST0790,25,Male,Married,University,Self-employed,64,7975,18,3,1,0.89,1,1,0,0,0.263,Medium,Low_Risk
CUST1002,32,Male,Married,Primary,Employed,124,22677,8,2,0,0.77,2,1,0,0,0.263,Low,Low_Risk
CUST2158,46,Female,Married,Secondary,Employed,58,136925,16,1,0,0.65,1,1,1,0,0.263,Low,Low_Risk
CUST0434,46,Male,Married,Secondary,Employed,62,24734,18,2,0,0.96,1,1,1,0,0.263,Medium,Low_Risk
CUST2890,40,Male,Single,Primary,Self-employed,84,41993,14,1,0,0.96,2,1,0,0,0.263,Low,Low_Risk
CUST0723,22,Male,Single,Secondary,Employed,101,53055,11,1,0,0.66,0,1,0,0,0.263,Low,Low_Risk
CUST2939,51,Male,Single,University,Employed,73,204584,12,2,0,0.85,0,0,1,0,0.263,Low,Low_Risk
CUST1513,34,Male,Divorced,University,Employed,66,123355,15,1,0,0.57,1,1,1,0,0.263,Low,Low_Risk
CUST1251,43,Male,Divorced,Primary,Employed,20,313460,18,1,0,0.51,0,1,0,0,0.263,Medium,Low_Risk
CUST2500,38,Female,Married,,Employed,64,93998,16,3,0,0.64,1,0,1,0,0.263,Medium,Low_Risk
CUST1751,40,Male,Married,,Employed,80,155556,12,2,0,0.69,0,0,0,0,0.263,Low,Low_Risk
CUST0242,25,Female,Married,Secondary,Self-employed,83,49315,14,2,2,0.62,0,0,0,0,0.263,Medium,Low_Risk
CUST0373,52,Male,Married,Primary,Employed,63,187755,14,2,0,0.89,0,0,0,0,0.263,Medium,Low_Risk
CUST2726,44,Male,Married,University,Employed,87,150800,11,1,0,0.89,0,1,1,0,0.263,Low,Low_Risk
CUST1763,41,Male,Single,,Employed,50,19631,20,3,0,0.88,0,1,0,0,0.263,Medium,Low_Risk
CUST1866,44,Female,Married,Secondary,Self-employed,89,8520,14,4,0,0.97,0,1,1,0,0.263,Medium,Low_Risk
CUST2984,23,Female,Single,Secondary,Employed,109,38801,10,3,0,0.86,1,1,0,0,0.263,Medium,Low_Risk
CUST1121,19,Male,Married,Secondary,Employed,64,136637,15,1,0,0.54,1,0,0,0,0.263,Low,Low_Risk
CUST1922,18,Female,Single,University,Employed,43,26759,21,2,0,0.87,0,1,0,0,0.263,Medium,Low_Risk
CUST1562,47,Male,Married,Primary,Self-employed,41,169215,18,3,0,0.99,1,1,0,0,0.263,Medium,Low_Risk
CUST0757,20,Male,Married,Secondary,Self-employed,93,61933,12,2,0,0.64,1,1,1,0,0.262,Low,Low_Risk
CUST2337,18,Male,Married,University,Employed,72,35327,16,4,0,0.5,0,1,0,0,0.262,Medium,Low_Risk
CUST0860,34,Female,Married,Secondary,Self-employed,40,129865,19,2,0,0.66,1,0,1,0,0.262,Medium,Low_Risk
CUST1004,41,Male,Divorced,Secondary,Self-employed,93,101543,11,2,0,0.72,0,1,0,0,0.262,Low,Low_Risk
CUST0132,25,Male,Married,Primary,Self-employed,32,228013,18,1,1,0.76,0,1,0,0,0.262,Medium,Low_Risk
CUST0132,41,Male,Single,Secondary,Employed,47,122028,18,1,1,0.65,0,1,0,0,0.262,Medium,Low_Risk
CUST2741,25,Female,Married,University,Employed,65,128177,15,2,1,0.88,4,1,0,0,0.262,Medium,Medium_Risk
CUST2495,25,Female,Divorced,Primary,Employed,91,75748,12,4,0,0.81,1,0,1,0,0.262,Medium,Low_Risk
CUST0891,41,Female,Single,Secondary,Self-employed,70,48619,16,3,0,0.69,3,1,0,0,0.262,Medium,Low_Risk
CUST0665,21,Male,Married,University,Employed,83,3106,15,4,0,0.65,2,1,0,0,0.262,Medium,Low_Risk
CUST2019,37,Male,Married,Secondary,Employed,54,243156,14,4,0,0.6,0,1,0,0,0.262,Medium,Low_Risk
CUST2969,32,Male,Married,,Employed,71,85826,15,3,0,0.6,0,1,0,0,0.262,Medium,Low_Risk
CUST0078,49,Female,Divorced,Primary,Employed,73,70510,15,2,0,0.64,0,0,1,0,0.262,Medium,Low_Risk
CUST2976,53,Female,Married,University,Employed,19,523580,13,1,0,0.51,1,1,0,0,0.261,Low,Low_Risk
CUST2284,47,Female,Divorced,Secondary,Employed,90,161433,10,2,0,0.67,2,0,0,0,0.261,Low,Low_Risk
CUST2823,30,Female,Married,Primary,Self-employed,78,31969,15,1,1,0.88,2,1,0,0,0.261,Low,Low_Risk
CUST2909,32,Female,Married,Secondary,Employed,111,18172,10,2,0,0.99,2,1,0,0,0.261,Low,Low_Risk
CUST0829,24,Female,Married,Secondary,Employed,31,100041,21,1,0,0.58,2,1,0,0,0.261,Medium,Low_Risk
CUST1336,22,Male,Married,University,Employed,96,164743,9,1,1,0.53,2,0,0,0,0.261,Low,Low_Risk
CUST0820,46,Male,Divorced,Secondary,Self-employed,86,62881,13,2,0,0.86,0,1,0,0,0.261,Medium,Low_Risk
CUST2422,54,Male,Divorced,Secondary,Employed,64,43873,17,2,0,0.7,0,1,1,0,0.261,Medium,Low_Risk
CUST0586,31,Female,Married,,Self-employed,62,16906,18,1,0,0.59,2,1,1,0,0.261,Medium,Low_Risk
CUST1993,32,Female,Single,Primary,Employed,82,6507,15,2,0,0.67,1,0,1,0,0.261,Medium,Low_Risk
CUST1087,37,Female,Married,University,Employed,47,332553,13,1,0,0.96,1,0,0,0,0.261,Low,Low_Risk
CUST2339,34,Female,Married,Secondary,Self-employed,85,25496,14,2,0,0.89,1,1,1,0,0.261,Medium,Low_Risk
CUST2086,35,Male,Married,University,Employed,72,75692,15,1,0,0.94,3,1,1,0,0.261,Low,Low_Risk
CUST1888,35,Female,Single,University,Employed,33,386882,14,1,0,0.82,0,0,1,0,0.261,Low,Low_Risk
CUST2042,47,Male,Single,Secondary,Employed,67,108007,15,1,0,0.99,0,1,0,0,0.261,Low,Low_Risk
CUST2075,28,Female,Married,,Employed,68,16082,17,2,0,0.88,0,1,0,0,0.261,Medium,Low_Risk
CUST1625,39,Male,Single,Primary,Unemployed,80,17423,15,3,1,0.66,1,1,0,0,0.261,Medium,Low_Risk
CUST0995,18,Male,Married,Secondary,Employed,79,25421,15,1,1,1.0,1,1,0,0,0.261,Low,Low_Risk
CUST1476,29,Female,Married,Secondary,Employed,50,55321,19,3,0,0.55,1,1,0,0,0.261,Medium,Low_Risk
CUST2858,42,Male,Married,Primary,Self-employed,96,162839,9,1,0,0.67,0,1,1,0,0.261,Low,Low_Risk
CUST1065,22,Female,Single,Primary,Employed,81,54876,14,1,1,0.98,0,1,0,0,0.261,Low,Low_Risk
CUST2337,32,Male,Married,Secondary,Employed,5,154687,24,1,0,0.82,0,1,1,0,0.261,Medium,Low_Risk
CUST2389,19,Male,Married,Secondary,Employed,91,113593,11,2,0,0.61,0,1,0,0,0.261,Low,Low_Risk
CUST2242,29,Female,Single,Primary,Employed,62,185590,14,2,0,0.56,1,0,0,0,0.261,Medium,Low_Risk
CUST1941,34,Male,Single,Secondary,Employed,56,183603,15,3,1,0.53,0,1,1,0,0.261,Medium,Low_Risk
CUST1814,45,Female,Married,Secondary,Self-employed,100,137532,9,3,0,0.97,1,1,1,0,0.261,Medium,Low_Risk
CUST2946,46,Male,Single,Primary,Employed,119,7166,9,4,0,0.87,0,1,1,0,0.261,Medium,Low_Risk
CUST2600,27,Male,Single,Secondary,Self-employed,40,252524,16,4,0,0.98,0,1,0,0,0.261,Medium,Low_Risk
CUST0921,40,Female,Single,Secondary,Employed,94,8256,13,2,0,0.94,1,1,0,0,0.261,Medium,Low_Risk
CUST2494,18,Male,Married,University,Self-employed,74,15731,16,1,0,0.65,2,1,0,0,0.261,Low,Low_Risk
CUST2428,23,Male,Married,Primary,Employed,56,140788,16,2,1,0.57,1,1,0,0,0.261,Medium,Low_Risk
CUST0869,33,Male,Married,Secondary,Unemployed,96,163350,9,2,1,0.68,2,1,0,0,0.261,Low,Low_Risk
CUST0689,36,Male,Married,,Employed,43,230604,16,2,0,0.67,0,0,1,0,0.261,Medium,Low_Risk
CUST2074,43,Female,Single,University,Employed,89,82674,12,2,0,0.88,2,1,1,0,0.261,Low,Low_Risk
CUST0610,38,Female,Married,Secondary,Self-employed,26,91315,22,1,0,0.77,0,1,1,0,0.261,Medium,Low_Risk
CUST0348,53,Male,Married,Secondary,Unemployed,31,229746,18,2,0,0.97,0,1,1,0,0.261,Medium,Low_Risk
CUST0699,27,Female,Single,Secondary,Employed,85,28001,14,3,0,0.54,1,1,0,0,0.261,Medium,Low_Risk
CUST2917,25,Female,Married,,Self-employed,31,229427,18,3,0,0.82,1,1,0,0,0.261,Medium,Low_Risk
CUST2120,33,Male,Married,University,Self-employed,58,125388,16,3,0,0.96,1,1,0,0,0.26,Medium,Low_Risk
CUST2596,30,Male,Married,Secondary,Employed,94,2122,13,2,2,0.84,0,1,1,0,0.26,Medium,Low_Risk
CUST1355,42,Male,Married,Secondary,Employed,74,184947,12,1,0,0.91,1,1,0,0,0.26,Low,Low_Risk
CUST0291,42,Female,Married,Secondary,Employed,19,308868,18,1,0,0.68,0,1,0,0,0.26,Medium,Low_Risk
CUST1923,57,Male,Married,Primary,Self-employed,86,59110,13,1,1,0.53,2,1,0,0,0.26,Low,Low_Risk
CUST2209,46,Male,Single,Secondary,Employed,40,76761,20,1,0,0.58,2,0,0,0,0.26,Medium,Low_Risk
CUST0154,33,Male,Single,Primary,Employed,89,79551,12,3,0,0.74,0,1,0,0,0.26,Medium,Low_Risk
CUST2678,23,Male,Single,,Unemployed,66,69191,16,2,0,0.58,0,1,0,0,0.26,Medium,Low_Risk
CUST2536,38,Male,Married,University,Self-employed,86,102470,12,1,0,0.5,3,1,1,0,0.26,Low,Low_Risk
CUST0070,34,Female,Single,Primary,Employed,94,130650,10,1,1,0.82,1,1,0,0,0.26,Low,Low_Risk
CUST2944,25,Male,Single,Primary,Employed,15,292627,19,1,0,0.69,0,0,1,0,0.26,Medium,Low_Risk
CUST1694,34,Female,Single,Primary,Employed,41,454356,11,1,0,0.63,1,0,0,0,0.26,Low,Low_Risk
CUST1840,49,Male,Single,,Employed,80,59060,14,2,1,0.55,1,0,0,0,0.26,Medium,Low_Risk
CUST1406,26,Female,Married,,Self-employed,64,125911,15,1,0,0.73,2,1,1,0,0.26,Low,Low_Risk
CUST1128,24,Female,Divorced,University,Unemployed,109,27377,10,2,0,0.99,1,1,1,0,0.26,Low,Low_Risk
CUST0333,33,Female,Married,Secondary,Employed,58,38901,18,2,0,0.76,0,0,1,0,0.26,Medium,Low_Risk
CUST1213,35,Male,Married,Secondary,Employed,33,253470,17,2,0,0.72,0,1,0,0,0.26,Medium,Low_Risk
CUST0942,39,Female,Single,Primary,Self-employed,42,360567,13,2,0,0.77,2,1,0,0,0.26,Medium,Low_Risk
CUST1587,42,Female,Divorced,Secondary,Self-employed,66,69796,16,2,0,0.96,1,1,0,0,0.26,Medium,Low_Risk
CUST0520,48,Female,Married,,Employed,44,135076,18,3,0,0.71,2,1,0,0,0.26,Medium,Low_Risk
CUST0380,34,Male,Single,,Self-employed,46,120879,18,4,2,0.79,1,1,1,0,0.26,High,Medium_Risk
CUST1026,51,Male,Married,Secondary,Employed,86,57273,13,1,0,0.87,2,1,0,0,0.26,Low,Low_Risk
CUST1974,33,Male,Married,Secondary,Employed,93,54745,12,1,0,0.86,0,1,0,0,0.26,Low,Low_Risk
CUST0506,45,Male,Married,Primary,Employed,46,37457,20,1,0,0.68,0,1,1,0,0.26,Medium,Low_Risk
CUST0522,22,Male,Married,Secondary,Self-employed,36,147724,19,1,0,0.79,0,0,0,0,0.26,Medium,Low_Risk
CUST0683,47,Male,Divorced,Secondary,Self-employed,84,72208,13,1,1,0.69,0,1,1,0,0.26,Low,Low_Risk
CUST2407,24,Male,Divorced,,Self-employed,81,51835,14,1,0,0.85,1,1,0,0,0.26,Low,Low_Risk
CUST0655,50,Male,Single,Secondary,Self-employed,94,171397,9,1,0,0.52,2,1,1,0,0.26,Low,Low_Risk
CUST0599,20,Female,Married,University,Employed,114,37189,9,1,0,0.8,3,0,0,0,0.26,Low,Low_Risk
CUST2817,34,Female,Single,Secondary,Employed,11,278959,20,4,1,0.8,1,1,0,0,0.26,High,Low_Risk
CUST1868,49,Male,Single,University,Employed,60,238940,13,2,0,0.94,0,0,0,0,0.26,Medium,Low_Risk
CUST0576,41,Male,Divorced,Secondary,Employed,65,118577,15,1,0,0.83,2,1,1,0,0.26,Low,Low_Risk
CUST1160,46,Male,Married,Secondary,Self-employed,33,166568,19,2,0,0.93,1,0,1,0,0.26,Medium,Low_Risk
CUST0667,39,Male,Married,Secondary,Employed,81,46230,14,1,0,0.61,0,1,0,0,0.259,Low,Low_Risk
CUST0586,48,Male,Single,Secondary,Employed,121,24569,8,4,0,0.97,2,1,1,0,0.259,Medium,Low_Risk
CUST0702,34,Male,Married,Secondary,Self-employed,42,102536,19,3,0,0.54,1,0,0,0,0.259,Medium,Low_Risk
CUST0950,18,Male,Single,Primary,Employed,26,253398,18,1,1,0.65,3,1,0,0,0.259,Medium,Medium_Risk
CUST0242,31,Female,Married,University,Employed,9,245459,21,2,0,0.98,1,1,0,0,0.259,Medium,Low_Risk
CUST0846,32,Female,Married,Primary,Employed,50,90635,18,1,0,0.79,1,1,0,0,0.259,Medium,Low_Risk
CUST2034,57,Female,Divorced,Primary,Self-employed,86,183461,10,1,0,0.6,0,1,0,0,0.259,Low,Low_Risk
CUST2109,32,Male,Single,,Self-employed,112,45764,9,2,0,0.86,0,1,0,0,0.259,Low,Low_Risk
CUST1783,20,Female,Single,Primary,Self-employed,72,66135,15,2,1,0.82,0,1,0,0,0.259,Medium,Low_Risk
CUST1521,37,Female,Married,Primary,Self-employed,44,130530,18,3,1,0.58,1,1,0,0,0.259,Medium,Low_Risk
CUST1589,26,Male,Single,Secondary,Self-employed,60,21284,18,2,0,0.76,1,1,1,0,0.259,Medium,Low_Risk
CUST1823,24,Female,Single,,Employed,63,297581,11,4,0,0.6,0,1,0,0,0.259,Medium,Low_Risk
CUST1690,20,Female,Single,Secondary,Employed,25,517956,12,1,0,0.73,1,0,0,0,0.259,Low,Low_Risk
CUST0925,43,Male,Single,Primary,Self-employed,35,21483,22,1,0,0.66,0,1,0,0,0.259,Medium,Low_Risk
CUST0037,20,Female,Married,University,Employed,65,197900,13,3,0,0.86,2,0,0,0,0.259,Medium,Low_Risk
CUST2973,18,Female,Married,Secondary,Employed,88,125922,11,1,0,0.65,2,1,0,0,0.259,Low,Low_Risk
CUST0814,22,Male,Divorced,,Employed,114,72585,8,2,0,0.78,1,1,0,0,0.259,Low,Low_Risk
CUST0580,37,Male,Married,,Employed,38,44075,21,1,1,0.92,0,0,0,0,0.259,Medium,Low_Risk
CUST0520,35,Female,Single,Primary,Employed,112,46310,9,1,2,0.87,0,1,1,0,0.259,Low,Low_Risk
CUST1715,45,Male,Single,Secondary,Employed,62,93654,16,3,0,0.76,1,1,1,0,0.259,Medium,Low_Risk
CUST0928,31,Male,Married,Secondary,Employed,87,48061,13,1,0,0.84,1,0,0,0,0.259,Low,Low_Risk
CUST1347,49,Male,Divorced,University,Employed,73,138045,13,3,1,0.82,0,1,0,0,0.258,Medium,Low_Risk
CUST0067,28,Female,Married,Primary,Employed,68,2686,17,1,0,0.86,2,1,1,0,0.258,Low,Low_Risk
CUST1032,27,Female,Single,Secondary,Employed,95,29223,12,1,0,0.53,0,0,0,0,0.258,Low,Low_Risk
CUST2400,39,Female,Married,Primary,Self-employed,104,53429,10,1,0,0.65,2,0,0,0,0.258,Low,Low_Risk
CUST1073,34,Male,Single,Secondary,Employed,46,199034,16,2,0,0.65,0,1,0,0,0.258,Medium,Low_Risk
CUST2434,38,Female,Single,University,Employed,75,82118,14,3,0,0.62,0,1,1,0,0.258,Medium,Low_Risk
CUST0831,32,Female,Single,Secondary,Employed,114,25914,9,3,0,0.89,1,0,0,0,0.258,Medium,Low_Risk
CUST2427,23,Female,Single,,Self-employed,55,222305,14,1,0,0.96,0,0,0,0,0.258,Low,Low_Risk
CUST1863,34,Female,Single,Secondary,Self-employed,67,52267,16,2,0,0.93,0,0,1,0,0.258,Medium,Low_Risk
CUST2674,43,Female,Married,Secondary,Employed,93,128496,10,2,0,0.94,0,1,0,0,0.258,Low,Low_Risk
CUST0496,35,Male,Single,Secondary,Employed,93,500,13,1,0,0.52,0,1,0,0,0.258,Low,Low_Risk
CUST2710,23,Male,Divorced,Secondary,Unemployed,36,352929,14,3,0,0.68,0,1,0,0,0.258,Medium,Low_Risk
CUST0906,49,Male,Single,Primary,Employed,69,40737,16,1,1,0.64,1,1,0,0,0.258,Low,Low_Risk
CUST2780,35,Female,Single,Secondary,Employed,82,247944,9,1,0,0.73,0,1,1,0,0.258,Low,Low_Risk
CUST2403,22,Female,Single,Primary,Unemployed,68,215344,12,2,0,0.98,2,1,0,0,0.258,Low,Low_Risk
CUST1994,40,Female,Married,Secondary,Employed,71,25764,16,1,0,0.59,1,1,1,0,0.258,Low,Low_Risk
CUST2314,53,Male,Single,Secondary,Employed,45,119227,18,1,0,0.7,1,1,0,0,0.258,Medium,Low_Risk
CUST0531,43,Female,Married,Primary,Unemployed,23,58355,23,2,0,0.98,0,1,1,0,0.258,Medium,Low_Risk
CUST2561,33,Female,Married,Secondary,Self-employed,44,128372,18,3,0,0.58,2,0,0,0,0.258,Medium,Low_Risk
CUST0863,24,Female,Married,University,Unemployed,81,255663,9,3,0,0.74,0,0,1,0,0.258,Medium,Low_Risk
CUST2421,33,Male,Single,Secondary,Self-employed,27,284528,17,2,0,0.5,1,1,0,0,0.258,Medium,Low_Risk
CUST1197,38,Male,Married,Secondary,Employed,80,135885,12,1,0,0.82,1,1,1,0,0.258,Low,Low_Risk
CUST1910,35,Male,Married,Primary,Employed,43,178211,17,1,0,0.66,2,1,0,0,0.258,Low,Low_Risk
CUST0280,33,Male,Single,,Employed,78,104945,13,1,0,0.61,0,1,0,0,0.258,Low,Low_Risk
CUST1044,40,Female,Married,University,Employed,72,60833,15,1,0,0.98,2,1,0,0,0.258,Low,Low_Risk
CUST2547,26,Male,Married,,Employed,44,86395,19,3,0,0.65,1,0,0,0,0.258,Medium,Low_Risk
CUST0363,39,Female,Married,Primary,Self-employed,55,178603,15,1,0,0.76,0,0,0,0,0.258,Low,Low_Risk
CUST0463,43,Female,Single,,Employed,97,17721,12,1,0,0.8,0,1,1,0,0.258,Low,Low_Risk
CUST1277,49,Male,Married,Secondary,Employed,63,125232,15,2,0,0.66,0,1,0,0,0.258,Medium,Low_Risk
CUST1397,32,Male,Single,Primary,Unemployed,79,57780,14,1,0,0.95,0,1,0,0,0.258,Low,Low_Risk
CUST2855,23,Female,Divorced,Primary,Employed,59,68021,17,1,1,0.92,0,0,1,0,0.258,Low,Low_Risk
CUST2576,39,Female,Single,,Self-employed,67,47513,16,1,1,0.69,1,1,1,0,0.257,Low,Low_Risk
CUST1960,29,Male,Single,Secondary,Employed,80,172153,11,2,0,0.73,2,0,0,0,0.257,Low,Low_Risk
CUST0297,44,Male,Married,Primary,Self-employed,55,6001,19,4,0,0.75,3,0,0,0,0.257,High,Low_Risk
CUST2328,53,Female,Single,Secondary,Employed,66,55656,16,1,0,0.63,0,1,1,0,0.257,Low,Low_Risk
CUST0599,29,Female,Divorced,Primary,Unemployed,97,55368,11,1,0,0.55,1,1,0,0,0.257,Low,Low_Risk
CUST1179,44,Male,Married,Primary,Unemployed,29,396694,14,3,0,0.75,1,0,0,0,0.257,Medium,Low_Risk
CUST0193,32,Male,Married,University,Employed,39,113649,19,4,1,0.91,1,1,0,0,0.257,High,Low_Risk
CUST2036,28,Male,Single,Secondary,Self-employed,15,534265,13,4,0,0.59,1,0,0,0,0.257,Medium,Low_Risk
CUST0138,33,Male,Single,,Self-employed,65,62643,16,1,0,0.51,2,1,0,0,0.257,Low,Low_Risk
CUST2360,34,Female,Married,Secondary,Unemployed,91,11367,13,1,1,0.86,4,0,0,0,0.257,Low,Medium_Risk
CUST1587,19,Female,Single,University,Self-employed,63,161699,14,1,0,0.95,0,1,1,0,0.257,Low,Low_Risk
CUST0222,30,Female,Single,Secondary,Unemployed,49,46220,19,1,1,0.88,0,0,0,0,0.257,Medium,Low_Risk
CUST0896,28,Female,Divorced,Primary,Self-employed,41,101447,19,2,1,0.8,1,1,0,0,0.257,Medium,Low_Risk
CUST2341,33,Male,Married,Secondary,Employed,12,342825,18,4,0,0.52,0,1,1,0,0.257,High,Low_Risk
CUST0959,18,Female,Married,University,Employed,23,224162,19,2,0,0.71,1,1,0,0,0.257,Medium,Low_Risk
CUST0331,48,Female,Divorced,Secondary,Employed,110,8707,10,2,0,0.72,1,1,0,0,0.257,Low,Low_Risk
CUST0057,21,Male,Single,Secondary,Employed,69,120476,14,1,0,0.66,2,0,1,0,0.257,Low,Low_Risk
CUST1261,46,Female,Married,University,Employed,12,301005,19,1,0,0.69,1,0,1,0,0.257,Medium,Low_Risk
CUST1234,26,Male,Single,Secondary,Employed,61,4577,18,3,0,0.98,0,1,0,0,0.257,Medium,Low_Risk
CUST0910,40,Male,Single,Primary,Employed,66,13398,17,4,0,1.0,2,1,0,0,0.257,High,Low_Risk
CUST1676,28,Male,Married,University,Employed,54,140258,16,3,0,0.6,1,1,0,0,0.257,Medium,Low_Risk
CUST1381,36,Male,Single,,Unemployed,54,11463,19,3,0,0.62,0,1,0,0,0.257,Medium,Low_Risk
CUST2903,43,Female,Single,Secondary,Employed,125,31119,7,1,0,0.97,1,1,1,0,0.257,Low,Low_Risk
CUST1713,35,Male,Married,Secondary,Unemployed,69,34528,16,1,0,0.66,1,1,0,0,0.257,Low,Low_Risk
CUST2273,43,Female,Married,Secondary,Self-employed,29,225337,18,3,0,0.99,0,1,0,0,0.257,Medium,Low_Risk
CUST2932,45,Female,Married,Secondary,Self-employed,59,17581,18,1,0,0.86,0,1,1,0,0.257,Medium,Low_Risk
CUST1078,29,Male,Single,Primary,Self-employed,58,70031,17,1,0,0.97,0,1,1,0,0.257,Low,Low_Risk
CUST1396,34,Male,Single,Secondary,Employed,87,37848,13,1,0,0.98,2,1,0,0,0.257,Low,Low_Risk
CUST2237,33,Female,Married,Primary,Employed,65,22384,17,1,0,0.94,1,1,0,0,0.257,Low,Low_Risk
CUST2691,60,Female,Single,Secondary,Employed,88,117842,11,2,1,0.89,0,1,0,0,0.257,Low,Low_Risk
CUST1265,19,Female,Single,,Self-employed,29,262632,17,1,0,0.61,2,1,0,0,0.256,Low,Low_Risk
CUST0553,38,Female,Married,University,Employed,59,141687,15,2,0,0.87,0,0,0,0,0.256,Medium,Low_Risk
CUST1720,35,Male,Single,Primary,Unemployed,95,21848,12,1,1,0.7,0,1,0,0,0.256,Low,Low_Risk
CUST0708,36,Female,Married,Secondary,Self-employed,44,34518,20,1,0,0.97,1,1,0,0,0.256,Medium,Low_Risk
CUST1886,29,Female,Married,Secondary,Self-employed,50,332472,12,1,0,0.67,1,1,0,0,0.256,Low,Low_Risk
CUST1151,55,Female,Married,Secondary,Employed,62,120316,15,1,0,0.92,0,1,0,0,0.256,Low,Low_Risk
CUST2660,46,Female,Married,Secondary,Employed,36,172824,18,1,0,0.73,0,1,0,0,0.256,Medium,Low_Risk
CUST1071,18,Female,Single,Secondary,Employed,32,202371,18,1,0,0.52,1,1,0,0,0.256,Medium,Low_Risk
CUST1444,51,Female,Single,Secondary,Self-employed,81,35577,14,2,0,0.92,1,1,0,0,0.256,Medium,Low_Risk
CUST1787,38,Male,Married,Primary,Employed,49,298094,13,2,1,0.61,0,0,0,0,0.256,Medium,Low_Risk
CUST0943,54,Male,Married,University,Self-employed,24,85904,22,1,0,0.72,1,1,0,0,0.256,Medium,Low_Risk
CUST1349,32,Male,Single,,Self-employed,53,55133,18,1,0,0.97,1,0,0,0,0.256,Medium,Low_Risk
CUST1012,39,Male,Married,Primary,Employed,72,12283,16,2,0,0.73,1,1,0,0,0.256,Medium,Low_Risk
CUST2792,31,Female,Married,Secondary,Self-employed,83,106467,12,1,0,0.93,2,1,0,0,0.256,Low,Low_Risk
CUST0667,25,Female,Divorced,Secondary,Employed,34,104252,20,1,0,0.94,0,1,1,0,0.256,Medium,Low_Risk
CUST0473,18,Female,Married,,Employed,20,411165,15,1,0,0.92,1,1,1,0,0.256,Low,Low_Risk
CUST1543,31,Female,Single,University,Employed,23,390305,15,3,0,0.96,1,1,1,0,0.256,Medium,Low_Risk
CUST2099,46,Male,Married,Secondary,Employed,103,46520,10,3,0,0.61,0,0,0,0,0.255,Medium,Low_Risk
CUST0748,36,Male,Single,Primary,Self-employed,63,69191,16,2,0,0.83,1,0,0,0,0.255,Medium,Low_Risk
CUST0327,34,Female,Married,Primary,Employed,2,531783,15,4,1,0.73,1,1,0,0,0.255,Medium,Low_Risk
CUST0772,24,Female,Married,Secondary,Employed,45,149847,17,1,0,0.88,0,1,0,0,0.255,Low,Low_Risk
CUST1291,38,Male,Married,University,Employed,56,30034,18,1,0,0.59,0,1,1,0,0.255,Medium,Low_Risk
CUST0371,29,Male,Single,Primary,Employed,21,356775,16,2,0,0.66,4,1,0,0,0.255,Medium,Low_Risk
CUST2686,38,Male,Single,,Employed,98,40306,11,1,0,0.52,1,1,1,0,0.255,Low,Low_Risk
CUST2100,36,Male,Married,,Self-employed,99,34913,11,2,0,0.56,0,1,0,0,0.255,Low,Low_Risk
CUST0359,41,Female,Married,University,Employed,95,16676,12,3,0,0.82,0,1,0,0,0.255,Medium,Low_Risk
CUST0438,49,Male,Married,Primary,Self-employed,54,259660,13,2,0,1.0,2,1,0,0,0.255,Medium,Low_Risk
CUST2574,38,Female,Single,Secondary,Employed,62,119548,15,2,0,0.59,2,1,0,0,0.255,Medium,Low_Risk
CUST1869,35,Female,Married,Primary,Self-employed,86,81114,12,2,0,0.59,2,0,1,0,0.255,Low,Low_Risk
CUST1717,49,Female,Single,Secondary,Employed,59,11108,18,2,1,0.66,1,0,0,0,0.255,Medium,Low_Risk
CUST0982,51,Female,Married,Secondary,Employed,59,52797,17,3,0,0.62,1,1,1,0,0.255,Medium,Low_Risk
CUST2290,36,Male,Single,,Self-employed,53,178723,15,4,0,0.67,1,1,1,0,0.255,Medium,Low_Risk
CUST1162,31,Male,Single,Secondary,Unemployed,91,45165,12,4,0,0.84,1,1,0,0,0.255,Medium,Low_Risk
CUST1958,31,Male,Single,Secondary,Employed,22,476666,13,2,1,0.52,1,1,0,0,0.255,Medium,Low_Risk
CUST2392,38,Male,Married,Secondary,Employed,29,386680,14,1,0,0.99,0,0,0,0,0.255,Low,Low_Risk
CUST0569,24,Female,Married,Secondary,Self-employed,62,31638,17,1,0,0.92,1,1,1,0,0.255,Low,Low_Risk
CUST0619,68,Female,Single,University,Self-employed,63,239901,12,4,0,0.78,2,0,0,0,0.255,Medium,Low_Risk
CUST0121,37,Female,Single,Secondary,Self-employed,88,67880,12,3,0,0.62,2,0,0,0,0.255,Medium,Low_Risk
CUST1700,18,Female,Single,University,Employed,85,87253,12,2,0,0.84,0,1,0,0,0.255,Low,Low_Risk
CUST0806,20,Male,Married,Primary,Self-employed,101,20099,11,3,1,0.6,2,0,1,0,0.255,Medium,Low_Risk
CUST1703,18,Male,Divorced,,Employed,67,121681,14,3,0,0.5,2,1,0,0,0.254,Medium,Low_Risk
CUST1961,37,Female,Married,Secondary,Self-employed,51,62742,18,4,0,0.7,0,1,0,0,0.254,High,Low_Risk
CUST1773,48,Male,Divorced,University,Employed,28,561419,10,2,0,0.61,0,0,0,0,0.254,Low,Low_Risk
CUST2993,40,Female,Single,Secondary,Employed,64,141675,14,2,0,0.79,1,1,1,0,0.254,Medium,Low_Risk
CUST2229,22,Male,Single,Secondary,Self-employed,27,14383,23,3,0,0.72,2,1,0,0,0.254,High,Low_Risk
CUST0350,40,Female,Married,Secondary,Employed,7,449919,16,2,0,0.7,0,0,0,0,0.254,Medium,Low_Risk
CUST1380,27,Male,Divorced,Primary,Employed,33,357762,14,2,0,0.58,0,1,0,0,0.254,Medium,Low_Risk
CUST1822,32,Male,Married,Secondary,Employed,23,83712,22,4,0,0.96,3,1,1,0,0.254,High,Low_Risk
CUST0568,33,Female,Single,,Employed,19,153549,21,2,0,0.51,0,1,0,0,0.254,Medium,Low_Risk
CUST2571,18,Female,Divorced,Secondary,Self-employed,62,241627,12,1,2,0.66,1,0,0,0,0.254,Low,Medium_Risk
CUST2628,40,Female,Married,Primary,Employed,53,5511,19,3,0,0.82,0,1,0,0,0.254,Medium,Low_Risk
CUST1668,35,Male,Divorced,Secondary,Employed,103,3565,11,2,0,0.59,0,1,1,0,0.254,Low,Low_Risk
CUST0469,32,Female,Divorced,Primary,Employed,83,11800,14,2,0,0.7,1,1,0,0,0.254,Medium,Low_Risk
CUST0520,34,Male,Divorced,Secondary,Unemployed,108,96833,8,1,1,0.95,0,1,0,0,0.254,Low,Low_Risk
CUST2056,51,Female,Married,Primary,Employed,71,7648,16,2,0,0.86,2,0,1,0,0.254,Medium,Low_Risk
CUST1474,39,Male,Single,Primary,Self-employed,81,69409,13,1,1,0.8,2,0,0,0,0.254,Low,Low_Risk
CUST2368,34,Female,Single,Secondary,Employed,50,453734,9,2,0,0.81,2,1,1,0,0.254,Low,Low_Risk
CUST1177,36,Female,Married,Primary,Self-employed,72,344717,8,1,1,0.78,1,1,0,0,0.254,Low,Low_Risk
CUST1321,26,Male,Married,Primary,Employed,82,186850,10,2,0,0.73,0,1,1,0,0.254,Low,Low_Risk
CUST2635,39,Male,Single,Secondary,Unemployed,40,263565,15,1,0,0.64,2,1,0,0,0.254,Low,Low_Risk
CUST0802,31,Female,Single,Primary,Employed,61,120238,15,4,0,0.89,1,1,1,0,0.254,Medium,Low_Risk
CUST0472,47,Male,Single,Primary,Employed,93,29784,12,2,0,0.56,1,0,0,0,0.254,Low,Low_Risk
CUST1208,35,Female,Married,Primary,Employed,67,79569,15,1,0,0.59,1,1,0,0,0.254,Low,Low_Risk
CUST0090,32,Male,Single,Secondary,Employed,87,69544,12,1,0,0.52,1,1,0,0,0.254,Low,Low_Risk
CUST0664,21,Female,Married,Primary,Employed,23,170730,20,1,0,0.54,1,0,0,0,0.254,Medium,Low_Risk
CUST1285,22,Male,Married,Secondary,Employed,95,56818,11,3,0,0.5,1,1,1,0,0.254,Medium,Low_Risk
CUST1713,33,Female,Single,Secondary,Self-employed,35,129209,19,1,0,0.69,0,1,0,0,0.254,Medium,Low_Risk
CUST1116,18,Female,Married,University,Employed,64,101971,15,2,0,0.79,0,0,0,0,0.254,Medium,Low_Risk
CUST1712,39,Female,Married,Primary,Employed,69,110016,14,1,0,0.89,1,1,0,0,0.254,Low,Low_Risk
CUST1023,46,Female,Married,Secondary,Employed,49,29869,19,3,0,0.61,0,0,1,0,0.253,Medium,Low_Risk
CUST0626,45,Female,Single,University,Self-employed,11,163490,22,1,0,0.63,0,1,1,0,0.253,Medium,Low_Risk
CUST2291,43,Female,Married,,Employed,34,174459,18,2,0,0.63,3,1,0,0,0.253,Medium,Low_Risk
CUST1627,29,Female,Married,University,Employed,5,120858,24,1,0,0.51,0,1,0,0,0.253,Medium,Low_Risk
CUST1512,38,Male,Married,,Employed,90,130435,10,3,1,0.58,0,1,0,0,0.253,Medium,Low_Risk
CUST0049,44,Male,Divorced,University,Employed,62,195955,13,1,0,0.65,2,1,0,0,0.253,Low,Low_Risk
CUST0913,55,Female,Single,Primary,Self-employed,42,247383,15,2,0,0.86,2,0,0,0,0.253,Medium,Low_Risk
CUST0234,37,Male,Single,Primary,Self-employed,101,55395,10,2,0,0.67,3,0,0,0,0.253,Low,Low_Risk
CUST1896,28,Male,Married,Primary,Employed,55,199451,14,1,0,0.76,0,0,0,0,0.253,Low,Low_Risk
CUST2286,42,Male,Divorced,Secondary,Employed,71,3909,16,1,0,0.62,0,0,0,0,0.253,Low,Low_Risk
CUST0675,60,Male,Divorced,Secondary,Employed,79,77928,13,1,0,0.98,1,1,0,0,0.253,Low,Low_Risk
CUST0291,45,Female,Divorced,Secondary,Unemployed,60,166185,14,3,0,0.55,0,1,0,0,0.253,Medium,Low_Risk
CUST1736,18,Female,Married,Secondary,Self-employed,6,197802,22,3,0,0.66,3,1,0,0,0.253,High,Low_Risk
CUST1904,35,Female,Single,,Self-employed,47,129049,17,2,0,0.73,1,1,1,0,0.253,Medium,Low_Risk
CUST0469,39,Male,Single,Secondary,Self-employed,21,181529,20,1,0,0.54,2,1,0,0,0.253,Medium,Low_Risk
CUST0912,35,Male,Single,Secondary,Self-employed,50,109356,17,1,0,0.82,0,1,0,0,0.253,Low,Low_Risk
CUST2030,40,Male,Divorced,Primary,Employed,73,163203,12,2,0,0.56,2,1,1,0,0.253,Low,Low_Risk
CUST2491,34,Male,Married,University,Employed,60,82940,16,2,0,0.64,1,1,0,0,0.253,Medium,Low_Risk
CUST2086,29,Male,Single,Primary,Self-employed,41,168837,17,4,0,0.97,2,0,1,0,0.253,High,Low_Risk
CUST2997,37,Female,Married,Secondary,Employed,83,51862,13,1,0,0.83,1,1,0,0,0.253,Low,Low_Risk
CUST0730,32,Female,Single,Secondary,Employed,88,138154,10,1,0,0.53,1,0,0,0,0.252,Low,Low_Risk
CUST1260,22,Male,Married,Secondary,Employed,41,167126,17,3,1,0.74,1,0,1,0,0.252,Medium,Low_Risk
CUST1730,34,Male,Single,,Self-employed,88,13100,13,1,0,0.6,1,1,1,0,0.252,Low,Low_Risk
CUST2773,42,Male,Married,Primary,Employed,55,238335,13,1,1,0.97,2,0,1,0,0.252,Low,Low_Risk
CUST2002,34,Female,Married,University,Employed,50,59497,18,1,0,0.97,0,1,0,0,0.252,Medium,Low_Risk
CUST0697,36,Female,Married,Secondary,Self-employed,70,8673,16,1,0,0.93,0,1,0,0,0.252,Low,Low_Risk
CUST2076,44,Female,Single,,Employed,68,23292,16,3,0,0.86,0,0,1,0,0.252,Medium,Low_Risk
CUST2432,37,Female,Married,,Self-employed,79,30488,14,2,0,0.78,0,0,1,0,0.252,Medium,Low_Risk
CUST2113,43,Female,Single,Secondary,Employed,72,123444,13,1,0,0.75,3,1,0,0,0.252,Low,Low_Risk
CUST2778,21,Female,Single,University,Unemployed,48,159587,16,1,0,0.91,0,1,0,0,0.252,Low,Low_Risk
CUST2678,21,Male,Married,Primary,Employed,62,21484,17,1,1,0.71,2,1,0,0,0.252,Low,Low_Risk
CUST2707,38,Female,Single,Primary,Unemployed,20,266177,18,4,0,0.68,0,1,0,0,0.252,High,Low_Risk
CUST2852,41,Male,Single,University,Employed,12,279775,19,4,0,0.53,1,0,1,0,0.252,High,Low_Risk
CUST0944,38,Female,Single,Primary,Employed,6,363761,18,3,0,0.59,1,1,0,0,0.252,Medium,Low_Risk
CUST2222,27,Female,Divorced,,Employed,59,125471,15,1,0,0.89,0,0,0,0,0.252,Low,Low_Risk
CUST1310,18,Female,Divorced,Primary,Employed,59,41041,17,3,0,0.85,0,1,0,0,0.252,Medium,Low_Risk
CUST0985,34,Male,Married,Secondary,Employed,50,143786,16,2,0,0.79,0,1,0,0,0.251,Medium,Low_Risk
CUST2579,29,Female,Married,Secondary,Employed,36,110118,19,2,0,0.71,2,1,0,0,0.251,Medium,Low_Risk
CUST2252,39,Female,Single,Secondary,Self-employed,30,152122,19,1,0,0.91,0,1,0,0,0.251,Medium,Low_Risk
CUST2938,24,Male,Married,Primary,Self-employed,54,73599,17,2,0,0.83,1,0,0,0,0.251,Medium,Low_Risk
CUST2638,33,Female,Single,Secondary,Self-employed,19,225987,19,4,0,0.55,1,1,1,0,0.251,High,Low_Risk
CUST1089,42,Female,Single,Secondary,Employed,68,104648,14,3,0,0.76,0,1,0,0,0.251,Medium,Low_Risk
CUST1047,42,Female,Married,University,Self-employed,49,189897,15,1,0,0.77,3,0,0,0,0.251,Low,Low_Risk
CUST0931,31,Male,Single,,Employed,34,208295,17,2,0,0.63,3,1,1,0,0.251,Medium,Low_Risk
CUST1184,41,Male,Married,Secondary,Self-employed,55,490369,7,3,0,0.51,0,1,0,0,0.251,Low,Low_Risk
CUST2403,40,Female,Married,University,Self-employed,58,87539,16,3,0,0.88,0,1,0,0,0.251,Medium,Low_Risk
CUST2822,18,Male,Single,Secondary,Employed,37,231831,16,3,0,0.74,2,0,0,0,0.251,Medium,Low_Risk
CUST0569,38,Male,Single,Secondary,Employed,66,30058,16,2,0,0.87,0,0,0,0,0.251,Medium,Low_Risk
CUST0109,18,Female,Married,Secondary,Employed,95,2910,12,1,1,0.83,2,1,1,0,0.251,Low,Low_Risk
CUST2140,43,Male,Married,Primary,Self-employed,83,125866,11,1,0,0.93,0,0,0,0,0.251,Low,Low_Risk
CUST1803,28,Female,Married,University,Employed,3,380606,18,3,0,0.84,0,1,0,0,0.251,Medium,Low_Risk
CUST0436,41,Male,Married,Secondary,Employed,87,14986,13,3,0,0.69,3,1,0,0,0.251,Medium,Low_Risk
CUST0919,46,Female,Married,,Employed,111,17609,9,2,1,0.58,0,1,1,0,0.251,Low,Low_Risk
CUST0688,32,Female,Single,Primary,Employed,54,72636,17,1,0,0.67,0,1,0,0,0.251,Low,Low_Risk
CUST1640,53,Male,Married,Secondary,Employed,29,285216,16,2,0,0.77,1,1,0,0,0.251,Medium,Low_Risk
CUST0883,28,Female,Married,University,Employed,37,20774,21,1,0,0.93,3,1,1,0,0.251,Medium,Low_Risk
CUST2272,43,Female,Single,Primary,Self-employed,104,26529,10,1,1,0.6,0,1,0,0,0.251,Low,Low_Risk
CUST0245,28,Male,Married,Secondary,Unemployed,42,152369,17,1,0,0.89,2,1,0,0,0.251,Low,Low_Risk
CUST2103,38,Female,Married,Secondary,Unemployed,85,70499,12,3,0,0.58,1,1,1,0,0.251,Medium,Low_Risk
CUST1762,35,Male,Married,Primary,Employed,94,131644,9,2,0,0.99,0,1,0,0,0.25,Low,Low_Risk
CUST1743,22,Male,Single,Primary,Self-employed,65,75130,15,1,0,0.95,1,1,1,0,0.25,Low,Low_Risk
CUST0535,29,Female,Single,University,Employed,19,97158,22,3,0,0.97,0,1,0,0,0.25,High,Low_Risk
CUST2255,35,Male,Single,Secondary,Employed,58,38920,17,2,0,0.73,3,1,0,0,0.25,Medium,Low_Risk
CUST0223,33,Male,Single,University,Self-employed,28,76440,21,3,0,0.75,3,1,0,0,0.25,Medium,Low_Risk
CUST2645,32,Male,Single,Primary,Unemployed,47,201637,15,2,1,0.84,1,0,0,0,0.25,Medium,Low_Risk
CUST2887,37,Male,Single,Secondary,Self-employed,57,3008,18,2,0,0.72,1,0,0,0,0.25,Medium,Low_Risk
CUST0680,42,Female,Single,University,Employed,63,258694,11,3,2,0.78,0,1,1,0,0.25,Medium,Low_Risk
CUST2971,37,Female,Married,University,Employed,92,144288,9,2,1,0.83,0,1,0,0,0.25,Low,Low_Risk
CUST2646,52,Female,Single,Secondary,Unemployed,41,412301,11,1,0,0.71,1,0,1,0,0.25,Low,Low_Risk
CUST0006,47,Male,Divorced,Primary,Self-employed,30,274682,16,1,0,0.91,1,1,1,0,0.25,Low,Low_Risk
CUST2459,36,Female,Single,,Employed,56,137049,15,3,0,0.8,0,0,1,0,0.25,Medium,Low_Risk
CUST2176,37,Female,Single,Primary,Employed,90,73772,11,1,0,0.74,2,1,0,0,0.25,Low,Low_Risk
CUST0970,29,Male,Single,Secondary,Employed,63,131531,14,2,0,0.93,0,0,0,0,0.25,Medium,Low_Risk
CUST2732,27,Male,Married,Primary,Unemployed,47,327601,12,1,0,0.88,3,1,0,0,0.25,Low,Low_Risk
CUST0024,18,Male,Single,Primary,Self-employed,79,237427,9,3,0,0.67,1,1,0,0,0.25,Medium,Low_Risk
CUST1324,36,Male,Married,Secondary,Employed,87,51958,12,2,0,0.64,0,1,0,0,0.25,Low,Low_Risk
CUST0669,35,Male,Single,Primary,Employed,81,89027,12,3,0,0.64,2,1,0,0,0.249,Medium,Low_Risk
CUST2540,49,Female,Married,Primary,Employed,60,65965,16,1,1,0.68,2,0,0,0,0.249,Low,Low_Risk
CUST2088,30,Male,Single,Secondary,Employed,85,61034,12,1,0,0.97,2,1,0,0,0.249,Low,Low_Risk
CUST0894,48,Female,Married,University,Employed,97,22092,11,3,0,0.6,3,1,0,0,0.249,Medium,Low_Risk
CUST0268,27,Female,Married,Primary,Employed,65,116211,14,2,0,0.94,1,1,0,0,0.249,Medium,Low_Risk
CUST2024,35,Female,Married,,Unemployed,63,300908,10,2,0,0.95,1,0,0,0,0.249,Low,Low_Risk
CUST0363,45,Male,Single,University,Unemployed,74,139308,12,4,0,0.71,1,1,0,0,0.249,Medium,Low_Risk
CUST1920,29,Male,Married,Primary,Employed,79,18884,14,2,0,0.71,0,1,0,0,0.249,Medium,Low_Risk
CUST2866,40,Female,Married,University,Self-employed,72,25783,15,1,0,0.74,0,1,1,0,0.249,Low,Low_Risk
CUST2440,29,Male,Married,University,Self-employed,41,23932,20,1,0,0.92,1,1,1,0,0.249,Medium,Low_Risk
CUST0275,26,Male,Single,Primary,Employed,24,141578,20,1,0,0.95,2,1,0,0,0.249,Medium,Low_Risk
CUST2719,25,Female,Married,Secondary,Self-employed,88,86155,11,1,0,0.96,0,1,0,0,0.249,Low,Low_Risk
CUST1227,45,Male,Married,Primary,Employed,77,74657,13,4,0,0.54,1,1,0,0,0.249,Medium,Low_Risk
CUST2245,43,Female,Divorced,,Employed,117,10229,8,4,0,0.85,0,1,0,0,0.249,Medium,Low_Risk
CUST0391,36,Male,Single,Primary,Unemployed,106,44523,9,1,0,0.88,0,1,1,0,0.249,Low,Low_Risk
CUST2296,25,Male,Single,University,Employed,40,331289,13,3,0,0.68,2,1,0,0,0.249,Medium,Low_Risk
CUST0279,39,Female,Married,Primary,Employed,61,56288,16,1,0,0.81,0,1,0,0,0.249,Low,Low_Risk
CUST0451,27,Male,Single,Primary,Employed,54,148087,15,2,0,0.51,1,1,0,0,0.249,Medium,Low_Risk
CUST0817,19,Male,Divorced,Primary,Employed,13,384301,16,2,0,0.72,1,1,0,0,0.248,Medium,Low_Risk
CUST2854,32,Male,Divorced,Secondary,Employed,94,38278,11,1,1,0.85,1,1,1,0,0.248,Low,Low_Risk
CUST1936,32,Male,Married,Primary,Employed,84,24278,13,2,0,0.91,1,0,0,0,0.248,Medium,Low_Risk
CUST0096,37,Female,Single,Primary,Self-employed,73,139293,12,4,0,0.63,0,1,0,0,0.248,Medium,Low_Risk
CUST2005,33,Female,Single,Primary,Employed,61,138508,14,4,0,0.69,1,0,1,0,0.248,Medium,Low_Risk
CUST1962,35,Male,Married,Primary,Employed,58,245963,12,2,0,0.86,2,0,1,0,0.248,Low,Low_Risk
CUST1260,44,Male,Single,Secondary,Employed,104,10722,10,1,0,0.53,0,1,0,0,0.248,Low,Low_Risk
CUST0767,35,Male,Divorced,Secondary,Self-employed,104,12052,10,4,0,0.82,1,0,0,0,0.248,Medium,Low_Risk
CUST1730,31,Male,Single,University,Employed,30,141155,19,1,0,0.7,0,1,1,0,0.248,Medium,Low_Risk
CUST2945,34,Female,Single,University,Employed,65,24253,16,1,0,0.56,1,1,0,0,0.248,Low,Low_Risk
CUST0088,42,Male,Divorced,Secondary,Employed,38,171327,17,4,1,0.63,3,1,0,0,0.248,High,Medium_Risk
CUST0156,44,Male,Single,Secondary,Self-employed,69,125701,13,3,0,1.0,2,1,0,0,0.248,Medium,Low_Risk
CUST0182,46,Female,Single,Primary,Employed,86,9041,13,3,0,0.76,0,1,0,0,0.248,Medium,Low_Risk
CUST0170,36,Male,Divorced,Secondary,Self-employed,76,77499,13,1,0,0.95,1,1,0,0,0.248,Low,Low_Risk
CUST1946,29,Male,Married,,Employed,109,21513,9,4,0,0.72,1,0,0,0,0.248,Medium,Low_Risk
CUST2173,33,Male,Single,Secondary,Employed,64,31467,16,1,1,0.65,0,1,0,0,0.248,Low,Low_Risk
CUST1197,40,Female,Single,Primary,Employed,77,72066,13,1,0,0.77,1,1,0,0,0.248,Low,Low_Risk
CUST1792,31,Female,Married,Primary,Self-employed,65,67457,15,2,0,0.59,1,1,0,0,0.248,Medium,Low_Risk
CUST2949,35,Male,Married,Primary,Self-employed,87,85616,11,1,0,0.65,1,0,0,0,0.248,Low,Low_Risk
CUST1057,18,Female,Single,Secondary,Employed,40,66845,19,1,0,0.62,1,0,1,0,0.247,Medium,Low_Risk
CUST0839,49,Male,Single,University,Self-employed,50,123536,16,2,0,0.96,2,0,0,0,0.247,Medium,Low_Risk
CUST1440,43,Female,Divorced,Primary,Employed,93,41117,11,1,0,0.92,2,1,0,0,0.247,Low,Low_Risk
CUST0215,44,Male,Single,Primary,Unemployed,53,359221,10,2,0,0.99,0,1,0,0,0.247,Low,Low_Risk
CUST0198,18,Female,Single,Primary,Employed,36,95038,19,1,0,0.91,0,1,0,0,0.247,Medium,Low_Risk
CUST0567,31,Male,Single,,Employed,81,39646,13,1,0,0.78,1,1,0,0,0.247,Low,Low_Risk
CUST1787,49,Male,Married,,Employed,44,295162,13,4,0,0.77,1,1,0,0,0.247,Medium,Low_Risk
CUST0549,35,Male,Married,Primary,Self-employed,8,331591,18,1,0,0.65,1,1,1,0,0.247,Medium,Low_Risk
CUST2166,32,Male,Single,Secondary,Self-employed,52,27402,18,1,0,0.71,2,0,0,0,0.247,Medium,Low_Risk
CUST1032,34,Female,Single,Primary,Employed,32,206585,17,2,0,0.78,0,0,0,0,0.247,Medium,Low_Risk
CUST0251,19,Female,Single,University,Self-employed,49,261332,13,2,0,0.62,2,0,0,0,0.247,Medium,Low_Risk
CUST1345,32,Male,Married,Secondary,Employed,57,118351,15,2,0,0.98,2,1,1,0,0.247,Medium,Low_Risk
CUST2076,35,Female,Single,Secondary,Employed,97,12335,11,2,0,0.88,0,0,0,0,0.247,Low,Low_Risk
CUST0990,56,Male,Married,Primary,Employed,79,9379,14,1,0,0.79,2,1,1,0,0.247,Low,Low_Risk
CUST2703,42,Female,Married,Secondary,Employed,74,131732,12,1,1,0.54,2,1,1,0,0.247,Low,Low_Risk
CUST2068,18,Female,Married,,Employed,115,103193,6,2,0,0.91,3,1,0,0,0.247,Low,Low_Risk
CUST1313,40,Male,Single,Secondary,Self-employed,66,142232,13,1,0,0.7,0,1,0,0,0.247,Low,Low_Risk
CUST1106,45,Female,Married,Primary,Employed,76,157687,11,1,0,0.68,1,1,0,0,0.247,Low,Low_Risk
CUST2005,33,Male,Single,University,Self-employed,89,113301,10,1,0,0.58,0,0,0,0,0.247,Low,Low_Risk
CUST1169,34,Female,Single,Primary,Employed,50,83953,17,2,0,0.51,0,1,0,0,0.247,Medium,Low_Risk
CUST2391,41,Female,Married,University,Self-employed,81,125280,11,2,0,0.99,0,1,0,0,0.247,Low,Low_Risk
CUST2241,18,Male,Married,,Employed,76,29469,14,1,1,0.66,0,1,0,0,0.247,Low,Low_Risk
CUST1065,44,Male,Single,University,Self-employed,79,96528,12,1,0,0.83,0,1,1,0,0.247,Low,Low_Risk
CUST1579,38,Female,Single,Primary,Employed,62,44063,16,4,0,0.71,2,0,1,0,0.247,Medium,Low_Risk
CUST1594,38,Male,Married,Secondary,Employed,52,238934,13,2,0,0.99,0,1,0,0,0.247,Medium,Low_Risk
CUST0163,39,Female,Single,Primary,Employed,75,37435,14,2,0,0.7,3,0,0,0,0.247,Medium,Low_Risk
CUST2057,28,Female,Married,Primary,Unemployed,41,186132,16,2,1,0.86,1,0,0,0,0.247,Medium,Low_Risk
CUST1511,33,Female,Married,University,Employed,59,63849,16,3,1,0.84,1,0,0,0,0.247,Medium,Low_Risk
CUST0700,51,Male,Married,Secondary,Employed,98,48416,10,3,0,0.77,0,1,0,0,0.247,Medium,Low_Risk
CUST1277,42,Female,Single,Secondary,Employed,79,181432,10,3,0,0.88,0,1,1,0,0.247,Medium,Low_Risk
CUST2366,20,Female,Single,Primary,Unemployed,62,1668,17,3,0,0.86,1,0,1,0,0.247,Medium,Low_Risk
CUST2213,25,Female,Married,Secondary,Employed,83,20495,13,1,0,0.77,2,0,1,0,0.246,Low,Low_Risk
CUST1695,57,Female,Single,Secondary,Self-employed,14,30132,24,1,0,0.57,1,1,0,0,0.246,Medium,Low_Risk
CUST0224,42,Male,Divorced,University,Employed,104,3171,10,1,0,0.85,0,1,0,0,0.246,Low,Low_Risk
CUST2871,27,Female,Married,Primary,Self-employed,52,151648,15,2,0,0.7,2,1,0,0,0.246,Medium,Low_Risk
CUST0711,62,Male,Single,Secondary,Employed,59,57492,16,2,0,0.9,2,0,0,0,0.246,Medium,Low_Risk
CUST0260,33,Male,Single,Secondary,Employed,22,357622,15,3,0,0.54,0,1,0,0,0.246,Medium,Low_Risk
CUST0527,20,Female,Single,Secondary,Employed,64,108577,14,2,0,0.96,1,0,0,0,0.246,Medium,Low_Risk
CUST0912,32,Female,Divorced,Primary,Employed,48,9147,19,1,1,0.79,0,0,1,0,0.246,Medium,Low_Risk
CUST1262,31,Female,Single,Primary,Employed,65,18691,16,1,0,0.85,0,0,1,0,0.246,Low,Low_Risk
CUST1950,46,Female,Single,,Unemployed,13,417040,15,4,0,0.99,2,1,1,0,0.246,Medium,Low_Risk
CUST2557,18,Female,Married,Secondary,Employed,86,44078,12,1,0,0.75,1,1,0,0,0.246,Low,Low_Risk
CUST2325,35,Female,Married,Primary,Self-employed,71,105647,13,3,1,0.79,3,0,0,0,0.246,Medium,Medium_Risk
CUST0484,43,Female,Divorced,Secondary,Self-employed,81,248166,8,1,1,0.97,1,0,0,0,0.246,Low,Low_Risk
CUST0442,25,Male,Single,Primary,Employed,71,145686,12,1,0,0.92,2,1,0,0,0.246,Low,Low_Risk
CUST1674,29,Female,Married,,Employed,63,74910,15,1,1,0.7,1,1,0,0,0.246,Low,Low_Risk
CUST0856,36,Male,Divorced,Primary,Self-employed,74,84765,13,1,2,0.67,0,1,0,0,0.246,Low,Low_Risk
CUST2862,26,Male,Single,Primary,Self-employed,97,10574,11,1,0,0.96,1,0,0,0,0.246,Low,Low_Risk
CUST0867,32,Female,Married,Secondary,Employed,32,201230,17,2,0,0.75,1,1,1,0,0.246,Medium,Low_Risk
CUST2876,49,Female,Single,Secondary,Employed,46,150258,16,3,0,0.58,0,0,0,0,0.246,Medium,Low_Risk
CUST2928,42,Male,Married,Primary,Employed,37,41114,20,1,0,0.55,0,1,0,0,0.246,Medium,Low_Risk
CUST1221,18,Male,Married,Primary,Unemployed,19,79454,22,3,0,0.93,1,1,0,0,0.246,High,Low_Risk
CUST1939,18,Male,Divorced,Primary,Employed,58,151996,14,3,0,0.8,0,1,1,0,0.246,Medium,Low_Risk
CUST0306,38,Female,Single,Primary,Self-employed,62,82709,15,1,0,0.51,0,1,0,0,0.246,Low,Low_Risk
CUST1270,52,Female,Married,University,Employed,97,8173,11,2,0,0.8,4,1,0,0,0.246,Low,Low_Risk
CUST1412,29,Female,Married,Primary,Employed,65,61917,15,2,0,0.98,3,1,1,0,0.246,Medium,Low_Risk
CUST0077,27,Male,Single,University,Unemployed,4,142019,23,1,0,0.75,1,1,0,0,0.246,Medium,Low_Risk
CUST2112,42,Male,Married,Secondary,Employed,86,41579,12,2,0,0.92,1,1,1,0,0.246,Low,Low_Risk
CUST2927,40,Female,Married,University,Employed,74,211038,10,1,0,0.92,2,0,0,0,0.246,Low,Low_Risk
CUST0052,37,Female,Single,University,Self-employed,20,626753,9,2,0,0.52,0,1,1,0,0.246,Low,Low_Risk
CUST2125,39,Male,Single,,Employed,58,235213,12,2,1,0.99,2,0,0,0,0.246,Low,Low_Risk
CUST2395,52,Female,Married,Primary,Employed,55,40178,17,4,0,0.6,1,1,1,0,0.245,High,Low_Risk
CUST1442,44,Female,Divorced,Primary,Employed,101,105142,8,1,1,0.84,2,1,0,0,0.245,Low,Low_Risk
CUST2489,37,Male,Single,,Employed,21,531285,11,1,0,0.73,1,0,0,0,0.245,Low,Low_Risk
CUST2057,43,Female,Single,Secondary,Employed,104,1074,10,3,0,0.87,0,0,1,0,0.245,Medium,Low_Risk
CUST0322,43,Male,Married,Primary,Employed,11,128810,22,2,0,0.77,1,0,0,0,0.245,Medium,Low_Risk
CUST1261,47,Male,Married,Secondary,Self-employed,65,98541,14,1,0,0.54,0,1,1,0,0.245,Low,Low_Risk
CUST2304,21,Female,Married,Secondary,Employed,29,304876,15,2,0,0.9,0,1,0,0,0.245,Medium,Low_Risk
CUST1173,53,Female,Divorced,Secondary,Self-employed,3,272789,20,2,0,0.65,3,1,0,0,0.245,Medium,Low_Risk
CUST2950,28,Female,Divorced,Primary,Self-employed,69,70391,14,1,0,0.84,2,0,0,0,0.245,Low,Low_Risk
CUST2216,20,Male,Married,Primary,Employed,41,8738,20,3,0,0.56,1,1,1,0,0.245,Medium,Low_Risk
CUST0917,31,Male,Married,,Employed,79,3628,14,3,1,0.67,1,1,1,0,0.245,Medium,Low_Risk
CUST0952,29,Male,Single,University,Self-employed,82,22704,13,4,0,0.62,0,1,1,0,0.245,Medium,Low_Risk
CUST2700,31,Male,Married,Primary,Self-employed,88,66545,11,1,1,0.75,1,0,0,0,0.245,Low,Low_Risk
CUST2216,46,Female,Married,Secondary,Self-employed,32,241224,16,1,1,0.9,1,1,0,0,0.245,Low,Low_Risk
CUST0492,36,Female,Married,University,Unemployed,18,166048,20,2,1,0.78,0,1,0,0,0.245,Medium,Low_Risk
CUST2201,24,Female,Single,,Employed,95,62502,10,2,0,0.66,2,1,0,0,0.245,Low,Low_Risk
CUST2358,55,Female,Married,Secondary,Employed,37,378604,12,2,0,0.72,1,1,0,0,0.245,Low,Low_Risk
CUST0442,30,Male,Married,Primary,Self-employed,62,32626,16,1,0,0.59,2,0,0,0,0.245,Low,Low_Risk
CUST1599,18,Male,Married,University,Unemployed,46,53725,18,1,1,0.98,1,1,0,0,0.244,Medium,Low_Risk
CUST2085,44,Male,Married,Primary,Self-employed,61,78183,15,2,0,0.57,2,1,0,0,0.244,Medium,Low_Risk
CUST2550,46,Female,Married,,Employed,24,421672,13,1,0,0.83,0,1,0,0,0.244,Low,Low_Risk
CUST1942,46,Female,Married,,Self-employed,97,45741,10,1,0,0.57,2,1,0,0,0.244,Low,Low_Risk
CUST1674,38,Female,Married,,Employed,38,451612,10,4,0,0.55,1,1,0,0,0.244,Medium,Low_Risk
CUST0974,54,Female,Single,Secondary,Employed,49,205623,14,3,0,0.86,2,1,0,0,0.244,Medium,Low_Risk
CUST2692,44,Female,Married,University,Employed,33,17009,21,2,0,0.54,2,0,0,0,0.244,Medium,Low_Risk
CUST1815,38,Female,Single,University,Employed,22,92128,21,3,0,0.73,2,0,1,0,0.244,Medium,Low_Risk
CUST1658,34,Female,Married,Secondary,Employed,49,34740,18,3,0,0.99,0,1,0,0,0.244,Medium,Low_Risk
CUST0034,18,Female,Single,Secondary,Employed,93,72651,10,1,0,0.52,2,0,0,0,0.244,Low,Low_Risk
CUST1533,43,Male,Single,Primary,Self-employed,68,115720,13,1,0,0.54,1,1,1,0,0.244,Low,Low_Risk
CUST1668,45,Male,Single,Primary,Employed,116,39175,7,3,0,0.79,0,0,1,0,0.244,Low,Low_Risk
CUST1317,45,Male,Single,University,Unemployed,31,115353,19,2,0,0.51,0,1,0,0,0.244,Medium,Low_Risk
CUST1371,24,Male,Single,,Unemployed,105,31960,9,1,0,0.59,0,1,1,0,0.244,Low,Low_Risk
CUST2800,34,Female,Single,University,Self-employed,23,128560,20,3,1,0.84,3,1,0,0,0.244,Medium,Medium_Risk
CUST2784,36,Male,Married,Secondary,Self-employed,46,225131,14,4,0,0.76,1,1,0,0,0.244,Medium,Low_Risk
CUST0877,29,Female,Single,Primary,Self-employed,63,67047,15,4,0,0.71,1,1,0,0,0.244,Medium,Low_Risk
CUST2498,37,Female,Single,Primary,Employed,48,254294,13,4,0,0.56,1,1,0,0,0.244,Medium,Low_Risk
CUST0359,41,Male,Married,Primary,Self-employed,67,164669,12,2,0,0.79,0,1,0,0,0.244,Low,Low_Risk
CUST0445,54,Female,Married,Secondary,Employed,47,261590,13,1,0,0.87,0,0,0,0,0.244,Low,Low_Risk
CUST1274,45,Male,Married,University,Self-employed,66,169570,12,1,0,0.57,1,0,1,0,0.243,Low,Low_Risk
CUST1864,39,Male,Single,University,Unemployed,29,168619,18,1,0,0.59,1,1,0,0,0.243,Medium,Low_Risk
CUST0344,41,Male,Single,Secondary,Employed,96,46574,10,3,2,0.77,0,1,0,0,0.243,Medium,Low_Risk
CUST2723,38,Male,Married,Secondary,Employed,23,505412,11,2,0,0.53,2,1,0,0,0.243,Low,Low_Risk
CUST0720,24,Male,Married,University,Self-employed,46,7111,19,1,0,0.76,2,0,0,0,0.243,Medium,Low_Risk
CUST0122,27,Male,Single,Primary,Employed,67,74852,14,1,0,0.97,1,1,1,0,0.243,Low,Low_Risk
CUST1868,18,Female,Single,Secondary,Employed,21,477436,12,3,1,0.69,0,1,0,0,0.243,Medium,Low_Risk
CUST0078,29,Female,Single,Primary,Employed,108,8744,9,4,0,0.81,1,1,0,0,0.243,Medium,Low_Risk
CUST2129,39,Female,Married,University,Unemployed,53,44753,17,4,0,0.74,0,1,0,0,0.243,High,Low_Risk
CUST1403,31,Female,Married,University,Employed,66,39363,15,1,1,0.67,0,0,0,0,0.243,Low,Low_Risk
CUST2990,40,Male,Married,Secondary,Employed,53,217797,13,2,0,0.7,2,1,0,0,0.243,Medium,Low_Risk
CUST0590,26,Male,Single,Secondary,Employed,84,46403,12,3,0,0.94,4,1,0,0,0.243,Medium,Low_Risk
CUST0614,63,Male,Single,Secondary,Employed,51,102624,16,3,0,0.73,1,1,0,0,0.243,Medium,Low_Risk
CUST2736,35,Female,Single,Secondary,Employed,6,73825,24,4,1,0.94,1,1,0,0,0.243,High,Low_Risk
CUST0319,20,Male,Married,Primary,Unemployed,14,229718,19,4,0,0.63,2,0,1,0,0.243,High,Low_Risk
CUST1311,47,Female,Single,Secondary,Self-employed,84,85655,11,2,0,0.75,1,1,1,0,0.243,Low,Low_Risk
CUST0605,41,Male,Married,Secondary,Employed,44,62662,18,1,0,0.5,0,1,1,0,0.242,Medium,Low_Risk
CUST1261,34,Male,Single,,Unemployed,73,116665,12,3,0,0.82,2,1,0,0,0.242,Medium,Low_Risk
CUST2174,32,Male,Single,Secondary,Employed,35,82568,19,1,0,0.91,2,1,0,0,0.242,Medium,Low_Risk
CUST0530,30,Male,Single,,Self-employed,65,86684,14,4,0,0.92,3,0,0,0,0.242,Medium,Low_Risk
CUST0492,18,Male,Single,Secondary,Self-employed,68,24843,15,2,0,0.6,0,1,0,0,0.242,Medium,Low_Risk
CUST1055,34,Female,Married,Primary,Unemployed,52,345977,10,3,0,0.62,0,0,0,0,0.242,Medium,Low_Risk
CUST1682,22,Male,Married,Secondary,Employed,55,69618,16,1,1,0.6,2,1,0,0,0.242,Low,Low_Risk
CUST1346,35,Female,Married,Secondary,Self-employed,97,78761,9,1,0,0.68,1,1,1,0,0.242,Low,Low_Risk
CUST0457,31,Female,Married,Primary,Employed,35,206690,16,4,0,0.56,2,1,1,0,0.242,Medium,Low_Risk
CUST1493,44,Male,Married,Secondary,Employed,84,210466,8,3,1,0.65,1,1,0,0,0.242,Medium,Low_Risk
CUST0183,49,Female,Single,Primary,Self-employed,50,188732,14,1,1,0.97,0,1,0,0,0.242,Low,Low_Risk
CUST0465,25,Male,Married,University,Employed,34,215011,16,1,0,0.53,1,1,1,0,0.242,Low,Low_Risk
CUST2649,34,Male,Single,University,Self-employed,84,41960,12,3,0,0.92,1,0,0,0,0.242,Medium,Low_Risk
CUST1089,32,Female,Single,Secondary,Unemployed,68,150338,12,1,0,0.77,1,1,0,0,0.242,Low,Low_Risk
CUST1153,53,Female,Married,Primary,Self-employed,37,110030,18,2,2,0.6,1,1,0,0,0.242,Medium,Medium_Risk
CUST1567,28,Female,Married,Secondary,Self-employed,80,67477,12,1,0,0.62,0,1,0,0,0.242,Low,Low_Risk
CUST1879,50,Male,Single,Secondary,Self-employed,115,37969,7,2,0,0.99,2,1,1,0,0.242,Low,Low_Risk
CUST0449,29,Female,Married,,Employed,44,56735,18,1,0,0.88,1,1,0,0,0.241,Medium,Low_Risk
CUST2840,38,Female,Single,Primary,Employed,65,167793,12,2,0,0.72,0,1,0,0,0.241,Low,Low_Risk
CUST2314,31,Female,Single,Secondary,Self-employed,32,55021,20,1,1,0.58,0,1,1,0,0.241,Medium,Low_Risk
CUST0051,35,Male,Married,Secondary,Employed,37,60856,19,2,1,0.56,1,1,0,0,0.241,Medium,Low_Risk
CUST2780,38,Female,Married,Secondary,Employed,73,111006,12,2,0,0.7,0,1,1,0,0.241,Low,Low_Risk
CUST1667,55,Female,Single,,Employed,51,10214,18,3,0,0.59,1,1,0,0,0.241,Medium,Low_Risk
CUST0351,30,Female,Single,Primary,Employed,80,20695,13,3,0,0.57,0,1,1,0,0.241,Medium,Low_Risk
CUST0799,38,Male,Married,University,Employed,71,168239,11,3,0,0.74,0,0,0,0,0.241,Medium,Low_Risk
CUST1864,18,Female,Single,Secondary,Self-employed,55,193695,13,1,0,0.71,3,1,0,0,0.241,Low,Low_Risk
CUST1921,45,Female,Single,Secondary,Unemployed,38,139556,17,1,1,0.96,0,1,1,0,0.241,Low,Low_Risk
CUST1056,48,Female,Married,Secondary,Employed,60,75835,15,3,0,0.56,1,1,0,0,0.241,Medium,Low_Risk
CUST2825,43,Male,Single,Secondary,Employed,78,33427,13,1,0,0.88,0,1,0,0,0.241,Low,Low_Risk
CUST0403,28,Female,Married,Primary,Self-employed,51,93749,16,2,0,0.69,0,1,0,0,0.241,Medium,Low_Risk
CUST2597,24,Female,Single,Primary,Employed,2,217507,21,1,0,0.84,0,0,0,0,0.241,Medium,Low_Risk
CUST2010,54,Male,Single,,Employed,87,187241,8,1,0,0.96,1,1,0,0,0.241,Low,Low_Risk
CUST0256,36,Female,Married,Secondary,Employed,21,344433,15,2,0,0.8,2,1,1,0,0.241,Medium,Low_Risk
CUST2587,26,Female,Married,Secondary,Employed,76,175581,10,1,0,0.62,0,0,1,0,0.241,Low,Low_Risk
CUST1710,37,Male,Married,University,Employed,13,484727,13,1,0,0.56,0,1,0,0,0.241,Low,Low_Risk
CUST2434,31,Male,Married,University,Employed,34,254307,15,2,0,0.66,1,1,1,0,0.241,Medium,Low_Risk
CUST0438,30,Female,Divorced,Primary,Employed,89,4188,12,4,0,0.96,0,1,0,0,0.241,Medium,Low_Risk
CUST1767,33,Male,Single,Primary,Employed,54,28929,17,1,0,0.93,1,1,1,0,0.241,Low,Low_Risk
CUST0475,23,Male,Single,Secondary,Employed,41,416809,10,2,0,0.6,0,0,0,0,0.241,Low,Low_Risk
CUST0184,27,Male,Married,University,Employed,66,33273,15,1,0,0.71,0,1,0,0,0.241,Low,Low_Risk
CUST1528,29,Female,Married,,Employed,23,244921,17,3,0,0.93,0,1,0,0,0.241,Medium,Low_Risk
CUST2200,41,Male,Married,Primary,Self-employed,18,278685,17,1,0,0.65,1,1,1,0,0.241,Low,Low_Risk
CUST2681,42,Male,Single,University,Self-employed,10,455806,14,4,0,0.57,1,0,0,0,0.24,Medium,Low_Risk
CUST0120,49,Female,Married,University,Employed,61,62687,15,1,0,0.96,2,1,1,0,0.24,Low,Low_Risk
CUST2236,52,Female,Divorced,Primary,Unemployed,80,144777,10,2,0,0.54,0,0,0,0,0.24,Low,Low_Risk
CUST1885,38,Female,Single,Secondary,Employed,28,33929,21,1,0,0.81,2,1,0,0,0.24,Medium,Low_Risk
CUST1969,42,Male,Married,Secondary,Employed,52,168577,14,2,0,0.73,4,1,0,0,0.24,Medium,Low_Risk
CUST1675,23,Female,Divorced,Primary,Employed,62,56225,15,1,0,0.83,1,1,0,0,0.24,Low,Low_Risk
CUST0892,42,Male,Married,University,Self-employed,42,277958,13,1,0,0.91,0,1,1,0,0.24,Low,Low_Risk
CUST1775,34,Female,Single,Secondary,Employed,16,74055,22,3,0,0.77,3,1,1,0,0.24,High,Low_Risk
CUST1287,28,Male,Single,Secondary,Self-employed,33,86064,19,2,0,0.83,0,1,0,0,0.24,Medium,Low_Risk
CUST0681,27,Male,Married,Secondary,Employed,10,330950,17,2,0,0.6,0,0,1,0,0.24,Medium,Low_Risk
CUST0102,31,Female,Married,Primary,Employed,71,80427,13,2,0,0.65,0,1,1,0,0.24,Medium,Low_Risk
CUST2515,18,Male,Married,University,Employed,56,12851,17,1,0,0.75,0,0,0,0,0.24,Low,Low_Risk
CUST0162,21,Female,Married,Secondary,Employed,48,323580,11,2,1,0.89,3,1,0,0,0.24,Low,Medium_Risk
CUST2753,29,Female,Single,Secondary,Employed,51,48511,17,2,1,0.87,1,1,0,0,0.24,Medium,Low_Risk
CUST1815,48,Male,Single,University,Employed,56,53052,16,1,0,0.89,2,1,1,0,0.239,Low,Low_Risk
CUST2046,46,Male,Married,Secondary,Unemployed,26,258530,16,4,0,0.54,0,1,1,0,0.239,Medium,Low_Risk
CUST0479,37,Male,Divorced,Secondary,Employed,27,294992,15,3,1,0.85,1,1,0,0,0.239,Medium,Low_Risk
CUST2795,36,Female,Divorced,University,Unemployed,87,51986,11,1,0,0.89,0,1,0,0,0.239,Low,Low_Risk
CUST1929,26,Female,Single,University,Employed,57,127647,14,4,0,0.95,1,1,0,0,0.239,Medium,Low_Risk
CUST1711,32,Female,Single,Secondary,Employed,55,56566,16,1,1,0.83,1,0,0,0,0.239,Low,Low_Risk
CUST0991,18,Male,Married,University,Employed,24,59109,21,3,0,0.64,1,1,1,0,0.239,Medium,Low_Risk
CUST2906,47,Male,Single,,Employed,35,196298,16,4,0,0.73,1,1,1,0,0.239,Medium,Low_Risk
CUST1097,36,Female,Married,University,Unemployed,67,103024,13,3,1,0.77,2,1,0,0,0.239,Medium,Low_Risk
CUST0594,28,Female,Divorced,University,Employed,21,37275,22,3,0,0.67,1,1,0,0,0.239,High,Low_Risk
CUST0573,44,Female,Single,University,Unemployed,37,223891,15,4,0,0.92,3,0,0,0,0.239,Medium,Low_Risk
CUST2470,41,Female,Single,Secondary,Self-employed,17,236529,18,4,1,0.54,3,1,0,0,0.239,High,Medium_Risk
CUST1125,34,Male,Single,Secondary,Employed,16,325387,16,3,0,0.56,0,1,0,0,0.239,Medium,Low_Risk
CUST0257,29,Male,Single,Secondary,Employed,97,193495,6,1,0,0.65,0,1,1,0,0.239,Low,Low_Risk
CUST0498,20,Female,Single,Secondary,Self-employed,29,407803,12,3,0,0.81,2,0,0,0,0.239,Medium,Low_Risk
CUST1584,38,Male,Married,Primary,Self-employed,60,103817,14,2,0,0.71,0,0,1,0,0.238,Medium,Low_Risk
CUST0539,42,Female,Married,Secondary,Employed,66,64000,14,1,0,0.87,2,1,1,0,0.238,Low,Low_Risk
CUST2827,32,Male,Married,Primary,Employed,40,155780,16,3,0,0.64,0,0,0,0,0.238,Medium,Low_Risk
CUST0772,33,Female,Married,Secondary,Unemployed,93,88938,9,1,0,0.71,0,1,1,0,0.238,Low,Low_Risk
CUST1064,38,Male,Single,Primary,Employed,61,184080,12,2,0,0.89,0,1,0,0,0.238,Low,Low_Risk
CUST0697,49,Male,Married,Primary,Employed,73,16840,14,2,0,0.85,3,1,0,0,0.238,Medium,Low_Risk
CUST0523,31,Female,Married,Secondary,Employed,62,91258,14,2,0,0.78,4,1,0,0,0.238,Medium,Low_Risk
CUST2421,32,Female,Single,,Self-employed,60,20415,16,1,0,0.66,0,1,0,0,0.238,Low,Low_Risk
CUST2269,44,Female,Married,University,Self-employed,32,128623,18,4,0,0.96,0,1,1,0,0.238,High,Low_Risk
CUST2109,45,Male,Married,Primary,Employed,54,18977,17,3,0,0.97,3,1,0,0,0.238,Medium,Low_Risk
CUST0169,30,Female,Married,Secondary,Employed,41,22557,19,1,1,0.6,2,1,0,0,0.238,Medium,Low_Risk
CUST2892,29,Male,Married,Primary,Self-employed,70,78336,13,2,1,0.56,1,1,0,0,0.238,Medium,Low_Risk
CUST0637,30,Male,Divorced,,Employed,37,91290,18,2,0,0.7,1,1,1,0,0.238,Medium,Low_Risk
CUST0762,41,Female,Single,Secondary,Self-employed,11,397899,15,2,0,0.91,1,1,1,0,0.238,Medium,Low_Risk
CUST1028,29,Female,Married,,Employed,97,18407,10,1,0,0.82,0,1,1,0,0.238,Low,Low_Risk
CUST1462,35,Male,Single,University,Employed,75,841,14,1,2,0.98,1,0,1,0,0.238,Low,Medium_Risk
CUST0714,23,Female,Single,University,Employed,19,217787,18,3,0,0.99,2,1,0,0,0.238,Medium,Low_Risk
CUST0986,32,Male,Married,Primary,Self-employed,77,74240,12,2,0,0.5,2,1,1,0,0.238,Low,Low_Risk
CUST1224,38,Male,Single,University,Self-employed,35,192004,16,2,0,0.72,0,1,0,0,0.238,Medium,Low_Risk
CUST1478,39,Male,Married,Secondary,Employed,105,5436,9,2,0,0.78,0,1,1,0,0.238,Low,Low_Risk
CUST0500,26,Male,Married,,Employed,57,339207,9,1,0,0.71,1,0,0,0,0.238,Low,Low_Risk
CUST2810,22,Female,Married,Primary,Unemployed,21,246479,17,2,1,0.62,1,1,1,0,0.238,Medium,Low_Risk
CUST2603,26,Male,Married,Primary,Employed,85,15960,12,3,0,0.85,0,1,0,0,0.238,Medium,Low_Risk
CUST1177,36,Female,Married,Secondary,Employed,18,223375,18,2,0,0.82,2,0,0,0,0.238,Medium,Low_Risk
CUST0729,51,Male,Married,Primary,Unemployed,68,46166,14,3,0,0.99,4,0,0,0,0.237,Medium,Low_Risk
CUST0474,50,Female,Married,University,Employed,71,23198,14,1,0,0.72,1,0,1,0,0.237,Low,Low_Risk
CUST2790,44,Female,Married,Primary,Employed,26,36626,21,1,0,0.52,1,1,0,0,0.237,Medium,Low_Risk
CUST2469,38,Female,Single,Primary,Employed,83,25498,12,1,0,0.62,1,0,0,0,0.237,Low,Low_Risk
CUST1452,34,Male,Married,Primary,Employed,94,121087,8,1,0,0.53,0,0,0,0,0.237,Low,Low_Risk
CUST0108,35,Male,Single,Secondary,Self-employed,80,176706,9,4,0,0.97,1,1,0,0,0.237,Medium,Low_Risk
CUST0647,28,Male,Single,Secondary,Employed,28,277470,15,2,0,0.71,0,0,1,0,0.237,Medium,Low_Risk
CUST0467,39,Female,Single,Secondary,Employed,27,201481,17,2,0,0.84,0,1,1,0,0.237,Medium,Low_Risk
CUST2983,50,Female,Married,Primary,Employed,63,78003,14,1,0,0.69,0,1,1,0,0.237,Low,Low_Risk
CUST2778,26,Female,Single,,Employed,76,75407,12,3,0,0.9,1,0,0,0,0.237,Medium,Low_Risk
CUST1703,47,Female,Single,Secondary,Self-employed,81,252187,7,1,0,0.51,0,1,1,0,0.237,Low,Low_Risk
CUST1112,49,Male,Married,Secondary,Unemployed,21,72182,21,2,0,0.61,1,1,0,0,0.237,Medium,Low_Risk
CUST2044,35,Male,Married,Primary,Self-employed,55,221628,12,2,0,0.8,1,0,1,0,0.237,Low,Low_Risk
CUST1171,20,Male,Married,Secondary,Employed,7,209026,20,2,0,0.66,1,1,1,0,0.237,Medium,Low_Risk
CUST2753,37,Female,Single,Primary,Self-employed,76,71976,12,2,0,0.6,4,1,1,0,0.236,Low,Low_Risk
CUST1611,21,Male,Single,,Employed,5,176534,21,4,0,0.62,2,1,0,0,0.236,High,Low_Risk
CUST1900,24,Male,Single,Primary,Unemployed,24,172488,18,2,0,0.91,0,0,1,0,0.236,Medium,Low_Risk
CUST0309,37,Male,Single,Secondary,Employed,86,46689,11,3,0,0.63,2,1,0,0,0.236,Medium,Low_Risk
CUST0315,34,Male,Married,,Employed,27,25449,21,1,0,0.7,0,1,0,0,0.236,Medium,Low_Risk
CUST0123,23,Female,Married,Primary,Employed,74,1120,14,3,0,0.69,0,0,0,0,0.236,Medium,Low_Risk
CUST0331,46,Male,Single,Primary,Self-employed,5,219940,20,2,0,0.95,1,1,0,0,0.236,Medium,Low_Risk
CUST1489,28,Male,Married,Primary,Employed,39,198263,15,3,0,0.86,0,1,0,0,0.236,Medium,Low_Risk
CUST0271,33,Female,Married,Secondary,Employed,78,14424,13,4,0,0.77,1,1,0,0,0.236,Medium,Low_Risk
CUST0236,34,Female,Single,,Self-employed,8,370321,16,1,0,0.92,2,1,0,0,0.236,Low,Low_Risk
CUST2051,49,Female,Married,University,Employed,59,186910,12,3,0,0.97,1,1,0,0,0.236,Medium,Low_Risk
CUST1331,47,Male,Married,Secondary,Employed,17,181239,19,4,1,0.77,1,0,0,0,0.236,High,Low_Risk
CUST0584,46,Male,Married,Primary,Self-employed,66,10627,15,1,1,0.68,1,0,0,0,0.236,Low,Low_Risk
CUST1226,45,Male,Single,Secondary,Unemployed,25,252513,16,3,0,0.51,1,1,1,0,0.236,Medium,Low_Risk
CUST0222,45,Female,Divorced,Primary,Employed,45,112887,16,1,0,0.52,2,1,0,0,0.236,Low,Low_Risk
CUST1508,40,Female,Married,Primary,Self-employed,75,33556,13,4,1,0.62,1,1,0,0,0.236,Medium,Low_Risk
CUST1314,28,Male,Single,Primary,Self-employed,24,342500,14,2,0,0.72,1,0,0,0,0.236,Medium,Low_Risk
CUST1836,24,Female,Single,Primary,Employed,63,76589,14,2,0,0.69,0,1,0,0,0.236,Medium,Low_Risk
CUST1691,19,Female,Married,Secondary,Self-employed,103,98334,7,2,0,0.55,1,1,1,0,0.236,Low,Low_Risk
CUST2160,26,Female,Single,,Employed,62,167188,12,1,0,0.75,0,1,1,0,0.236,Low,Low_Risk
CUST0218,35,Female,Single,Primary,Employed,95,69688,9,1,0,0.87,2,0,1,0,0.236,Low,Low_Risk
CUST1169,34,Female,Married,Primary,Employed,62,209761,11,3,1,0.85,1,1,0,0,0.236,Medium,Low_Risk
CUST2626,35,Male,Married,Secondary,Employed,31,85459,19,2,0,0.68,2,1,0,0,0.236,Medium,Low_Risk
CUST1433,48,Male,Single,,Employed,69,34605,14,2,0,0.62,0,1,0,0,0.236,Medium,Low_Risk
CUST2440,41,Female,Married,Secondary,Self-employed,64,23392,15,1,1,0.89,0,0,0,0,0.235,Low,Low_Risk
CUST2154,40,Female,Single,Secondary,Employed,19,331494,15,4,0,0.64,1,0,0,0,0.235,Medium,Low_Risk
CUST0201,64,Male,Married,University,Employed,61,423514,6,2,0,0.58,1,1,1,0,0.235,Low,Low_Risk
CUST2115,45,Female,Divorced,Primary,Unemployed,56,160882,13,3,0,0.82,0,1,1,0,0.235,Medium,Low_Risk
CUST0624,22,Female,Single,Secondary,Employed,87,32216,11,1,0,0.86,2,0,1,0,0.235,Low,Low_Risk
CUST0154,23,Male,Married,Secondary,Employed,43,37549,18,2,0,0.71,1,0,0,0,0.235,Medium,Low_Risk
CUST0777,30,Female,Single,University,Self-employed,14,325836,16,2,0,0.7,2,0,0,0,0.235,Medium,Low_Risk
CUST2317,22,Female,Married,University,Self-employed,51,110752,15,3,0,0.57,0,0,1,0,0.235,Medium,Low_Risk
CUST0081,26,Female,Single,Secondary,Employed,28,140710,18,3,0,0.65,1,1,1,0,0.235,Medium,Low_Risk
CUST0740,35,Female,Married,Secondary,Self-employed,83,231986,7,1,0,0.68,1,1,0,0,0.235,Low,Low_Risk
CUST0162,39,Male,Single,University,Employed,80,81358,11,1,0,0.69,0,0,1,0,0.235,Low,Low_Risk
CUST0414,26,Female,Married,Secondary,Employed,49,125448,15,2,0,0.85,1,0,0,0,0.235,Medium,Low_Risk
CUST0831,18,Male,Married,Primary,Self-employed,85,45882,11,4,0,0.62,0,0,1,0,0.235,Medium,Low_Risk
CUST1970,25,Female,Single,Secondary,Employed,59,143497,13,2,0,0.68,0,1,1,0,0.235,Medium,Low_Risk
CUST0194,63,Male,Married,University,Employed,8,24061,24,1,0,0.59,1,1,1,0,0.235,Medium,Low_Risk
CUST1210,52,Female,Single,Secondary,Self-employed,98,84901,8,2,1,0.89,2,1,1,0,0.235,Low,Low_Risk
CUST2993,30,Male,Married,Secondary,Employed,52,60540,16,1,1,0.71,1,1,0,0,0.235,Low,Low_Risk
CUST0964,44,Male,Single,Primary,Self-employed,59,54602,15,2,0,0.87,2,1,1,0,0.235,Medium,Low_Risk
CUST2069,34,Male,Married,Primary,Unemployed,65,141248,12,2,0,0.88,0,1,0,0,0.235,Low,Low_Risk
CUST0749,18,Male,Married,Secondary,Employed,42,175480,15,2,0,0.66,1,1,0,0,0.235,Medium,Low_Risk
CUST0800,33,Female,Single,Primary,Employed,5,258164,19,1,0,0.61,1,1,0,0,0.235,Medium,Low_Risk
CUST2004,33,Male,Single,Primary,Employed,104,1309,9,2,0,0.94,2,0,0,0,0.235,Low,Low_Risk
CUST1731,31,Female,Single,University,Self-employed,84,49060,11,1,0,0.75,3,1,0,0,0.234,Low,Low_Risk
CUST0048,23,Female,Single,Secondary,Employed,43,34211,18,1,0,0.75,0,1,1,0,0.234,Medium,Low_Risk
CUST2518,45,Female,Single,Primary,Employed,25,202341,17,2,0,0.87,0,0,1,0,0.234,Medium,Low_Risk
CUST0788,34,Male,Married,Secondary,Employed,46,142198,15,1,0,0.67,1,1,1,0,0.234,Low,Low_Risk
CUST0821,28,Female,Married,Secondary,Self-employed,56,117181,14,4,0,0.9,1,1,0,0,0.234,Medium,Low_Risk
CUST1781,37,Male,Married,,Employed,22,10448,22,3,0,0.82,1,1,0,0,0.234,High,Low_Risk
CUST2199,32,Female,Married,Primary,Employed,75,27697,13,4,0,0.55,1,0,1,0,0.234,Medium,Low_Risk
CUST1161,45,Male,Married,University,Employed,41,90889,17,1,0,0.78,2,0,0,0,0.234,Low,Low_Risk
CUST2790,38,Female,Single,Secondary,Employed,62,73845,14,4,0,0.64,1,1,0,0,0.234,Medium,Low_Risk
CUST1094,40,Male,Single,Secondary,Employed,89,16136,11,4,0,0.81,0,1,1,0,0.234,Medium,Low_Risk
CUST2582,41,Female,Married,University,Self-employed,24,334401,14,4,0,0.75,1,1,0,0,0.234,Medium,Low_Risk
CUST1088,28,Male,Single,Secondary,Self-employed,72,49935,13,1,0,0.74,2,0,1,0,0.234,Low,Low_Risk
CUST1782,45,Female,Married,Secondary,Employed,45,20183,18,4,1,0.64,0,1,0,0,0.234,High,Low_Risk
CUST2705,38,Female,Married,Primary,Self-employed,38,111283,17,3,1,0.86,2,1,0,0,0.234,Medium,Low_Risk
CUST0854,38,Female,Married,Secondary,Employed,56,158950,13,1,0,0.67,0,0,1,0,0.234,Low,Low_Risk
CUST1865,24,Male,Single,Primary,Employed,54,172099,13,3,0,0.78,0,0,0,0,0.234,Medium,Low_Risk
CUST0812,44,Male,Married,Primary,Employed,25,75050,20,2,0,0.71,2,1,0,0,0.234,Medium,Low_Risk
CUST2259,50,Female,Married,University,Employed,29,130468,18,1,0,0.67,0,1,0,0,0.234,Medium,Low_Risk
CUST2331,28,Female,Single,Primary,Employed,18,334212,15,3,0,0.8,0,1,0,0,0.234,Medium,Low_Risk
CUST2066,18,Male,Married,Secondary,Self-employed,52,58529,16,2,0,0.86,2,0,1,0,0.234,Medium,Low_Risk
CUST1719,18,Male,Married,Primary,Unemployed,86,35560,11,2,0,0.7,1,0,0,0,0.234,Low,Low_Risk
CUST0831,43,Female,Divorced,University,Employed,84,7456,12,2,0,0.9,3,1,0,0,0.234,Low,Low_Risk
CUST0874,33,Female,Married,Primary,Self-employed,32,195171,16,2,0,0.74,1,1,0,0,0.234,Medium,Low_Risk
CUST2718,53,Female,Married,Secondary,Employed,62,116172,13,2,1,0.88,1,1,1,0,0.234,Medium,Low_Risk
CUST1556,24,Male,Married,Secondary,Employed,54,86198,15,2,1,0.71,0,0,1,0,0.234,Medium,Low_Risk
CUST1362,25,Female,Single,Secondary,Self-employed,1,577255,12,1,0,0.68,1,0,0,0,0.233,Low,Low_Risk
CUST1099,39,Male,Married,University,Employed,68,28377,14,2,0,0.81,3,1,0,0,0.233,Medium,Low_Risk
CUST2635,30,Male,Single,University,Employed,92,76889,9,3,1,0.62,3,1,0,0,0.233,Medium,Medium_Risk
CUST1964,57,Female,Married,,Employed,37,74263,18,2,0,0.83,1,1,0,0,0.233,Medium,Low_Risk
CUST2080,43,Female,Married,Secondary,Employed,83,54290,11,1,0,0.85,1,0,1,0,0.233,Low,Low_Risk
CUST1482,49,Male,Married,Secondary,Self-employed,56,67978,15,2,0,0.71,2,0,0,0,0.233,Medium,Low_Risk
CUST0489,35,Female,Single,Secondary,Self-employed,63,65253,14,1,0,0.61,1,1,0,0,0.233,Low,Low_Risk
CUST1723,43,Female,Single,University,Employed,70,16898,14,1,0,0.76,0,1,0,0,0.233,Low,Low_Risk
CUST1401,38,Female,Married,,Unemployed,62,28146,15,1,0,0.66,0,1,0,0,0.233,Low,Low_Risk
CUST1351,32,Male,Married,Secondary,Employed,29,554093,8,4,1,0.86,0,1,0,0,0.233,Medium,Low_Risk
CUST0570,33,Male,Married,Secondary,Self-employed,83,8711,12,1,0,0.6,1,1,1,0,0.233,Low,Low_Risk
CUST0849,36,Female,Single,Secondary,Employed,49,161723,14,2,0,0.96,2,1,0,0,0.233,Medium,Low_Risk
CUST1935,36,Female,Single,Secondary,Employed,52,11038,17,3,0,0.98,1,0,1,0,0.233,Medium,Low_Risk
CUST0502,33,Female,Divorced,Secondary,Employed,62,26050,15,2,0,0.75,2,1,0,0,0.233,Medium,Low_Risk
CUST0849,18,Male,Married,Secondary,Self-employed,130,27302,4,2,0,0.55,0,1,1,0,0.233,Low,Low_Risk
CUST2046,30,Male,Divorced,Secondary,Self-employed,65,48302,14,3,0,0.53,1,0,0,0,0.233,Medium,Low_Risk
CUST1033,45,Male,Married,Primary,Employed,85,122607,9,4,0,0.76,0,0,0,0,0.233,Medium,Low_Risk
CUST0051,18,Male,Single,University,Self-employed,78,2622,13,1,0,0.68,0,1,0,0,0.233,Low,Low_Risk
CUST2290,43,Male,Single,Primary,Self-employed,88,16932,11,3,0,0.75,0,0,0,0,0.233,Medium,Low_Risk
CUST0398,30,Male,Married,Secondary,Employed,29,168490,17,1,0,0.78,0,1,0,0,0.233,Low,Low_Risk
CUST2683,51,Male,Single,Primary,Employed,52,52697,16,1,0,0.62,1,1,0,0,0.233,Low,Low_Risk
CUST1119,37,Female,Single,University,Self-employed,44,23634,18,1,0,0.72,3,1,0,0,0.233,Medium,Low_Risk
CUST0794,32,Female,Single,Primary,Unemployed,49,198994,13,4,0,0.52,0,1,0,0,0.232,Medium,Low_Risk
CUST2593,46,Female,Married,,Self-employed,4,380118,16,2,1,0.89,0,1,0,0,0.232,Medium,Low_Risk
CUST0716,30,Female,Single,Secondary,Employed,7,147901,21,1,0,0.95,2,1,1,0,0.232,Medium,Low_Risk
CUST0537,36,Female,Single,Secondary,Unemployed,87,20818,11,1,0,0.62,1,1,1,0,0.232,Low,Low_Risk
CUST1653,29,Female,Single,Primary,Employed,24,328842,14,1,0,0.79,3,0,0,0,0.232,Low,Low_Risk
CUST2699,26,Female,Divorced,University,Employed,28,2569,21,3,0,0.88,1,1,0,0,0.232,Medium,Low_Risk
CUST2717,27,Female,Single,University,Employed,53,84383,15,1,0,0.53,1,1,1,0,0.232,Low,Low_Risk
CUST0266,18,Female,Single,Primary,Employed,30,117161,18,1,2,0.68,0,1,1,0,0.232,Medium,Low_Risk
CUST1943,41,Male,Married,Secondary,Self-employed,31,110460,18,1,0,0.6,2,0,0,0,0.232,Medium,Low_Risk
CUST0744,38,Female,Married,Secondary,Employed,32,189107,16,1,0,0.74,0,0,0,0,0.232,Low,Low_Risk
CUST0781,49,Female,Single,Primary,Employed,27,51714,20,4,0,0.66,0,0,1,0,0.232,High,Low_Risk
CUST2857,36,Male,Married,Primary,Employed,71,2926,14,3,0,0.6,0,0,0,0,0.232,Medium,Low_Risk
CUST2493,52,Female,Divorced,Secondary,Employed,32,143693,17,1,0,0.77,0,1,1,0,0.232,Low,Low_Risk
CUST1980,18,Male,Married,Secondary,Employed,2,392707,16,2,1,0.94,1,1,1,0,0.232,Medium,Low_Risk
CUST1141,35,Male,Single,Primary,Employed,52,51581,16,3,2,0.83,2,1,0,0,0.232,Medium,Medium_Risk
CUST1008,24,Female,Married,Secondary,Employed,67,159277,11,4,0,0.98,1,1,0,0,0.232,Medium,Low_Risk
CUST1953,40,Female,Married,University,Employed,56,64436,15,2,0,0.63,1,1,0,0,0.232,Medium,Low_Risk
CUST1708,23,Male,Single,Secondary,Self-employed,86,65200,10,1,1,0.53,3,1,1,0,0.231,Low,Medium_Risk
CUST1562,26,Female,Single,Primary,Employed,89,46687,10,2,0,0.99,1,0,1,0,0.231,Low,Low_Risk
CUST2647,25,Female,Married,,Unemployed,59,38912,15,1,0,0.68,1,0,0,0,0.231,Low,Low_Risk
CUST2532,39,Male,Single,,Self-employed,20,266526,16,1,0,0.53,2,1,1,0,0.231,Low,Low_Risk
CUST2186,43,Female,Divorced,University,Self-employed,34,43682,19,3,0,0.57,0,1,1,0,0.231,Medium,Low_Risk
CUST2278,34,Male,Married,University,Employed,47,163610,14,3,1,0.82,0,0,0,0,0.231,Medium,Low_Risk
CUST2386,30,Female,Single,Secondary,Employed,95,133440,7,1,0,0.56,1,1,0,0,0.231,Low,Low_Risk
CUST0253,32,Male,Married,University,Employed,74,191933,9,2,0,0.96,1,1,1,0,0.231,Low,Low_Risk
CUST1181,27,Female,Married,Primary,Employed,89,88919,9,2,2,0.61,1,1,0,0,0.231,Low,Medium_Risk
CUST2634,23,Female,Single,Secondary,Employed,83,3718,12,1,0,0.93,2,0,1,0,0.231,Low,Low_Risk
CUST1715,41,Female,Divorced,Secondary,Self-employed,58,4992,16,4,0,0.73,2,1,1,0,0.231,Medium,Low_Risk
CUST2537,40,Male,Married,Secondary,Self-employed,72,35311,13,4,1,0.5,1,0,0,0,0.231,Medium,Low_Risk
CUST0686,40,Male,Married,Secondary,Employed,81,59666,11,3,1,0.72,2,1,0,0,0.231,Medium,Low_Risk
CUST1225,21,Male,Married,Primary,Employed,10,208303,19,1,0,0.84,2,1,1,0,0.231,Medium,Low_Risk
CUST0749,35,Female,Single,University,Employed,52,47489,16,1,0,0.66,2,0,1,0,0.231,Low,Low_Risk
CUST1125,23,Male,Single,University,Self-employed,59,81846,14,1,0,0.74,2,1,0,0,0.231,Low,Low_Risk
CUST2935,31,Male,Married,Primary,Employed,20,310075,15,4,0,0.87,1,0,0,0,0.231,Medium,Low_Risk
CUST2994,32,Male,Married,University,Employed,77,210302,8,2,0,0.68,1,1,0,0,0.23,Low,Low_Risk
CUST1493,18,Female,Married,Secondary,Employed,38,182128,15,2,1,1.0,3,0,0,0,0.23,Medium,Medium_Risk
CUST1450,34,Female,Single,Secondary,Employed,90,77407,9,3,1,0.57,0,1,0,0,0.23,Medium,Low_Risk
CUST0728,52,Female,Single,Secondary,Employed,25,226104,16,3,0,0.9,0,0,0,0,0.23,Medium,Low_Risk
CUST0553,24,Male,Single,Secondary,Employed,64,2315,15,4,2,0.79,1,1,1,0,0.23,Medium,Medium_Risk
CUST1667,38,Female,Married,Primary,Self-employed,57,134816,13,2,0,0.84,2,1,1,0,0.23,Medium,Low_Risk
CUST2593,46,Male,Divorced,Primary,Self-employed,13,182570,19,2,1,0.63,0,0,0,0,0.23,Medium,Low_Risk
CUST1078,27,Male,Married,Primary,Employed,20,304595,15,1,0,0.68,2,1,0,0,0.23,Low,Low_Risk
CUST1956,45,Female,Married,,Unemployed,57,49543,15,2,0,0.6,1,0,0,0,0.23,Medium,Low_Risk
CUST0507,38,Male,Single,Secondary,Employed,4,285880,18,4,0,0.87,0,1,0,0,0.23,High,Low_Risk
CUST2718,37,Female,Single,University,Self-employed,32,307288,13,4,0,0.55,1,0,0,0,0.23,Medium,Low_Risk
CUST2323,39,Female,Single,Primary,Employed,18,105842,20,3,0,0.86,0,1,0,0,0.23,Medium,Low_Risk
CUST0532,37,Male,Married,Primary,Employed,35,369594,11,3,0,0.62,2,0,0,0,0.23,Medium,Low_Risk
CUST1100,31,Female,Married,Primary,Self-employed,57,136885,13,3,0,0.53,1,1,0,0,0.23,Medium,Low_Risk
CUST2525,18,Male,Married,Primary,Unemployed,63,137511,12,1,0,0.64,0,1,0,0,0.23,Low,Low_Risk
CUST1029,51,Female,Married,,Self-employed,79,109997,10,2,0,0.76,3,1,0,0,0.23,Low,Low_Risk
CUST2928,32,Male,Married,Primary,Unemployed,23,156334,18,2,0,0.95,0,1,0,0,0.23,Medium,Low_Risk
CUST2603,29,Male,Married,University,Self-employed,77,82992,11,2,0,1.0,1,1,0,0,0.23,Low,Low_Risk
CUST1815,27,Male,Divorced,University,Employed,49,100877,15,2,0,0.98,1,1,0,0,0.229,Medium,Low_Risk
CUST1557,18,Male,Married,Secondary,Employed,18,227823,17,2,0,0.91,0,1,0,0,0.229,Medium,Low_Risk
CUST1553,35,Female,Married,Secondary,Employed,24,103072,19,1,0,0.94,2,1,1,0,0.229,Medium,Low_Risk
CUST0163,33,Female,Single,,Employed,76,43768,12,2,0,0.74,2,1,0,0,0.229,Low,Low_Risk
CUST0460,32,Female,Married,Secondary,Self-employed,66,27631,14,4,0,0.94,0,1,0,0,0.229,Medium,Low_Risk
CUST1700,46,Female,Married,Primary,Employed,38,132480,16,1,0,0.86,2,1,0,0,0.229,Low,Low_Risk
CUST2384,30,Female,Single,University,Employed,24,145631,18,2,0,0.9,2,1,0,0,0.229,Medium,Low_Risk
CUST1246,27,Male,Single,University,Employed,24,188774,17,1,0,0.65,1,0,0,0,0.229,Low,Low_Risk
CUST2115,35,Male,Single,University,Unemployed,18,61261,21,1,0,0.59,0,1,1,0,0.229,Medium,Low_Risk
CUST1910,39,Female,Divorced,Secondary,Employed,48,108492,15,1,0,0.73,0,1,0,0,0.229,Low,Low_Risk
CUST2612,30,Female,Married,University,Employed,44,348384,10,3,0,0.94,0,1,0,0,0.229,Medium,Low_Risk
CUST1871,26,Female,Single,Secondary,Employed,59,160447,12,1,0,0.55,0,1,0,0,0.229,Low,Low_Risk
CUST0520,31,Female,Married,Secondary,Unemployed,83,79025,10,1,0,0.61,0,1,1,0,0.229,Low,Low_Risk
CUST2117,22,Male,Divorced,Secondary,Employed,91,110046,8,3,0,0.9,1,1,0,0,0.229,Medium,Low_Risk
CUST1194,18,Female,Married,Secondary,Employed,8,128786,21,1,0,0.99,1,0,0,0,0.229,Medium,Low_Risk
CUST2719,47,Female,Married,Secondary,Employed,74,12078,13,2,0,0.84,0,1,1,0,0.229,Medium,Low_Risk
CUST0957,37,Female,Married,University,Unemployed,70,253091,8,1,0,0.92,1,1,0,0,0.229,Low,Low_Risk
CUST2645,41,Male,Single,Secondary,Self-employed,51,253112,11,1,0,0.54,1,0,0,0,0.228,Low,Low_Risk
CUST1992,36,Male,Married,Secondary,Self-employed,80,224863,7,2,0,0.86,1,1,0,0,0.228,Low,Low_Risk
CUST0398,35,Female,Single,University,Employed,56,7556,16,1,0,0.78,0,1,0,0,0.228,Low,Low_Risk
CUST1017,48,Male,Divorced,Secondary,Employed,69,44293,13,2,1,0.67,0,1,0,0,0.228,Medium,Low_Risk
CUST0179,18,Male,Single,Secondary,Employed,85,17392,11,2,0,0.86,0,1,0,0,0.228,Low,Low_Risk
CUST1854,45,Male,Married,Secondary,Unemployed,38,301671,12,1,0,0.86,0,1,0,0,0.228,Low,Low_Risk
CUST1210,37,Female,Single,Primary,Self-employed,67,144516,11,2,0,0.66,0,1,0,0,0.228,Low,Low_Risk
CUST2486,28,Male,Single,University,Employed,13,342902,15,1,1,0.76,1,0,0,0,0.228,Low,Low_Risk
CUST2944,43,Male,Single,University,Self-employed,97,106411,7,1,0,0.55,1,1,0,0,0.228,Low,Low_Risk
CUST1421,39,Female,Divorced,,Employed,77,73465,11,1,0,0.75,1,1,1,0,0.228,Low,Low_Risk
CUST1048,53,Male,Married,Secondary,Employed,55,56403,15,4,1,0.84,2,0,1,0,0.228,Medium,Low_Risk
CUST0771,50,Male,Single,,Unemployed,56,260385,10,2,0,0.64,3,1,0,0,0.228,Low,Low_Risk
CUST1555,58,Female,Divorced,Primary,Employed,24,228026,16,2,0,0.73,1,1,0,0,0.228,Medium,Low_Risk
CUST1565,31,Female,Married,Secondary,Self-employed,69,44095,13,2,1,0.95,0,1,0,0,0.228,Medium,Low_Risk
CUST2963,44,Female,Divorced,Primary,Self-employed,76,38002,12,1,0,0.68,2,1,0,0,0.228,Low,Low_Risk
CUST0631,28,Male,Married,,Employed,88,42643,10,4,0,0.79,2,1,0,0,0.228,Medium,Low_Risk
CUST1189,38,Female,Single,Secondary,Employed,86,52678,10,2,0,0.56,1,1,1,0,0.228,Low,Low_Risk
CUST2209,22,Female,Single,Secondary,Employed,21,76605,20,1,0,0.91,1,1,0,0,0.228,Medium,Low_Risk
CUST2801,29,Female,Single,Primary,Employed,10,239027,18,1,0,0.85,0,0,0,0,0.228,Medium,Low_Risk
CUST0533,35,Female,Married,Primary,Employed,34,201074,15,2,0,0.98,0,1,0,0,0.228,Medium,Low_Risk
CUST2992,28,Female,Single,Primary,Employed,57,40972,15,1,0,0.95,1,0,1,0,0.228,Low,Low_Risk
CUST1563,46,Female,Married,Primary,Self-employed,47,109193,15,1,0,0.65,3,0,1,0,0.228,Low,Low_Risk
CUST2339,46,Male,Married,Secondary,Employed,62,47348,14,4,0,0.97,2,1,0,0,0.227,Medium,Low_Risk
CUST0167,41,Female,Married,Primary,Employed,35,18676,19,2,0,0.88,1,0,1,0,0.227,Medium,Low_Risk
CUST1367,21,Male,Married,Primary,Self-employed,6,261182,18,1,0,0.7,0,1,0,0,0.227,Medium,Low_Risk
CUST2027,27,Female,Single,,Employed,23,315491,14,1,0,0.95,1,0,1,0,0.227,Low,Low_Risk
CUST2135,18,Male,Married,,Employed,72,232104,8,4,0,0.63,0,1,0,0,0.227,Medium,Low_Risk
CUST2631,24,Male,Married,Primary,Employed,93,44035,9,3,0,1.0,1,1,0,0,0.227,Medium,Low_Risk
CUST2258,43,Female,Single,University,Self-employed,42,11381,18,1,0,0.66,1,0,1,0,0.227,Medium,Low_Risk
CUST2486,30,Female,Married,,Employed,4,147441,21,3,0,0.71,1,1,1,0,0.227,Medium,Low_Risk
CUST1970,31,Female,Married,Secondary,Employed,73,96287,11,1,0,0.98,1,1,1,0,0.227,Low,Low_Risk
CUST0221,39,Male,Married,Secondary,Self-employed,62,3042,15,1,0,0.8,0,1,0,0,0.227,Low,Low_Risk
CUST1388,30,Female,Single,University,Employed,87,2072,11,1,0,0.75,0,1,0,0,0.227,Low,Low_Risk
CUST0931,39,Male,Single,Secondary,Self-employed,29,229519,15,1,0,0.81,1,1,1,0,0.227,Low,Low_Risk
CUST1273,46,Male,Married,Secondary,Employed,85,56744,10,2,0,0.6,3,0,0,0,0.227,Low,Low_Risk
CUST1902,40,Female,Married,Secondary,Employed,91,15004,10,3,0,0.95,1,0,0,0,0.227,Medium,Low_Risk
CUST0586,34,Male,Single,Primary,Employed,6,471234,13,1,0,0.73,3,1,0,0,0.226,Low,Low_Risk
CUST1195,53,Female,Single,Primary,Employed,7,294757,17,3,0,0.9,0,0,0,0,0.226,Medium,Low_Risk
CUST2141,31,Female,Single,Secondary,Employed,16,144001,19,2,0,0.89,0,1,0,0,0.226,Medium,Low_Risk
CUST2729,42,Female,Single,Primary,Self-employed,60,54623,14,1,0,0.73,2,0,1,0,0.226,Low,Low_Risk
CUST2191,34,Female,Single,Secondary,Self-employed,94,34893,9,2,0,0.9,0,1,0,0,0.226,Low,Low_Risk
CUST2616,31,Female,Single,University,Employed,42,95822,16,3,1,0.92,2,1,0,0,0.226,Medium,Low_Risk
CUST1873,32,Female,Divorced,University,Employed,44,334943,10,1,1,0.65,0,1,0,0,0.226,Low,Low_Risk
CUST1168,65,Male,Single,Secondary,Employed,34,108628,17,2,0,0.7,2,1,0,0,0.226,Medium,Low_Risk
CUST2411,31,Male,Single,University,Employed,64,68865,13,3,0,0.85,2,0,0,0,0.226,Medium,Low_Risk
CUST0001,21,Female,Single,Secondary,Self-employed,11,95745,21,1,0,0.8,0,1,0,0,0.226,Medium,Low_Risk
CUST0020,50,Male,Single,University,Employed,66,13767,14,2,0,0.83,0,1,1,0,0.226,Medium,Low_Risk
CUST2889,41,Male,Single,Secondary,Self-employed,65,19556,14,3,0,0.97,1,1,0,0,0.226,Medium,Low_Risk
CUST0207,42,Female,Married,Primary,Employed,51,118433,14,1,0,0.74,0,1,0,0,0.226,Low,Low_Risk
CUST0793,18,Female,Single,Secondary,Employed,48,10246,17,2,0,0.6,1,1,1,0,0.226,Medium,Low_Risk
CUST1846,35,Male,Married,,Employed,51,31987,16,2,0,0.87,1,1,0,0,0.226,Medium,Low_Risk
CUST1757,32,Male,Single,Secondary,Employed,90,62189,9,1,1,0.63,0,0,0,0,0.226,Low,Low_Risk
CUST0266,18,Female,Married,Primary,Self-employed,25,126814,18,1,0,0.73,0,1,0,0,0.226,Medium,Low_Risk
CUST1994,29,Male,Married,Secondary,Self-employed,4,270908,18,1,1,1.0,0,1,0,0,0.226,Medium,Low_Risk
CUST1753,34,Male,Single,Secondary,Self-employed,21,112719,19,3,0,0.52,2,0,1,0,0.226,Medium,Low_Risk
CUST2175,40,Male,Married,University,Self-employed,78,187177,8,3,1,0.75,1,1,1,0,0.226,Medium,Low_Risk
CUST0979,21,Male,Married,Secondary,Employed,63,76721,13,3,0,0.95,0,1,1,0,0.226,Medium,Low_Risk
CUST0494,21,Female,Married,Primary,Self-employed,39,197319,14,1,0,0.72,2,0,0,0,0.225,Low,Low_Risk
CUST1939,39,Male,Single,Primary,Employed,66,10991,14,4,0,0.57,0,0,0,0,0.225,Medium,Low_Risk
CUST1932,50,Male,Divorced,University,Employed,33,25295,19,1,0,0.92,0,1,0,0,0.225,Medium,Low_Risk
CUST2699,28,Female,Married,Primary,Self-employed,49,84548,15,1,0,0.87,1,0,0,0,0.225,Low,Low_Risk
CUST1251,35,Male,Single,Secondary,Employed,98,87379,7,3,0,0.88,1,1,0,0,0.225,Low,Low_Risk
CUST2627,19,Female,Single,Secondary,Employed,33,22779,19,2,0,0.96,0,1,0,0,0.225,Medium,Low_Risk
CUST0408,28,Female,Married,Primary,Employed,47,140014,14,1,0,0.95,1,0,1,0,0.225,Low,Low_Risk
CUST0537,59,Female,Divorced,Primary,Self-employed,56,165438,12,3,1,0.99,0,1,1,0,0.225,Medium,Low_Risk
CUST0149,38,Male,Single,Secondary,Employed,50,78182,15,1,0,0.88,1,0,0,0,0.225,Low,Low_Risk
CUST2282,52,Male,Married,Primary,Employed,9,190247,19,3,0,0.69,0,0,0,0,0.225,Medium,Low_Risk
CUST1506,21,Female,Single,Primary,Employed,80,42344,11,2,0,0.54,1,1,0,0,0.225,Low,Low_Risk
CUST1673,20,Female,Single,Secondary,Employed,44,117619,15,1,0,0.86,2,1,1,0,0.225,Low,Low_Risk
CUST2511,21,Male,Married,University,Employed,13,461667,12,3,0,0.52,0,1,0,0,0.225,Medium,Low_Risk
CUST1185,36,Female,Divorced,Primary,Employed,11,50113,22,2,0,0.81,0,1,0,0,0.225,Medium,Low_Risk
CUST1501,35,Male,Single,Secondary,Employed,53,14973,16,3,0,0.51,1,1,0,0,0.225,Medium,Low_Risk
CUST2270,24,Female,Married,Secondary,Unemployed,53,54822,15,1,0,0.98,2,1,0,0,0.225,Low,Low_Risk
CUST0789,32,Male,Single,Secondary,Employed,2,154468,21,1,0,0.55,3,1,0,0,0.225,Medium,Low_Risk
CUST2866,40,Male,Single,Primary,Employed,76,26359,12,4,0,0.98,1,1,0,0,0.225,Medium,Low_Risk
CUST2121,23,Male,Single,Secondary,Employed,33,18467,19,3,1,0.66,1,0,1,0,0.224,Medium,Low_Risk
CUST1662,46,Female,Married,Primary,Employed,64,105035,12,3,0,0.65,0,0,0,0,0.224,Medium,Low_Risk
CUST2231,29,Male,Single,Primary,Self-employed,3,98530,22,4,0,0.63,2,1,0,0,0.224,High,Low_Risk
CUST0491,22,Female,Married,,Self-employed,29,132344,17,4,0,0.68,1,1,1,0,0.224,High,Low_Risk
CUST1161,40,Male,Married,Secondary,Employed,61,80711,13,1,0,0.78,1,1,0,0,0.224,Low,Low_Risk
CUST0451,25,Female,Married,Secondary,Unemployed,72,5967,13,1,1,0.81,1,0,0,0,0.224,Low,Low_Risk
CUST1961,50,Male,Married,University,Employed,70,104262,11,1,0,0.77,1,1,0,0,0.224,Low,Low_Risk
CUST1844,39,Female,Married,Primary,Self-employed,40,15929,18,2,0,0.88,1,1,0,0,0.224,Medium,Low_Risk
CUST1730,43,Female,Single,Primary,Employed,84,51583,10,1,0,0.73,4,1,1,0,0.224,Low,Low_Risk
CUST0927,40,Female,Single,,Self-employed,23,47114,20,3,1,0.82,3,1,0,0,0.224,Medium,Medium_Risk
CUST2736,32,Female,Single,Secondary,Self-employed,28,223102,15,3,0,0.69,0,0,0,0,0.224,Medium,Low_Risk
CUST0875,35,Female,Married,Secondary,Employed,19,74478,20,3,0,0.53,1,1,0,0,0.224,Medium,Low_Risk
CUST0023,25,Female,Single,Secondary,Employed,40,101714,16,3,0,0.87,3,1,0,0,0.224,Medium,Low_Risk
CUST1179,49,Female,Married,University,Self-employed,90,52013,9,3,0,0.99,1,0,1,0,0.224,Medium,Low_Risk
CUST0203,50,Female,Married,Secondary,Unemployed,5,87296,22,2,0,0.8,5,1,0,0,0.224,Medium,Medium_Risk
CUST0871,29,Male,Single,Secondary,Self-employed,46,187284,13,1,1,0.75,1,1,1,0,0.224,Low,Low_Risk
CUST2374,19,Male,Married,Secondary,Employed,55,124772,13,1,1,0.85,1,1,0,0,0.224,Low,Low_Risk
CUST2942,31,Male,Single,University,Employed,67,82549,12,4,1,0.72,3,1,0,0,0.224,Medium,Medium_Risk
CUST0253,28,Male,Married,Secondary,Employed,61,39238,14,3,0,0.9,0,0,1,0,0.224,Medium,Low_Risk
CUST0223,41,Male,Married,Secondary,Self-employed,32,65206,18,2,1,0.98,1,1,0,0,0.223,Medium,Low_Risk
CUST0183,31,Male,Married,Secondary,Self-employed,77,10529,12,2,0,0.61,2,1,1,0,0.223,Low,Low_Risk
CUST1836,36,Female,Married,University,Self-employed,68,199487,9,3,0,0.51,2,0,0,0,0.223,Medium,Low_Risk
CUST2865,33,Male,Married,University,Unemployed,64,58314,13,1,0,0.8,1,1,0,0,0.223,Low,Low_Risk
CUST1967,55,Male,Married,Secondary,Self-employed,59,7970,15,2,2,0.85,1,1,1,0,0.223,Medium,Medium_Risk
CUST2724,31,Male,Married,Secondary,Employed,69,64031,12,4,0,0.84,0,0,1,0,0.223,Medium,Low_Risk
CUST1506,34,Female,Single,Secondary,Employed,13,111347,20,2,0,0.8,2,1,0,0,0.223,Medium,Low_Risk
CUST1186,45,Male,Married,Primary,Employed,79,83716,10,2,0,0.74,1,0,1,0,0.223,Low,Low_Risk
CUST2550,27,Female,Single,Primary,Self-employed,19,113604,19,2,0,0.81,2,1,1,0,0.223,Medium,Low_Risk
CUST2331,38,Female,Divorced,Secondary,Self-employed,114,11949,6,1,0,0.9,1,1,0,0,0.223,Low,Low_Risk
CUST0432,36,Male,Married,University,Employed,81,197818,7,1,0,0.99,2,1,0,0,0.223,Low,Low_Risk
CUST0105,32,Female,Single,Primary,Self-employed,38,23947,18,2,0,0.51,1,1,0,0,0.223,Medium,Low_Risk
CUST2990,31,Male,Single,Secondary,Employed,64,312638,7,1,0,0.97,1,0,0,0,0.223,Low,Low_Risk
CUST2002,25,Female,Single,University,Employed,88,15786,10,2,1,0.76,1,1,0,0,0.222,Low,Low_Risk
CUST0919,30,Female,Single,,Self-employed,55,73091,14,4,0,0.57,1,1,0,0,0.222,Medium,Low_Risk
CUST1251,35,Female,Married,University,Employed,71,131260,10,4,0,0.9,2,1,0,0,0.222,Medium,Low_Risk
CUST1231,46,Female,Single,Secondary,Employed,52,49933,15,1,1,0.79,2,1,1,0,0.222,Low,Low_Risk
CUST0764,47,Female,Married,Primary,Employed,46,48627,16,1,0,0.78,2,1,1,0,0.222,Low,Low_Risk
CUST2637,55,Female,Married,University,Employed,36,35764,18,2,0,0.87,1,1,0,0,0.222,Medium,Low_Risk
CUST2247,30,Male,Divorced,Secondary,Employed,2,54573,23,2,0,0.93,1,1,1,0,0.222,Medium,Low_Risk
CUST0551,33,Male,Married,Secondary,Self-employed,23,208218,16,1,0,0.58,2,1,0,0,0.222,Low,Low_Risk
CUST0173,33,Female,Married,Primary,Employed,9,133560,20,3,0,0.6,1,1,1,0,0.222,Medium,Low_Risk
CUST0625,29,Female,Married,Secondary,Employed,59,173519,11,1,1,0.97,3,1,1,0,0.222,Low,Medium_Risk
CUST1153,30,Female,Single,Primary,Self-employed,76,13720,12,1,0,0.58,0,1,0,0,0.222,Low,Low_Risk
CUST1718,45,Male,Married,University,Unemployed,34,7172,19,1,0,0.56,0,0,0,0,0.222,Medium,Low_Risk
CUST0288,54,Male,Single,Primary,Employed,52,180355,12,2,0,0.69,1,1,0,0,0.222,Low,Low_Risk
CUST0574,29,Male,Single,Secondary,Employed,69,60638,12,2,0,0.92,0,1,0,0,0.222,Low,Low_Risk
CUST0258,31,Female,Married,Secondary,Self-employed,82,101883,9,2,2,0.71,0,1,0,0,0.222,Low,Low_Risk
CUST1404,40,Female,Single,University,Unemployed,19,109603,19,3,0,0.89,0,0,0,0,0.222,Medium,Low_Risk
CUST2301,29,Male,Single,Primary,Self-employed,49,240177,11,1,0,0.6,3,1,1,0,0.222,Low,Low_Risk
CUST0899,37,Female,Married,Secondary,Self-employed,51,100301,14,2,0,0.62,1,0,0,0,0.222,Medium,Low_Risk
CUST0728,51,Female,Divorced,Primary,Employed,14,272471,16,3,0,0.51,1,1,0,0,0.222,Medium,Low_Risk
CUST0148,37,Male,Single,University,Unemployed,36,160996,15,2,0,0.7,0,1,1,0,0.222,Medium,Low_Risk
CUST1359,31,Male,Single,Secondary,Employed,31,68458,18,2,0,0.88,1,1,0,0,0.222,Medium,Low_Risk
CUST0041,29,Male,Married,Primary,Employed,73,31953,12,3,0,0.82,1,1,1,0,0.221,Medium,Low_Risk
CUST2992,40,Male,Married,University,Self-employed,81,185748,7,1,1,0.61,2,1,1,0,0.221,Low,Low_Risk
CUST2993,21,Male,Single,Primary,Self-employed,23,163572,17,4,1,0.94,1,1,0,0,0.221,High,Low_Risk
CUST0466,18,Female,Married,,Employed,42,73267,16,2,0,0.77,0,1,1,0,0.221,Medium,Low_Risk
CUST0674,39,Female,Single,Secondary,Self-employed,42,32976,17,1,0,0.9,2,0,0,0,0.221,Low,Low_Risk
CUST0664,38,Male,Single,Primary,Employed,92,24961,9,2,0,0.91,1,0,0,0,0.221,Low,Low_Risk
CUST0436,34,Female,Single,Secondary,Self-employed,76,93931,10,2,0,0.75,0,0,0,0,0.221,Low,Low_Risk
CUST0025,19,Male,Divorced,,Unemployed,24,69157,19,3,0,0.89,0,0,0,0,0.221,Medium,Low_Risk
CUST0599,35,Male,Married,Secondary,Unemployed,41,80403,16,2,0,0.63,0,1,0,0,0.221,Medium,Low_Risk
CUST0842,36,Female,Married,University,Self-employed,28,86877,18,2,1,0.87,1,1,0,0,0.221,Medium,Low_Risk
CUST0958,22,Male,Single,Primary,Employed,61,28876,14,3,0,0.8,3,1,0,0,0.221,Medium,Low_Risk
CUST2561,30,Male,Divorced,Primary,Employed,27,47896,19,2,1,0.56,0,1,1,0,0.221,Medium,Low_Risk
CUST2656,18,Female,Married,Primary,Employed,66,248754,8,3,0,0.92,1,0,1,0,0.221,Medium,Low_Risk
CUST2410,43,Male,Married,,Employed,63,142431,11,3,1,0.99,0,1,1,0,0.221,Medium,Low_Risk
CUST1831,41,Female,Divorced,,Self-employed,20,352190,13,2,0,0.74,0,0,0,0,0.221,Medium,Low_Risk
CUST2741,48,Male,Single,Secondary,Self-employed,39,138175,15,4,2,0.96,0,1,0,0,0.221,Medium,Low_Risk
CUST2812,19,Female,Married,Secondary,Employed,51,224949,11,2,0,0.51,5,1,0,0,0.221,Low,Medium_Risk
CUST2509,38,Female,Married,Primary,Employed,58,175330,11,1,0,0.94,1,1,0,0,0.221,Low,Low_Risk
CUST2843,27,Female,Married,Primary,Employed,84,40609,10,3,1,0.75,3,1,1,0,0.221,Medium,Medium_Risk
CUST1840,30,Male,Married,Primary,Self-employed,61,114525,12,2,0,0.76,1,1,0,0,0.221,Low,Low_Risk
CUST1615,28,Male,Married,Secondary,Employed,60,76147,13,3,1,0.93,2,0,0,0,0.221,Medium,Low_Risk
CUST0047,29,Male,Single,Secondary,Self-employed,54,74702,14,1,0,0.87,0,0,1,0,0.221,Low,Low_Risk
CUST1768,40,Female,Married,Primary,Employed,56,18110,15,2,0,0.95,1,1,0,0,0.221,Medium,Low_Risk
CUST2698,37,Female,Single,Primary,Employed,36,156090,15,4,0,0.94,0,1,0,0,0.221,Medium,Low_Risk
CUST1085,46,Male,Married,University,Employed,36,114871,16,2,0,0.94,0,1,0,0,0.221,Medium,Low_Risk
CUST1307,29,Female,Married,,Self-employed,78,80123,10,3,0,0.66,2,1,1,0,0.221,Medium,Low_Risk
CUST2248,26,Female,Single,Primary,Employed,51,11689,16,1,0,0.99,0,1,1,0,0.221,Low,Low_Risk
CUST1427,47,Female,Divorced,Primary,Self-employed,69,11145,13,2,1,0.84,1,0,0,0,0.22,Medium,Low_Risk
CUST1469,47,Male,Single,Primary,Unemployed,26,392633,11,2,0,0.92,1,1,1,0,0.22,Low,Low_Risk
CUST2463,35,Female,Single,Primary,Unemployed,52,697,16,4,0,0.84,0,1,1,0,0.22,Medium,Low_Risk
CUST2632,34,Female,Single,Secondary,Self-employed,12,147334,19,3,0,0.52,1,1,0,0,0.22,Medium,Low_Risk
CUST2926,43,Female,Single,,Employed,70,4776,13,3,0,0.95,0,1,0,0,0.22,Medium,Low_Risk
CUST2271,43,Female,Married,Secondary,Self-employed,77,209404,7,3,0,0.55,0,1,0,0,0.22,Low,Low_Risk
CUST2233,33,Female,Married,Primary,Unemployed,26,263012,14,2,0,0.74,3,1,0,0,0.22,Medium,Low_Risk
CUST1495,31,Female,Married,Primary,Employed,32,182865,15,1,0,0.61,0,0,1,0,0.22,Low,Low_Risk
CUST2340,43,Female,Single,Primary,Self-employed,66,199818,9,2,1,0.8,0,0,0,0,0.22,Low,Low_Risk
CUST2392,21,Female,Single,University,Employed,58,2211,15,2,1,0.77,0,1,0,0,0.22,Medium,Low_Risk
CUST2920,55,Male,Married,Secondary,Employed,57,138098,12,3,0,0.61,2,1,1,0,0.22,Medium,Low_Risk
CUST1192,32,Male,Married,Primary,Employed,75,10967,12,1,0,0.82,2,1,0,0,0.22,Low,Low_Risk
CUST2073,32,Male,Married,Secondary,Employed,12,446447,12,2,0,0.91,3,1,1,0,0.22,Low,Low_Risk
CUST2967,25,Female,Single,Secondary,Employed,29,116191,17,1,0,0.71,0,1,0,0,0.22,Low,Low_Risk
CUST1805,41,Male,Single,Secondary,Self-employed,37,20522,18,1,0,0.54,0,1,0,0,0.22,Medium,Low_Risk
CUST2793,46,Female,Married,Secondary,Employed,14,219088,17,2,1,0.97,3,1,0,0,0.22,Medium,Medium_Risk
CUST0794,30,Female,Single,Secondary,Employed,68,60355,12,2,0,0.9,1,1,1,0,0.22,Low,Low_Risk
CUST0289,45,Male,Married,,Employed,11,325728,15,3,0,0.74,2,1,1,0,0.22,Medium,Low_Risk
CUST0594,18,Female,Married,Primary,Self-employed,86,23439,10,1,0,0.73,0,1,0,0,0.22,Low,Low_Risk
CUST2837,19,Female,Married,University,Self-employed,23,153356,17,1,0,0.53,1,1,1,0,0.219,Low,Low_Risk
CUST2087,32,Female,Single,Primary,Employed,62,12948,14,3,0,0.71,3,1,0,0,0.219,Medium,Low_Risk
CUST0648,26,Female,Married,University,Employed,18,16286,21,1,1,0.6,0,1,1,0,0.219,Medium,Low_Risk
CUST2225,48,Female,Single,Secondary,Self-employed,51,44849,15,4,0,0.79,0,0,0,0,0.219,Medium,Low_Risk
CUST1279,48,Female,Married,Secondary,Employed,41,72808,16,1,0,0.9,1,0,0,0,0.219,Low,Low_Risk
CUST2658,46,Female,Married,Primary,Employed,39,1684,18,3,0,0.55,0,0,1,0,0.219,Medium,Low_Risk
CUST0263,41,Male,Single,University,Unemployed,15,123200,19,1,0,0.61,1,1,1,0,0.219,Medium,Low_Risk
CUST0133,48,Female,Single,Primary,Employed,104,20831,7,1,0,0.61,0,1,0,0,0.219,Low,Low_Risk
CUST0748,29,Female,Married,University,Employed,38,135500,15,2,0,0.75,0,1,0,0,0.219,Medium,Low_Risk
CUST1717,32,Male,Married,,Employed,48,108785,14,1,1,0.75,0,1,0,0,0.219,Low,Low_Risk
CUST0678,18,Female,Single,,Employed,9,122881,20,3,0,0.64,2,1,1,0,0.219,Medium,Low_Risk
CUST0801,43,Female,Divorced,Secondary,Employed,35,30194,18,2,0,0.94,1,1,1,0,0.219,Medium,Low_Risk
CUST1962,33,Female,Single,Primary,Employed,51,46227,15,2,0,0.59,4,1,0,0,0.219,Medium,Low_Risk
CUST1937,37,Female,Single,University,Employed,83,36503,10,2,0,0.71,0,1,0,0,0.219,Low,Low_Risk
CUST0719,45,Female,Married,,Self-employed,43,15861,17,1,0,0.55,2,0,0,0,0.219,Low,Low_Risk
CUST2287,53,Female,Single,University,Employed,14,429428,12,1,0,0.95,0,1,0,0,0.219,Low,Low_Risk
CUST2869,38,Female,Single,University,Self-employed,58,210464,10,3,0,0.89,0,0,0,0,0.219,Medium,Low_Risk
CUST0587,37,Male,Single,Primary,Employed,21,84062,19,2,0,0.62,0,1,1,0,0.219,Medium,Low_Risk
CUST2504,37,Male,Divorced,,Employed,40,416191,8,3,0,0.85,1,1,1,0,0.218,Medium,Low_Risk
CUST2687,40,Male,Married,Secondary,Employed,86,15344,10,1,0,0.89,0,1,0,0,0.218,Low,Low_Risk
CUST1091,22,Female,Divorced,Secondary,Employed,33,82119,17,4,0,0.54,0,1,1,0,0.218,High,Low_Risk
CUST2144,43,Male,Married,Secondary,Employed,42,17278,17,1,0,0.56,0,1,0,0,0.218,Low,Low_Risk
CUST1002,19,Male,Single,University,Employed,8,253828,17,1,0,0.69,1,1,0,0,0.218,Low,Low_Risk
CUST1664,29,Female,Married,Secondary,Employed,40,75646,16,2,0,0.93,1,1,0,0,0.218,Medium,Low_Risk
CUST2795,30,Female,Married,Secondary,Self-employed,46,119208,14,2,0,0.51,1,1,1,0,0.218,Medium,Low_Risk
CUST1435,32,Female,Married,Primary,Employed,8,167829,19,3,0,0.96,0,1,0,0,0.218,Medium,Low_Risk
CUST1482,21,Female,Single,,Self-employed,11,105026,20,3,1,0.66,1,0,0,0,0.218,Medium,Low_Risk
CUST2539,31,Male,Single,Primary,Self-employed,45,38973,16,1,0,0.58,2,1,0,0,0.218,Low,Low_Risk
CUST0901,45,Male,Married,Secondary,Unemployed,72,194693,8,1,0,0.58,1,0,0,0,0.218,Low,Low_Risk
CUST1129,48,Female,Single,Secondary,Employed,20,211393,16,1,0,0.98,1,1,0,0,0.218,Low,Low_Risk
CUST1673,26,Female,Married,University,Employed,62,94700,12,1,0,0.69,0,1,0,0,0.218,Low,Low_Risk
CUST2925,26,Male,Divorced,University,Self-employed,17,148866,18,3,0,0.8,1,1,1,0,0.218,Medium,Low_Risk
CUST1129,41,Male,Married,University,Employed,73,144315,9,1,0,0.69,2,1,1,0,0.218,Low,Low_Risk
CUST0757,47,Female,Married,Primary,Self-employed,62,51606,13,2,0,0.53,1,1,0,0,0.218,Medium,Low_Risk
CUST1673,18,Female,Divorced,Secondary,Employed,14,163877,18,2,0,1.0,2,0,1,0,0.217,Medium,Low_Risk
CUST2639,59,Male,Married,Secondary,Self-employed,13,128401,19,1,0,0.51,1,1,0,0,0.217,Medium,Low_Risk
CUST1139,23,Female,Married,University,Employed,44,42094,16,3,0,0.96,2,1,1,0,0.217,Medium,Low_Risk
CUST0035,24,Female,Single,Primary,Self-employed,18,93719,19,3,1,0.8,1,1,0,0,0.217,Medium,Low_Risk
CUST0845,55,Female,Single,Primary,Unemployed,6,263406,17,2,1,0.61,1,1,0,0,0.217,Medium,Low_Risk
CUST0780,51,Male,Divorced,,Unemployed,21,287958,14,3,0,0.61,0,1,0,0,0.217,Medium,Low_Risk
CUST1056,21,Female,Single,Primary,Self-employed,44,42486,16,1,1,0.56,0,1,0,0,0.217,Low,Low_Risk
CUST1330,33,Female,Married,Secondary,Employed,24,13067,20,1,0,0.87,1,1,1,0,0.217,Medium,Low_Risk
CUST2200,44,Male,Married,Secondary,Employed,46,31710,16,3,0,0.97,0,0,0,0,0.217,Medium,Low_Risk
CUST0579,42,Female,Divorced,Primary,Employed,68,91353,11,4,0,0.99,4,1,0,0,0.217,Medium,Low_Risk
CUST0825,37,Female,Single,,Employed,20,79264,19,1,0,0.98,0,0,0,0,0.217,Medium,Low_Risk
CUST2248,55,Female,Married,Secondary,Employed,29,104559,17,2,0,0.83,0,1,0,0,0.217,Medium,Low_Risk
CUST1944,29,Female,Married,Secondary,Unemployed,25,47451,19,1,1,0.95,0,1,0,0,0.217,Medium,Low_Risk
CUST1590,24,Male,Married,Secondary,Employed,20,125167,18,1,0,0.71,0,0,0,0,0.217,Medium,Low_Risk
CUST2253,44,Male,Married,Secondary,Employed,14,162770,18,2,0,0.68,1,1,0,0,0.216,Medium,Low_Risk
CUST0204,39,Female,Single,,Employed,11,437188,12,1,0,0.81,1,1,0,0,0.216,Low,Low_Risk
CUST1295,38,Female,Married,Secondary,Employed,38,81388,16,2,0,0.88,0,0,0,0,0.216,Medium,Low_Risk
CUST1195,34,Female,Single,Primary,Employed,68,768,13,3,0,0.77,0,1,0,0,0.216,Medium,Low_Risk
CUST2034,53,Female,Single,Primary,Employed,13,211542,17,2,0,0.63,0,1,0,0,0.216,Medium,Low_Risk
CUST0761,42,Female,Married,Secondary,Self-employed,28,22250,19,1,1,0.53,0,1,0,0,0.216,Medium,Low_Risk
CUST1932,25,Female,Single,Secondary,Unemployed,35,102543,16,2,0,0.82,1,0,0,0,0.216,Medium,Low_Risk
CUST1436,45,Male,Single,University,Employed,27,71544,18,2,0,0.73,0,1,0,0,0.216,Medium,Low_Risk
CUST0666,26,Male,Divorced,Secondary,Unemployed,44,166991,13,2,0,0.86,0,0,1,0,0.216,Medium,Low_Risk
CUST1275,26,Female,Married,Primary,Employed,50,124131,13,1,0,0.99,1,0,0,0,0.216,Low,Low_Risk
CUST1579,30,Male,Married,Secondary,Employed,9,24655,22,1,1,0.66,0,0,1,0,0.216,Medium,Low_Risk
CUST1755,25,Female,Married,Secondary,Employed,37,170981,14,1,0,0.93,1,0,0,0,0.216,Low,Low_Risk
CUST1844,39,Female,Single,Secondary,Unemployed,34,106160,16,2,0,0.71,1,1,0,0,0.216,Medium,Low_Risk
CUST2216,34,Female,Married,Primary,Self-employed,76,32968,11,2,0,0.85,1,1,0,0,0.216,Low,Low_Risk
CUST1459,33,Female,Married,Primary,Self-employed,45,76795,15,3,0,0.6,1,1,1,0,0.216,Medium,Low_Risk
CUST1296,42,Male,Married,Secondary,Employed,67,136854,10,4,0,0.7,0,1,1,0,0.216,Medium,Low_Risk
CUST1342,33,Male,Single,Primary,Employed,28,23735,19,1,0,0.67,2,0,0,0,0.216,Medium,Low_Risk
CUST1905,25,Male,Single,Secondary,Employed,15,361029,13,1,1,0.71,1,1,1,0,0.215,Low,Low_Risk
CUST1727,32,Male,Married,Secondary,Employed,10,98717,20,3,0,0.53,1,1,0,0,0.215,Medium,Low_Risk
CUST1666,30,Male,Divorced,Secondary,Employed,38,159884,14,1,0,0.95,0,1,0,0,0.215,Low,Low_Risk
CUST0469,50,Male,Married,University,Self-employed,49,212993,11,2,0,0.85,2,1,0,0,0.215,Low,Low_Risk
CUST2469,46,Female,Single,Secondary,Employed,2,240590,18,2,0,0.85,1,1,0,0,0.215,Medium,Low_Risk
CUST2294,34,Female,Married,Primary,Employed,9,233647,17,3,0,0.54,1,1,0,0,0.215,Medium,Low_Risk
CUST0055,28,Female,Divorced,Secondary,Employed,63,243192,8,1,0,0.94,0,1,0,0,0.215,Low,Low_Risk
CUST0306,40,Female,Married,Secondary,Employed,49,254759,10,2,0,0.85,2,1,0,0,0.215,Low,Low_Risk
CUST2115,24,Female,Divorced,Secondary,Employed,54,136222,12,2,1,0.62,3,1,1,0,0.215,Low,Medium_Risk
CUST1213,51,Female,Married,Secondary,Employed,57,32608,14,1,0,0.72,1,0,0,0,0.215,Low,Low_Risk
CUST0022,31,Female,Married,Secondary,Self-employed,40,106166,15,2,1,0.95,2,1,1,0,0.215,Medium,Low_Risk
CUST0324,36,Female,Married,University,Employed,46,65189,15,2,0,0.62,0,1,0,0,0.215,Medium,Low_Risk
CUST0611,39,Male,Divorced,University,Employed,12,172298,18,3,1,0.66,1,1,1,0,0.215,Medium,Low_Risk
CUST0047,28,Female,Single,Secondary,Employed,23,264779,14,2,0,0.54,2,1,0,0,0.215,Medium,Low_Risk
CUST2783,21,Female,Single,Secondary,Employed,25,166664,16,1,0,0.88,0,1,0,0,0.215,Low,Low_Risk
CUST2886,37,Male,Divorced,University,Unemployed,42,93351,15,3,2,0.84,0,1,0,0,0.215,Medium,Low_Risk
CUST1657,33,Female,Single,Primary,Unemployed,38,77749,16,1,1,0.95,0,1,0,0,0.215,Low,Low_Risk
CUST2474,37,Female,Single,Primary,Employed,29,221311,14,1,0,0.86,0,1,0,0,0.214,Low,Low_Risk
CUST0758,53,Female,Single,Primary,Employed,82,24034,10,2,0,0.6,0,1,0,0,0.214,Low,Low_Risk
CUST1531,34,Female,Single,University,Employed,29,263806,13,2,0,0.6,1,0,0,0,0.214,Medium,Low_Risk
CUST0347,46,Male,Single,Secondary,Employed,22,396256,11,2,0,0.65,2,1,1,0,0.214,Low,Low_Risk
CUST0144,19,Female,Divorced,,Employed,13,75777,20,3,0,0.67,1,1,0,0,0.214,Medium,Low_Risk
CUST2198,38,Male,Married,Primary,Unemployed,37,164780,14,3,0,0.86,1,0,0,0,0.214,Medium,Low_Risk
CUST2630,37,Female,Married,Secondary,Employed,50,73526,14,4,0,0.66,1,1,0,0,0.214,Medium,Low_Risk
CUST0567,31,Female,Married,Primary,Employed,23,132875,17,4,0,0.5,0,1,0,0,0.214,High,Low_Risk
CUST2774,25,Male,Single,Primary,Employed,40,145342,14,2,0,0.52,2,1,1,0,0.214,Medium,Low_Risk
CUST2265,38,Male,Married,Secondary,Employed,28,97126,17,2,0,0.53,1,0,0,0,0.214,Medium,Low_Risk
CUST2788,22,Female,Single,University,Employed,32,29173,18,4,0,0.97,0,1,0,0,0.214,High,Low_Risk
CUST2833,43,Male,Married,University,Self-employed,23,7431,20,3,1,0.51,0,1,1,0,0.214,Medium,Low_Risk
CUST1546,43,Female,Single,Primary,Employed,84,9780,10,1,1,0.5,0,0,0,0,0.214,Low,Low_Risk
CUST1887,29,Male,Married,Secondary,Self-employed,15,101248,19,3,1,0.76,1,1,0,0,0.214,Medium,Low_Risk
CUST2847,25,Male,Divorced,Secondary,Employed,52,103098,13,2,0,0.68,1,1,0,0,0.214,Medium,Low_Risk
CUST0528,31,Male,Married,Secondary,Self-employed,56,75683,13,1,0,0.84,3,1,1,0,0.214,Low,Low_Risk
CUST0995,40,Female,Married,Secondary,Employed,62,36028,13,4,0,0.83,1,1,1,0,0.214,Medium,Low_Risk
CUST2090,29,Female,Married,Secondary,Employed,7,30603,22,2,0,0.55,1,1,0,0,0.214,Medium,Low_Risk
CUST0246,40,Male,Divorced,,Employed,26,114205,17,1,1,0.91,0,0,0,0,0.214,Low,Low_Risk
CUST2445,30,Female,Married,University,Employed,94,27140,8,2,2,0.68,1,1,1,0,0.214,Low,Medium_Risk
CUST1339,38,Male,Married,Secondary,Unemployed,42,43055,16,2,0,0.59,0,1,1,0,0.214,Medium,Low_Risk
CUST0139,64,Male,Married,Secondary,Unemployed,59,184382,10,2,0,0.67,0,1,0,0,0.214,Low,Low_Risk
CUST0178,29,Male,Single,Primary,Employed,57,27536,14,2,0,0.74,2,1,0,0,0.214,Medium,Low_Risk
CUST1970,20,Female,Single,Primary,Employed,60,3953,14,2,0,0.78,1,1,0,0,0.214,Medium,Low_Risk
CUST2557,45,Male,Married,Secondary,Employed,98,500,8,2,0,0.69,0,1,1,0,0.214,Low,Low_Risk
CUST1953,27,Female,Married,Secondary,Employed,71,57593,11,1,0,0.51,2,1,0,0,0.214,Low,Low_Risk
CUST2975,47,Male,Married,Primary,Self-employed,71,53817,11,2,0,0.67,2,1,0,0,0.213,Low,Low_Risk
CUST2406,38,Female,Married,Secondary,Self-employed,29,47036,18,1,0,0.84,0,1,0,0,0.213,Medium,Low_Risk
CUST1547,49,Female,Single,Secondary,Self-employed,57,64082,13,3,0,0.81,1,1,0,0,0.213,Medium,Low_Risk
CUST0828,34,Male,Married,,Self-employed,40,140904,14,1,0,0.7,0,0,0,0,0.213,Low,Low_Risk
CUST1203,39,Female,Divorced,Secondary,Self-employed,36,40076,17,1,1,0.51,1,1,0,0,0.213,Low,Low_Risk
CUST2385,42,Female,Married,Secondary,Employed,46,269627,10,1,0,0.57,2,1,1,0,0.213,Low,Low_Risk
CUST0905,34,Female,Married,University,Unemployed,29,1619,19,1,0,0.95,0,1,0,0,0.213,Medium,Low_Risk
CUST2808,33,Female,Married,Secondary,Self-employed,28,305709,12,1,0,0.78,0,0,0,0,0.213,Low,Low_Risk
CUST0229,40,Male,Married,Secondary,Self-employed,25,116921,17,3,0,0.76,1,0,1,0,0.213,Medium,Low_Risk
CUST0173,35,Male,Single,Primary,Self-employed,8,21568,22,2,0,0.9,0,1,0,0,0.213,Medium,Low_Risk
CUST1027,31,Female,Married,University,Self-employed,36,253636,12,1,0,0.65,2,0,1,0,0.213,Low,Low_Risk
CUST0167,28,Male,Married,University,Self-employed,44,113981,14,1,0,0.89,0,1,0,0,0.213,Low,Low_Risk
CUST2963,31,Female,Married,Secondary,Employed,91,44627,8,2,0,0.76,2,1,0,0,0.213,Low,Low_Risk
CUST2492,23,Male,Divorced,Primary,Employed,43,117504,14,1,0,0.79,2,1,0,0,0.213,Low,Low_Risk
CUST2291,51,Female,Married,Secondary,Employed,48,40930,15,2,0,0.64,0,1,0,0,0.213,Medium,Low_Risk
CUST1337,29,Male,Single,,Employed,16,177487,17,2,0,0.99,1,0,1,0,0.213,Medium,Low_Risk
CUST1595,22,Female,Single,University,Employed,51,106750,13,1,0,0.96,3,1,1,0,0.213,Low,Low_Risk
CUST2206,36,Male,Married,,Employed,46,12343,16,2,0,0.56,0,1,0,0,0.213,Medium,Low_Risk
CUST1972,38,Female,Single,University,Self-employed,73,38776,11,1,0,0.66,0,1,1,0,0.213,Low,Low_Risk
CUST1019,33,Male,Divorced,Secondary,Employed,70,18411,12,3,1,0.6,1,0,0,0,0.213,Medium,Low_Risk
CUST0554,23,Male,Married,Secondary,Employed,16,303575,14,3,1,0.65,1,0,1,0,0.213,Medium,Low_Risk
CUST1088,27,Female,Single,Secondary,Self-employed,79,77602,9,3,0,0.54,3,0,0,0,0.212,Medium,Low_Risk
CUST1709,18,Female,Divorced,Secondary,Unemployed,27,55842,18,3,0,0.84,0,0,0,0,0.212,Medium,Low_Risk
CUST2740,31,Female,Married,Primary,Self-employed,38,22470,17,1,0,0.58,2,1,0,0,0.212,Low,Low_Risk
CUST0889,40,Female,Single,,Employed,38,21404,17,2,1,0.55,2,0,0,0,0.212,Medium,Low_Risk
CUST1976,46,Male,Married,Secondary,Employed,45,142367,13,1,0,0.92,0,1,0,0,0.212,Low,Low_Risk
CUST0670,28,Male,Single,Secondary,Self-employed,100,21704,7,3,0,0.51,0,1,0,0,0.212,Low,Low_Risk
CUST0036,32,Male,Single,Primary,Employed,77,49147,10,3,0,0.6,1,1,0,0,0.212,Medium,Low_Risk
CUST0372,46,Female,Married,Secondary,Employed,33,397650,9,1,0,0.76,1,1,0,0,0.212,Low,Low_Risk
CUST1775,26,Male,Single,University,Self-employed,64,99108,11,3,0,0.96,2,1,0,0,0.212,Medium,Low_Risk
CUST2663,26,Female,Single,Primary,Self-employed,21,54611,19,1,0,0.87,0,0,1,0,0.212,Medium,Low_Risk
CUST0570,43,Female,Married,Secondary,Employed,71,176498,8,1,0,0.57,1,1,0,0,0.212,Low,Low_Risk
CUST2113,29,Male,Single,Secondary,Employed,65,50294,12,2,1,0.67,0,0,0,0,0.212,Low,Low_Risk
CUST0508,30,Male,Single,Secondary,Self-employed,36,78321,16,1,2,0.54,2,1,0,0,0.212,Low,Medium_Risk
CUST0187,24,Female,Single,Primary,Employed,36,206052,13,4,0,0.87,1,1,1,0,0.212,Medium,Low_Risk
CUST2885,39,Female,Married,Secondary,Unemployed,18,31032,20,3,0,0.97,1,1,0,0,0.212,Medium,Low_Risk
CUST0276,53,Male,Married,Secondary,Employed,75,63918,10,2,1,0.87,1,1,0,0,0.212,Low,Low_Risk
CUST1113,41,Male,Married,Secondary,Employed,92,29302,8,1,0,0.61,0,1,1,0,0.211,Low,Low_Risk
CUST1507,31,Male,Married,Secondary,Self-employed,58,8519,14,3,0,0.76,0,0,0,0,0.211,Medium,Low_Risk
CUST1227,30,Male,Divorced,University,Employed,20,143234,17,1,0,0.57,0,1,1,0,0.211,Low,Low_Risk
CUST2059,48,Female,Married,Secondary,Employed,33,9338,18,2,1,0.87,2,1,0,0,0.211,Medium,Low_Risk
CUST1480,31,Male,Single,Secondary,Self-employed,29,120811,16,1,0,0.62,0,0,1,0,0.211,Low,Low_Risk
CUST2108,47,Male,Married,Secondary,Employed,36,157841,14,1,0,0.56,0,1,0,0,0.211,Low,Low_Risk
CUST0814,20,Female,Single,Secondary,Employed,13,102779,19,2,1,0.84,2,1,0,0,0.211,Medium,Low_Risk
CUST2347,32,Female,Married,Primary,Self-employed,42,76737,15,4,0,0.88,1,1,0,0,0.211,Medium,Low_Risk
CUST0586,31,Female,Divorced,,Employed,51,138697,12,3,0,0.89,1,0,0,0,0.211,Medium,Low_Risk
CUST1166,25,Male,Married,Secondary,Employed,36,30108,17,4,0,0.54,1,1,0,0,0.211,High,Low_Risk
CUST1028,53,Female,Single,,Employed,94,13925,8,4,0,0.61,2,0,0,0,0.211,Medium,Low_Risk
CUST2147,33,Female,Married,,Employed,67,72938,11,1,1,0.51,1,1,0,0,0.211,Low,Low_Risk
CUST2440,38,Female,Single,Primary,Self-employed,13,190161,17,2,0,0.6,2,1,1,0,0.211,Medium,Low_Risk
CUST0281,18,Female,Single,,Employed,45,95397,14,2,1,0.7,1,1,0,0,0.211,Medium,Low_Risk
CUST1791,24,Male,Single,Secondary,Employed,21,5707,20,4,0,0.59,0,1,0,0,0.211,High,Low_Risk
CUST1632,30,Male,Married,University,Self-employed,29,122717,16,3,1,0.98,1,0,0,0,0.211,Medium,Low_Risk
CUST2130,31,Female,Single,Secondary,Unemployed,6,151146,19,2,0,0.81,1,1,0,0,0.211,Medium,Low_Risk
CUST0390,38,Female,Single,Primary,Employed,86,28058,9,3,0,0.9,3,1,1,0,0.211,Medium,Low_Risk
CUST2695,34,Female,Married,Primary,Employed,33,9865,18,1,0,0.54,1,0,0,0,0.211,Medium,Low_Risk
CUST0553,37,Male,Married,University,Employed,29,121161,16,2,0,0.76,1,1,0,0,0.211,Medium,Low_Risk
CUST1901,34,Male,Married,Secondary,Employed,67,74936,11,3,1,0.68,1,1,0,0,0.211,Medium,Low_Risk
CUST2885,31,Male,Married,University,Self-employed,12,241111,16,1,0,0.84,0,0,0,0,0.211,Low,Low_Risk
CUST1627,18,Female,Single,Secondary,Employed,18,282701,14,1,0,0.56,2,1,1,0,0.211,Low,Low_Risk
CUST1949,34,Male,Married,Secondary,Employed,32,14458,18,3,0,0.63,1,1,0,0,0.211,Medium,Low_Risk
CUST2862,32,Male,Divorced,Primary,Self-employed,21,93776,18,1,0,0.95,0,0,1,0,0.211,Medium,Low_Risk
CUST2209,38,Male,Single,Secondary,Employed,56,58085,13,3,0,0.75,1,1,0,0,0.21,Medium,Low_Risk
CUST2037,18,Female,Married,University,Self-employed,36,153119,14,3,0,1.0,0,1,0,0,0.21,Medium,Low_Risk
CUST2537,37,Male,Single,Primary,Employed,25,147473,16,3,0,0.9,2,1,0,0,0.21,Medium,Low_Risk
CUST2811,32,Female,Married,Secondary,Employed,28,40588,18,1,1,0.88,1,0,0,0,0.21,Medium,Low_Risk
CUST1432,47,Female,Single,Secondary,Employed,56,144377,11,2,1,0.92,0,1,1,0,0.21,Low,Low_Risk
CUST1226,41,Male,Single,Secondary,Self-employed,38,224526,12,3,0,0.88,1,0,1,0,0.21,Medium,Low_Risk
CUST0180,31,Female,Married,Primary,Employed,16,377538,12,1,0,0.5,3,1,0,0,0.21,Low,Low_Risk
CUST2444,45,Female,Single,University,Employed,46,566,16,1,0,0.78,2,1,0,0,0.21,Low,Low_Risk
CUST2907,41,Female,Married,Primary,Employed,69,13921,12,3,0,0.69,0,0,1,0,0.21,Medium,Low_Risk
CUST0358,33,Female,Married,Secondary,Employed,39,48168,16,3,0,0.97,0,1,0,0,0.21,Medium,Low_Risk
CUST2504,30,Female,Divorced,Secondary,Employed,46,1839,16,2,0,0.53,0,0,1,0,0.21,Medium,Low_Risk
CUST1705,31,Male,Married,Secondary,Employed,28,38421,18,2,0,0.93,1,0,0,0,0.21,Medium,Low_Risk
CUST0404,34,Female,Married,Secondary,Self-employed,83,42873,9,1,0,0.81,4,0,0,0,0.21,Low,Low_Risk
CUST1487,45,Female,Married,Primary,Employed,55,64327,13,1,0,0.81,0,1,0,0,0.209,Low,Low_Risk
CUST0877,22,Male,Single,Secondary,Self-employed,62,13762,13,3,1,0.78,0,0,0,0,0.209,Medium,Low_Risk
CUST1738,55,Male,Married,Secondary,Self-employed,43,16794,16,3,0,0.83,0,1,0,0,0.209,Medium,Low_Risk
CUST1785,49,Male,Single,University,Employed,22,161381,16,1,1,0.73,2,1,1,0,0.209,Low,Low_Risk
CUST1356,35,Female,Single,,Employed,68,59427,11,3,0,0.63,2,1,0,0,0.209,Medium,Low_Risk
CUST2717,38,Male,Married,Primary,Self-employed,48,67559,14,3,0,0.8,1,1,1,0,0.209,Medium,Low_Risk
CUST2369,40,Female,Married,Secondary,Employed,29,114585,16,2,0,0.89,1,0,1,0,0.209,Medium,Low_Risk
CUST2033,20,Male,Single,Secondary,Self-employed,34,37740,17,4,1,0.94,2,1,1,0,0.209,High,Low_Risk
CUST1699,42,Male,Divorced,Primary,Employed,55,103171,12,3,0,0.53,2,1,1,0,0.209,Medium,Low_Risk
CUST0017,41,Female,Married,University,Employed,65,78324,11,1,1,0.71,1,1,0,0,0.209,Low,Low_Risk
CUST0314,25,Female,Single,Secondary,Employed,21,127221,17,2,0,0.68,0,0,0,0,0.209,Medium,Low_Risk
CUST2221,41,Male,Single,Secondary,Self-employed,41,31401,16,2,0,0.51,2,1,1,0,0.209,Medium,Low_Risk
CUST0243,19,Female,Single,,Employed,15,168396,17,2,0,0.91,3,1,0,0,0.209,Medium,Low_Risk
CUST0173,35,Female,Divorced,Primary,Employed,51,4047,15,2,0,0.54,1,1,1,0,0.209,Medium,Low_Risk
CUST0731,38,Female,Single,University,Self-employed,14,3884,21,1,0,0.57,1,0,0,0,0.209,Medium,Low_Risk
CUST0113,36,Male,Single,Primary,Unemployed,39,344003,9,3,0,0.88,1,1,0,0,0.209,Medium,Low_Risk
CUST1674,40,Male,Married,Secondary,Employed,70,129676,9,2,0,1.0,1,1,0,0,0.209,Low,Low_Risk
CUST1446,49,Female,Married,,Self-employed,55,146482,11,3,0,0.69,3,1,0,0,0.209,Medium,Low_Risk
CUST2902,23,Male,Single,University,Employed,69,93607,10,1,0,0.87,0,1,1,0,0.209,Low,Low_Risk
CUST1696,51,Female,Single,Secondary,Employed,31,142720,15,3,0,0.72,0,1,0,0,0.209,Medium,Low_Risk
CUST0167,34,Male,Married,,Employed,45,4942,16,4,0,0.92,1,1,0,0,0.209,Medium,Low_Risk
CUST2115,34,Female,Married,Secondary,Employed,22,116763,17,2,0,0.93,0,1,0,0,0.208,Medium,Low_Risk
CUST2128,42,Male,Single,Primary,Employed,21,36135,19,3,1,0.88,1,0,0,0,0.208,Medium,Low_Risk
CUST2670,51,Female,Married,Secondary,Employed,23,194873,15,1,0,0.88,1,0,0,0,0.208,Low,Low_Risk
CUST1044,54,Female,Married,Primary,Employed,30,59749,17,3,0,0.76,1,1,0,0,0.208,Medium,Low_Risk
CUST0477,39,Male,Single,Primary,Employed,18,100440,18,1,1,0.93,0,1,0,0,0.208,Medium,Low_Risk
CUST1543,18,Female,Married,Primary,Self-employed,75,3876,11,1,0,0.8,2,1,0,0,0.208,Low,Low_Risk
CUST0614,40,Female,Single,Secondary,Self-employed,61,18330,13,1,0,0.73,1,0,1,0,0.208,Low,Low_Risk
CUST2055,42,Female,Single,Secondary,Self-employed,62,11940,13,4,0,0.94,0,0,0,0,0.208,Medium,Low_Risk
CUST0816,32,Female,Married,Secondary,Employed,41,110469,14,3,1,0.54,0,1,1,0,0.208,Medium,Low_Risk
CUST2750,48,Female,Single,University,Self-employed,65,74546,11,1,0,0.83,0,0,1,0,0.208,Low,Low_Risk
CUST2389,27,Male,Single,Primary,Self-employed,56,10344,14,1,0,0.95,0,1,0,0,0.208,Low,Low_Risk
CUST0704,22,Male,Married,,Employed,10,327575,14,2,1,0.66,0,1,1,0,0.208,Medium,Low_Risk
CUST0408,41,Female,Single,Secondary,Employed,26,172314,15,2,0,0.57,0,1,1,0,0.208,Medium,Low_Risk
CUST1462,44,Female,Married,Primary,Employed,25,11538,19,2,0,0.62,2,0,0,0,0.208,Medium,Low_Risk
CUST2571,48,Female,Single,Primary,Employed,70,39636,11,2,0,0.51,2,1,0,0,0.208,Low,Low_Risk
CUST0627,51,Male,Single,Primary,Self-employed,22,286843,13,3,1,0.78,0,1,0,0,0.208,Medium,Low_Risk
CUST2633,41,Male,Divorced,Secondary,Employed,58,38228,13,3,0,0.64,3,0,0,0,0.208,Medium,Low_Risk
CUST1098,22,Female,Married,Primary,Self-employed,57,3267,14,4,0,0.71,0,1,0,0,0.208,Medium,Low_Risk
CUST1109,24,Male,Single,University,Self-employed,24,187533,15,4,0,0.95,0,1,0,0,0.208,Medium,Low_Risk
CUST1379,27,Male,Married,Secondary,Employed,81,3245,10,3,0,0.61,2,0,1,0,0.207,Medium,Low_Risk
CUST0985,29,Female,Married,Secondary,Self-employed,42,187677,12,1,0,0.96,0,1,0,0,0.207,Low,Low_Risk
CUST0493,26,Female,Single,Secondary,Employed,29,146709,15,1,1,0.7,1,1,1,0,0.207,Low,Low_Risk
CUST1512,37,Female,Divorced,University,Employed,34,70798,16,4,0,0.93,2,0,0,0,0.207,Medium,Low_Risk
CUST0649,22,Female,Married,Primary,Employed,13,4705,21,1,1,0.54,3,1,0,0,0.207,Medium,Medium_Risk
CUST1832,46,Female,Single,Secondary,Employed,77,114617,8,1,0,0.96,1,1,0,0,0.207,Low,Low_Risk
CUST2572,39,Male,Single,,Unemployed,53,27139,14,1,0,0.68,0,0,0,0,0.207,Low,Low_Risk
CUST0276,38,Male,Single,Secondary,Employed,43,9208,16,1,0,0.62,2,1,1,0,0.207,Low,Low_Risk
CUST0018,48,Female,Married,Secondary,Self-employed,49,53563,14,3,1,0.57,0,1,1,0,0.207,Medium,Low_Risk
CUST2802,28,Male,Married,Primary,Employed,12,94742,19,3,0,0.83,1,0,0,0,0.207,Medium,Low_Risk
CUST2590,51,Female,Single,Primary,Self-employed,28,154484,15,1,0,0.76,1,1,0,0,0.207,Low,Low_Risk
CUST1739,31,Female,Married,Primary,Self-employed,7,257549,16,1,0,0.79,2,0,0,0,0.207,Low,Low_Risk
CUST2289,46,Female,Single,University,Self-employed,47,235731,10,1,1,0.87,0,1,0,0,0.207,Low,Low_Risk
CUST2272,38,Male,Single,University,Employed,65,71176,11,4,1,0.51,1,1,0,0,0.207,Medium,Low_Risk
CUST1676,27,Male,Divorced,University,Employed,29,21050,18,1,0,0.91,1,1,0,0,0.207,Medium,Low_Risk
CUST2959,31,Female,Single,Primary,Self-employed,37,7832,17,3,1,0.82,0,1,0,0,0.207,Medium,Low_Risk
CUST0308,26,Male,Single,Secondary,Self-employed,38,129609,14,2,0,0.52,0,0,0,0,0.207,Medium,Low_Risk
CUST1127,26,Female,Married,University,Employed,53,66468,13,2,0,0.87,1,1,0,0,0.207,Medium,Low_Risk
CUST1848,27,Male,Married,Primary,Employed,17,145441,17,2,0,0.55,0,1,0,0,0.207,Medium,Low_Risk
CUST2419,18,Male,Married,University,Employed,36,185632,13,2,0,0.82,1,1,0,0,0.207,Medium,Low_Risk
CUST2510,41,Male,Married,Primary,Employed,29,19128,18,1,0,0.64,0,1,1,0,0.207,Medium,Low_Risk
CUST0385,37,Male,Married,Primary,Employed,72,21389,11,2,0,0.76,1,1,0,0,0.207,Low,Low_Risk
CUST1150,47,Male,Single,Primary,Employed,33,77572,16,1,0,0.6,0,0,0,0,0.207,Low,Low_Risk
CUST2898,42,Female,Married,Primary,Employed,64,75551,11,1,0,0.5,1,1,0,0,0.207,Low,Low_Risk
CUST2639,36,Female,Single,Secondary,Employed,23,14002,19,4,0,0.87,1,1,1,0,0.206,High,Low_Risk
CUST0270,36,Female,Married,University,Self-employed,44,126686,13,1,2,0.7,2,1,1,0,0.206,Low,Medium_Risk
CUST0782,52,Male,Married,University,Self-employed,12,174540,17,2,0,0.85,0,0,0,0,0.206,Medium,Low_Risk
CUST1618,18,Female,Married,,Employed,80,133108,7,1,0,0.83,1,1,0,0,0.206,Low,Low_Risk
CUST2570,47,Female,Married,,Employed,54,12520,14,1,0,0.5,2,1,0,0,0.206,Low,Low_Risk
CUST0920,30,Male,Single,,Employed,12,90822,19,1,0,0.88,0,1,0,0,0.206,Medium,Low_Risk
CUST0355,53,Female,Single,University,Employed,68,47011,11,2,0,0.64,1,1,0,0,0.206,Low,Low_Risk
CUST0916,37,Female,Divorced,Secondary,Unemployed,1,381415,14,2,0,0.95,0,1,1,0,0.206,Medium,Low_Risk
CUST2984,23,Male,Single,Primary,Employed,79,14028,10,1,0,0.62,1,0,1,0,0.206,Low,Low_Risk
CUST1066,41,Female,Married,Primary,Unemployed,53,190587,10,2,1,0.89,0,1,0,0,0.206,Low,Low_Risk
CUST2225,35,Female,Married,Primary,Employed,65,21367,12,2,0,0.85,0,1,1,0,0.205,Low,Low_Risk
CUST0159,35,Male,Single,Primary,Employed,71,20642,11,1,0,0.52,0,0,0,0,0.205,Low,Low_Risk
CUST2192,18,Male,Divorced,Secondary,Employed,41,98101,14,2,0,0.79,0,1,0,0,0.205,Medium,Low_Risk
CUST1337,35,Female,Married,,Self-employed,60,52122,12,3,1,0.82,0,0,0,0,0.205,Medium,Low_Risk
CUST0587,18,Female,Single,Primary,Employed,26,76893,17,1,0,0.73,1,0,0,0,0.205,Low,Low_Risk
CUST0854,40,Male,Single,Primary,Self-employed,12,86594,19,2,1,0.62,0,1,0,0,0.205,Medium,Low_Risk
CUST2761,42,Female,Single,,Employed,59,16607,13,1,0,0.74,4,1,0,0,0.205,Low,Low_Risk
CUST2866,18,Female,Married,Secondary,Employed,65,18678,12,1,1,0.79,0,1,0,0,0.205,Low,Low_Risk
CUST2691,33,Male,Single,Secondary,Self-employed,3,193186,18,3,0,0.51,0,0,1,0,0.205,Medium,Low_Risk
CUST0754,36,Male,Married,Secondary,Employed,34,63316,16,3,2,0.53,0,0,0,0,0.205,Medium,Low_Risk
CUST2692,40,Male,Single,Secondary,Employed,29,224654,13,2,0,0.59,1,1,0,0,0.205,Medium,Low_Risk
CUST1251,23,Male,Married,University,Employed,19,210808,15,1,0,0.6,0,1,0,0,0.205,Low,Low_Risk
CUST1409,41,Male,Single,Secondary,Self-employed,53,16088,14,3,0,0.52,1,0,0,0,0.205,Medium,Low_Risk
CUST0564,43,Female,Married,Primary,Employed,65,20833,12,3,0,0.64,1,1,0,0,0.205,Medium,Low_Risk
CUST1350,20,Male,Married,Secondary,Employed,84,15402,9,4,0,0.94,3,1,0,0,0.205,Medium,Low_Risk
CUST0380,21,Male,Married,University,Employed,65,18311,12,1,1,0.74,1,0,0,0,0.205,Low,Low_Risk
CUST1977,23,Female,Single,Primary,Employed,41,14342,16,2,0,0.58,0,1,0,0,0.205,Medium,Low_Risk
CUST1081,18,Female,Married,Primary,Employed,60,140078,10,4,0,0.73,0,1,1,0,0.205,Medium,Low_Risk
CUST2920,27,Female,Married,Secondary,Employed,78,16898,10,1,0,0.51,1,0,0,0,0.205,Low,Low_Risk
CUST1703,41,Female,Single,Secondary,Employed,69,162159,8,1,0,0.54,1,1,0,0,0.205,Low,Low_Risk
CUST0241,38,Female,Married,Secondary,Self-employed,62,38371,12,1,1,0.87,0,1,1,0,0.205,Low,Low_Risk
CUST2527,34,Female,Single,Secondary,Employed,76,23149,10,2,0,0.71,0,0,0,0,0.204,Low,Low_Risk
CUST0100,40,Male,Single,University,Employed,23,50604,18,3,0,0.71,1,0,1,0,0.204,Medium,Low_Risk
CUST1806,45,Female,Single,University,Employed,28,58501,17,1,0,0.78,0,0,0,0,0.204,Low,Low_Risk
CUST0558,36,Male,Married,Primary,Employed,70,64893,10,1,1,0.64,3,1,0,0,0.204,Low,Medium_Risk
CUST0923,27,Female,Married,University,Self-employed,46,61548,14,3,0,0.65,0,1,0,0,0.204,Medium,Low_Risk
CUST2841,40,Female,Single,Primary,Self-employed,35,54023,16,1,0,0.77,1,1,0,0,0.204,Low,Low_Risk
CUST0336,43,Female,Single,University,Employed,28,59107,17,2,0,0.91,0,1,1,0,0.204,Medium,Low_Risk
CUST2095,38,Female,Married,Primary,Employed,9,59001,20,1,0,0.69,1,1,0,0,0.204,Medium,Low_Risk
CUST0035,23,Male,Married,Secondary,Employed,25,36859,18,4,0,0.58,1,1,0,0,0.204,High,Low_Risk
CUST0257,49,Female,Married,University,Unemployed,37,37555,16,1,0,0.53,1,1,0,0,0.204,Low,Low_Risk
CUST2129,36,Male,Married,Primary,Employed,32,285661,11,1,1,0.74,1,0,0,0,0.204,Low,Low_Risk
CUST2631,57,Female,Single,University,Employed,75,75153,9,3,0,0.52,2,1,1,0,0.204,Medium,Low_Risk
CUST1778,39,Female,Married,University,Self-employed,56,203505,9,2,0,0.75,0,1,0,0,0.204,Low,Low_Risk
CUST0029,37,Male,Married,,Employed,52,21978,14,3,0,0.94,0,0,1,0,0.204,Medium,Low_Risk
CUST1126,31,Male,Single,University,Unemployed,23,5559,19,2,0,0.99,0,1,0,0,0.204,Medium,Low_Risk
CUST2843,24,Female,Married,Secondary,Employed,89,18321,8,2,0,0.86,2,0,0,0,0.204,Low,Low_Risk
CUST0492,23,Female,Married,Secondary,Unemployed,33,62793,16,3,0,0.66,1,0,0,0,0.203,Medium,Low_Risk
CUST0277,31,Male,Married,University,Employed,71,141544,8,2,0,0.63,1,1,0,0,0.203,Low,Low_Risk
CUST1841,32,Male,Married,University,Employed,40,15330,16,1,0,0.67,2,0,1,0,0.203,Low,Low_Risk
CUST1421,43,Female,Single,Secondary,Employed,44,72093,14,1,1,0.89,0,1,0,0,0.203,Low,Low_Risk
CUST1177,55,Female,Single,University,Employed,10,92794,19,3,0,0.88,0,1,0,0,0.203,Medium,Low_Risk
CUST0015,40,Male,Married,Secondary,Self-employed,56,72691,12,4,0,0.75,1,1,1,0,0.203,Medium,Low_Risk
CUST2195,42,Male,Married,Secondary,Employed,94,66375,6,2,0,0.95,2,1,1,0,0.203,Low,Low_Risk
CUST1146,18,Female,Married,Secondary,Employed,94,65920,6,3,0,0.73,1,1,0,0,0.203,Low,Low_Risk
CUST0358,46,Male,Married,Primary,Self-employed,29,133585,15,1,1,0.96,2,1,1,0,0.203,Low,Low_Risk
CUST0412,22,Female,Single,University,Self-employed,47,51601,14,1,0,0.6,3,0,0,0,0.203,Low,Low_Risk
CUST0905,44,Female,Single,Secondary,Self-employed,60,83279,11,1,0,0.66,0,1,0,0,0.202,Low,Low_Risk
CUST2363,22,Male,Married,University,Employed,23,42570,18,3,0,0.66,0,1,0,0,0.202,Medium,Low_Risk
CUST0471,55,Female,Married,Secondary,Self-employed,42,123175,13,1,0,0.7,1,0,0,0,0.202,Low,Low_Risk
CUST2798,28,Female,Single,University,Unemployed,17,84139,18,1,0,0.84,1,1,0,0,0.202,Medium,Low_Risk
CUST1089,30,Female,Married,University,Self-employed,21,98934,17,3,0,0.81,0,1,1,0,0.202,Medium,Low_Risk
CUST1037,41,Male,Married,Secondary,Self-employed,23,254365,13,2,0,0.74,0,1,1,0,0.202,Medium,Low_Risk
CUST0468,20,Male,Married,,Employed,8,271967,15,3,0,0.94,2,1,0,0,0.202,Medium,Low_Risk
CUST1660,40,Female,Married,Primary,Employed,59,177520,9,1,1,0.83,1,1,1,0,0.202,Low,Low_Risk
CUST0370,28,Male,Single,,Employed,21,53547,18,1,0,0.76,1,0,0,0,0.202,Medium,Low_Risk
CUST1538,52,Female,Single,Primary,Self-employed,65,48787,11,2,0,0.75,1,1,0,0,0.202,Low,Low_Risk
CUST1504,41,Female,Single,Secondary,Employed,17,82516,18,3,0,0.65,2,1,0,0,0.202,Medium,Low_Risk
CUST2353,43,Male,Married,Primary,Self-employed,3,307613,15,2,0,0.94,2,0,0,0,0.202,Medium,Low_Risk
CUST1067,41,Male,Single,University,Unemployed,28,48762,17,1,0,0.52,0,0,0,0,0.202,Low,Low_Risk
CUST2365,41,Male,Single,University,Self-employed,61,118195,10,4,0,0.58,0,1,1,0,0.202,Medium,Low_Risk
CUST0265,32,Male,Married,Primary,Self-employed,28,217799,13,1,0,0.79,1,1,1,0,0.202,Low,Low_Risk
CUST2912,43,Female,Married,Secondary,Self-employed,17,39635,19,1,1,0.64,0,1,0,0,0.202,Medium,Low_Risk
CUST1561,26,Male,Married,University,Self-employed,13,236564,15,4,0,0.55,0,1,1,0,0.202,Medium,Low_Risk
CUST1452,34,Male,Single,Secondary,Self-employed,39,11330,16,3,0,0.88,2,1,0,0,0.201,Medium,Low_Risk
CUST0229,40,Male,Married,Secondary,Self-employed,69,16430,11,3,0,0.72,0,1,1,0,0.201,Medium,Low_Risk
CUST1319,36,Male,Divorced,,Employed,20,55936,18,4,0,0.57,1,1,0,0,0.201,High,Low_Risk
CUST1908,20,Female,Single,Primary,Employed,37,69865,15,3,0,0.82,2,1,1,0,0.201,Medium,Low_Risk
CUST2809,30,Female,Married,Primary,Employed,61,31327,12,2,0,0.74,1,1,0,0,0.201,Low,Low_Risk
CUST2997,22,Male,Divorced,Secondary,Employed,64,95544,10,2,0,0.8,2,1,0,0,0.201,Low,Low_Risk
CUST0114,25,Female,Married,Secondary,Self-employed,32,19002,17,1,1,0.7,0,1,0,0,0.201,Low,Low_Risk
CUST2267,49,Female,Married,,Employed,10,84162,19,1,2,0.57,0,1,0,0,0.201,Medium,Low_Risk
CUST1860,29,Male,Married,Primary,Employed,84,129303,6,1,0,0.71,1,1,0,0,0.201,Low,Low_Risk
CUST2578,35,Male,Single,Primary,Employed,45,57090,14,3,0,0.5,2,1,1,0,0.201,Medium,Low_Risk
CUST0438,49,Female,Single,University,Employed,2,54150,21,1,0,0.94,0,1,0,0,0.201,Medium,Low_Risk
CUST2637,28,Male,Married,Secondary,Employed,46,260423,9,4,0,0.54,1,1,1,0,0.201,Medium,Low_Risk
CUST1792,27,Male,Married,,Employed,31,108292,15,1,0,0.78,1,1,1,0,0.201,Low,Low_Risk
CUST1095,23,Male,Married,Secondary,Self-employed,49,29372,14,1,0,0.8,0,1,1,0,0.201,Low,Low_Risk
CUST2081,55,Female,Single,Secondary,Employed,94,16716,7,2,0,0.81,0,1,0,0,0.201,Low,Low_Risk
CUST0640,42,Female,Married,University,Unemployed,58,10612,13,2,0,0.97,0,1,0,0,0.201,Medium,Low_Risk
CUST0725,26,Male,Single,Secondary,Employed,21,475367,8,1,0,0.78,1,1,0,0,0.201,Low,Low_Risk
CUST1984,25,Female,Divorced,Primary,Unemployed,15,2969,20,1,1,0.78,0,0,0,0,0.2,Medium,Low_Risk
CUST2089,36,Female,Married,Primary,Employed,37,107970,14,1,0,0.86,0,1,0,0,0.2,Low,Low_Risk
CUST0311,18,Female,Married,University,Employed,6,277153,15,2,0,0.76,1,1,0,0,0.2,Medium,Low_Risk
CUST2198,45,Male,Married,Secondary,Employed,94,139899,4,2,0,0.78,0,1,0,0,0.2,Low,Low_Risk
CUST2262,51,Female,Single,,Employed,5,452763,11,1,0,0.58,3,1,0,0,0.2,Low,Low_Risk
CUST2372,44,Female,Divorced,,Unemployed,55,23901,13,1,0,0.57,1,1,1,0,0.2,Low,Low_Risk
CUST1328,41,Female,Single,Primary,Employed,70,92219,9,2,0,0.71,0,0,0,0,0.2,Low,Low_Risk
CUST1612,38,Male,Married,Primary,Employed,65,127165,9,1,0,0.88,3,1,0,0,0.2,Low,Low_Risk
CUST1857,24,Male,Married,,Employed,15,129832,17,4,0,0.61,0,1,1,0,0.2,High,Low_Risk
CUST1976,32,Female,Married,Secondary,Unemployed,16,80764,18,3,0,0.65,0,0,0,0,0.2,Medium,Low_Risk
CUST0033,29,Female,Married,Primary,Employed,13,102119,18,3,1,0.68,0,1,0,0,0.2,Medium,Low_Risk
CUST0417,49,Male,Married,Secondary,Self-employed,54,246698,8,2,0,0.61,1,0,1,0,0.2,Low,Low_Risk
CUST2797,35,Male,Married,Primary,Self-employed,22,123896,16,1,0,0.66,0,0,0,0,0.2,Low,Low_Risk
CUST2886,35,Male,Married,Primary,Employed,34,41680,16,1,0,0.78,0,1,0,0,0.2,Low,Low_Risk
CUST2403,18,Female,Married,Secondary,Employed,33,46784,16,1,0,0.86,0,0,0,0,0.199,Low,Low_Risk
CUST2941,34,Male,Single,Secondary,Employed,45,6994,15,2,0,0.63,1,1,0,0,0.199,Medium,Low_Risk
CUST2068,37,Male,Married,,Unemployed,28,39071,17,1,1,0.99,0,1,0,0,0.199,Low,Low_Risk
CUST2973,35,Female,Married,Secondary,Employed,7,181895,17,2,0,0.86,1,1,1,0,0.199,Medium,Low_Risk
CUST0663,36,Male,Married,Secondary,Employed,16,33129,19,1,0,0.6,2,1,1,0,0.199,Medium,Low_Risk
CUST0455,38,Male,Married,Primary,Self-employed,31,227967,12,1,0,0.55,1,0,0,0,0.199,Low,Low_Risk
CUST0256,32,Male,Divorced,Secondary,Employed,52,42287,13,1,0,0.89,0,1,0,0,0.199,Low,Low_Risk
CUST2846,18,Male,Single,Secondary,Employed,27,128950,15,4,0,0.74,1,1,0,0,0.199,Medium,Low_Risk
CUST0895,33,Male,Divorced,University,Self-employed,60,27366,12,2,0,0.54,2,0,0,0,0.199,Low,Low_Risk
CUST2360,26,Female,Married,Secondary,Employed,35,242668,11,2,0,0.82,0,1,0,0,0.199,Low,Low_Risk
CUST1414,29,Male,Divorced,Secondary,Employed,50,14284,14,1,0,0.6,1,1,1,0,0.199,Low,Low_Risk
CUST1195,42,Female,Married,Secondary,Employed,47,76010,13,4,0,0.64,3,1,0,0,0.199,Medium,Low_Risk
CUST0554,38,Male,Single,Secondary,Self-employed,16,77911,18,2,1,0.9,2,1,0,0,0.199,Medium,Low_Risk
CUST2117,24,Female,Single,Secondary,Unemployed,49,20722,14,3,0,0.51,1,0,1,0,0.199,Medium,Low_Risk
CUST1808,59,Female,Married,,Self-employed,63,3851,12,1,0,0.69,0,1,0,0,0.198,Low,Low_Risk
CUST2556,31,Female,Married,,Employed,35,28978,16,3,0,0.55,2,1,1,0,0.198,Medium,Low_Risk
CUST1146,35,Female,Single,Primary,Employed,1,93005,20,4,0,0.54,1,1,0,0,0.198,High,Low_Risk
CUST1859,45,Female,Married,Primary,Employed,19,10028,19,2,0,0.55,0,1,0,0,0.198,Medium,Low_Risk
CUST1554,43,Male,Married,University,Self-employed,41,112116,13,2,0,0.54,0,0,1,0,0.198,Medium,Low_Risk
CUST1144,28,Male,Divorced,Secondary,Employed,38,6268,16,3,0,0.98,2,0,1,0,0.198,Medium,Low_Risk
CUST2087,52,Female,Married,Secondary,Unemployed,46,79400,13,2,0,0.56,4,0,1,0,0.198,Medium,Low_Risk
CUST1042,32,Male,Divorced,Primary,Self-employed,31,14078,17,1,1,0.82,1,0,0,0,0.198,Low,Low_Risk
CUST1342,45,Female,Divorced,Secondary,Employed,20,256595,13,3,0,0.75,0,1,0,0,0.198,Medium,Low_Risk
CUST0664,33,Male,Married,Secondary,Employed,53,73832,12,3,0,0.67,1,0,0,0,0.198,Medium,Low_Risk
CUST1140,44,Female,Married,Secondary,Employed,69,92715,9,1,0,0.97,0,1,0,0,0.198,Low,Low_Risk
CUST1407,19,Female,Divorced,Secondary,Employed,41,29549,15,1,0,0.77,1,1,0,0,0.198,Low,Low_Risk
CUST2789,39,Female,Single,Primary,Employed,22,116464,16,2,0,0.54,0,0,1,0,0.198,Medium,Low_Risk
CUST1365,35,Male,Married,University,Unemployed,49,17787,14,3,0,0.68,1,1,0,0,0.198,Medium,Low_Risk
CUST1734,45,Female,Married,Secondary,Unemployed,9,122175,18,1,2,0.86,1,0,1,0,0.198,Medium,Medium_Risk
CUST2316,28,Male,Married,Primary,Self-employed,8,256598,15,2,0,0.65,0,0,0,0,0.198,Medium,Low_Risk
CUST0362,37,Female,Divorced,Primary,Self-employed,47,114569,12,4,0,0.85,0,1,1,0,0.198,Medium,Low_Risk
CUST1848,24,Female,Married,,Employed,35,110653,14,3,0,0.63,1,1,1,0,0.198,Medium,Low_Risk
CUST1333,37,Female,Single,Primary,Self-employed,86,13967,8,2,0,0.8,0,0,0,0,0.197,Low,Low_Risk
CUST0848,20,Female,Single,,Self-employed,19,6018,19,1,0,0.82,0,0,0,0,0.197,Medium,Low_Risk
CUST2060,28,Female,Single,Secondary,Self-employed,40,33119,15,1,1,0.86,1,1,1,0,0.197,Low,Low_Risk
CUST0065,35,Female,Divorced,Secondary,Self-employed,67,59258,10,2,0,0.95,3,1,1,0,0.197,Low,Low_Risk
CUST2882,34,Male,Married,Secondary,Employed,85,59457,7,2,0,0.88,0,1,1,0,0.197,Low,Low_Risk
CUST2111,36,Female,Single,Secondary,Employed,19,5407,19,1,0,0.94,0,1,0,0,0.197,Medium,Low_Risk
CUST1751,36,Female,Single,,Employed,35,24780,16,2,0,0.93,1,1,0,0,0.197,Medium,Low_Risk
CUST2027,45,Male,Single,University,Unemployed,49,54138,13,1,0,0.7,1,0,0,0,0.197,Low,Low_Risk
CUST1272,39,Male,Single,University,Employed,50,4299,14,1,0,1.0,2,1,0,0,0.197,Low,Low_Risk
CUST2463,37,Male,Single,Primary,Employed,64,37113,11,1,0,0.83,3,0,0,0,0.197,Low,Low_Risk
CUST2373,34,Male,Married,Primary,Employed,78,195112,5,2,1,0.72,0,1,0,0,0.197,Low,Low_Risk
CUST1196,35,Female,Married,Secondary,Employed,23,61653,17,1,0,0.53,1,1,0,0,0.197,Low,Low_Risk
CUST0829,49,Male,Married,University,Employed,22,70960,17,1,1,0.78,0,0,1,0,0.197,Low,Low_Risk
CUST2584,28,Male,Single,Secondary,Unemployed,32,45181,16,1,0,0.56,0,0,0,0,0.197,Low,Low_Risk
CUST1296,43,Female,Married,Secondary,Employed,53,71275,12,1,0,0.75,1,0,1,0,0.197,Low,Low_Risk
CUST2616,38,Female,Single,Primary,Self-employed,84,109323,6,3,0,0.81,1,0,0,0,0.197,Low,Low_Risk
CUST0931,35,Male,Single,,Employed,27,286308,11,1,0,0.7,1,1,0,0,0.196,Low,Low_Risk
CUST1634,50,Female,Married,Primary,Employed,36,351072,8,2,0,0.85,1,1,0,0,0.196,Low,Low_Risk
CUST0825,32,Female,Married,Secondary,Unemployed,40,240937,10,2,0,0.91,3,1,0,0,0.196,Low,Low_Risk
CUST2972,43,Female,Married,Primary,Employed,43,5266,15,3,1,0.95,0,1,1,0,0.196,Medium,Low_Risk
CUST2930,26,Male,Single,Secondary,Self-employed,42,99947,13,4,0,0.59,0,1,0,0,0.196,Medium,Low_Risk
CUST1804,24,Male,Married,University,Self-employed,2,245828,16,3,1,0.78,1,1,0,0,0.196,Medium,Low_Risk
CUST2251,31,Female,Married,Primary,Employed,65,23860,11,2,0,0.79,0,1,0,0,0.196,Low,Low_Risk
CUST2018,38,Male,Married,Primary,Employed,55,10397,13,2,0,0.71,1,1,1,0,0.196,Medium,Low_Risk
CUST1049,33,Male,Single,Secondary,Self-employed,39,33427,15,2,1,0.66,1,1,1,0,0.196,Medium,Low_Risk
CUST1693,27,Female,Married,Primary,Unemployed,54,56495,12,1,0,0.72,1,1,0,0,0.196,Low,Low_Risk
CUST1913,32,Male,Single,Secondary,Employed,31,216317,12,4,1,0.65,3,1,1,0,0.196,Medium,Medium_Risk
CUST1777,38,Male,Divorced,Primary,Employed,79,56265,8,3,1,0.8,1,1,0,0,0.196,Medium,Low_Risk
CUST2170,30,Female,Married,University,Employed,23,59699,17,3,0,0.64,1,1,0,0,0.196,Medium,Low_Risk
CUST1909,43,Female,Single,University,Employed,46,240160,9,1,0,0.9,1,1,0,0,0.196,Low,Low_Risk
CUST0782,39,Male,Married,Secondary,Unemployed,5,183508,17,1,1,0.59,2,0,0,0,0.196,Low,Low_Risk
CUST2997,39,Male,Married,Primary,Unemployed,64,116526,9,4,0,0.9,2,1,1,0,0.196,Medium,Low_Risk
CUST0818,39,Male,Single,Secondary,Employed,35,20051,16,4,1,0.76,3,1,0,0,0.196,Medium,Medium_Risk
CUST2496,26,Female,Married,,Employed,11,100386,18,1,0,0.77,3,0,0,0,0.196,Medium,Low_Risk
CUST0628,44,Male,Married,Secondary,Self-employed,53,66226,12,1,1,0.52,1,1,0,0,0.196,Low,Low_Risk
CUST1558,48,Male,Married,University,Employed,73,55229,9,3,0,0.53,1,0,0,0,0.196,Medium,Low_Risk
CUST2392,43,Male,Married,Primary,Employed,14,80426,18,4,0,0.69,0,0,1,0,0.196,High,Low_Risk
CUST2552,46,Male,Single,Secondary,Employed,7,40385,20,1,0,0.75,2,0,0,0,0.196,Medium,Low_Risk
CUST1622,44,Male,Married,Secondary,Unemployed,66,59657,10,4,0,0.56,1,0,0,0,0.196,Medium,Low_Risk
CUST1142,41,Female,Single,Primary,Self-employed,68,43330,10,1,0,0.95,2,1,0,0,0.195,Low,Low_Risk
CUST1038,45,Female,Married,,Self-employed,55,3174,13,2,0,0.7,2,1,1,0,0.195,Medium,Low_Risk
CUST1799,31,Male,Single,Secondary,Employed,11,9641,20,1,1,0.66,3,1,0,0,0.195,Medium,Medium_Risk
CUST1346,32,Female,Single,University,Unemployed,39,285719,9,1,0,0.87,2,0,0,0,0.195,Low,Low_Risk
CUST1532,37,Male,Married,Secondary,Employed,23,55694,17,2,0,0.8,1,0,0,0,0.195,Medium,Low_Risk
CUST1785,40,Male,Married,Primary,Employed,14,31092,19,3,1,0.93,0,1,0,0,0.195,Medium,Low_Risk
CUST2496,29,Female,Single,Primary,Self-employed,83,23751,8,2,0,0.51,1,0,0,0,0.195,Low,Low_Risk
CUST0521,45,Female,Married,Secondary,Self-employed,79,7643,9,2,0,0.68,1,1,0,0,0.195,Low,Low_Risk
CUST0678,47,Female,Single,Primary,Self-employed,57,34344,12,2,0,0.84,1,1,1,0,0.195,Low,Low_Risk
CUST2598,41,Female,Single,Primary,Employed,43,87880,13,1,0,0.97,0,1,0,0,0.195,Low,Low_Risk
CUST0387,32,Female,Married,Secondary,Employed,35,14130,16,1,0,0.89,1,1,0,0,0.195,Low,Low_Risk
CUST0982,18,Female,Single,University,Self-employed,52,68627,12,1,0,0.56,1,1,0,0,0.195,Low,Low_Risk
CUST1365,25,Female,Single,Primary,Self-employed,49,90123,12,2,0,0.65,3,1,1,0,0.195,Low,Low_Risk
CUST0741,31,Male,Single,,Employed,77,24622,9,1,0,0.88,0,1,0,0,0.195,Low,Low_Risk
CUST0873,36,Male,Single,Primary,Self-employed,35,13335,16,2,0,0.85,1,1,1,0,0.195,Medium,Low_Risk
CUST1147,33,Female,Divorced,University,Employed,4,314629,14,4,0,0.54,5,1,0,0,0.195,Medium,Medium_Risk
CUST1351,51,Female,Single,Secondary,Employed,49,132529,11,1,0,0.92,0,0,0,0,0.195,Low,Low_Risk
CUST1542,38,Female,Single,Primary,Employed,50,80174,12,1,0,0.91,1,1,1,0,0.195,Low,Low_Risk
CUST2069,19,Female,Married,Secondary,Unemployed,33,70573,15,4,0,0.68,1,1,1,0,0.195,Medium,Low_Risk
CUST0227,28,Male,Married,Secondary,Employed,20,160109,15,1,0,0.97,1,0,0,0,0.195,Low,Low_Risk
CUST1560,18,Female,Single,University,Employed,36,89612,14,4,1,0.56,0,0,1,0,0.194,Medium,Low_Risk
CUST0432,46,Male,Single,Primary,Self-employed,48,6939,14,1,0,0.53,2,0,0,0,0.194,Low,Low_Risk
CUST1881,30,Male,Married,Primary,Employed,42,47303,14,2,0,0.83,0,1,1,0,0.194,Medium,Low_Risk
CUST0674,28,Female,Single,,Self-employed,31,125045,14,4,0,0.52,0,0,0,0,0.194,Medium,Low_Risk
CUST0827,24,Female,Married,Primary,Unemployed,41,10850,15,4,0,0.51,2,1,0,0,0.194,Medium,Low_Risk
CUST0020,48,Male,Married,Secondary,Employed,46,18252,14,2,0,0.72,1,1,1,0,0.194,Medium,Low_Risk
CUST1072,29,Male,Married,University,Unemployed,52,62134,12,1,0,0.8,1,0,0,0,0.194,Low,Low_Risk
CUST0428,44,Female,Married,Secondary,Employed,55,43751,12,1,0,0.99,2,1,0,0,0.194,Low,Low_Risk
CUST2944,42,Female,Single,,Employed,52,63250,12,1,0,0.88,3,1,0,0,0.194,Low,Low_Risk
CUST0354,43,Female,Married,Primary,Employed,4,94917,19,3,1,0.98,2,0,0,0,0.194,Medium,Low_Risk
CUST0327,39,Female,Single,Secondary,Self-employed,32,242799,11,1,0,0.97,0,1,0,0,0.194,Low,Low_Risk
CUST0223,32,Male,Single,Secondary,Employed,6,211871,16,1,0,0.82,1,1,0,0,0.194,Low,Low_Risk
CUST0103,23,Male,Single,Primary,Self-employed,42,91588,13,3,0,0.82,1,0,0,0,0.194,Medium,Low_Risk
CUST0003,26,Male,Divorced,University,Self-employed,24,86271,16,2,0,0.63,1,0,1,0,0.194,Medium,Low_Risk
CUST2849,52,Male,Single,Secondary,Self-employed,44,205722,10,2,1,0.74,0,1,1,0,0.194,Low,Low_Risk
CUST0781,34,Female,Married,University,Employed,23,52247,17,2,0,0.65,2,0,0,0,0.194,Medium,Low_Risk
CUST2839,29,Female,Married,Secondary,Employed,42,49453,14,2,0,0.87,0,1,0,0,0.194,Medium,Low_Risk
CUST1122,30,Female,Married,Primary,Unemployed,44,416531,5,4,0,0.57,1,0,1,0,0.194,Medium,Low_Risk
CUST2446,42,Male,Married,Secondary,Employed,8,68262,19,4,0,0.63,0,1,0,0,0.194,High,Low_Risk
CUST2299,33,Male,Single,,Employed,6,39432,20,2,0,0.81,1,0,0,0,0.194,Medium,Low_Risk
CUST2129,24,Male,Single,Secondary,Employed,32,325856,9,3,0,0.74,0,1,1,0,0.193,Medium,Low_Risk
CUST0656,45,Male,Married,Secondary,Employed,45,23734,14,1,0,0.53,0,1,1,0,0.193,Low,Low_Risk
CUST1387,52,Female,Married,Primary,Employed,7,284421,14,2,0,0.99,2,0,0,0,0.193,Medium,Low_Risk
CUST1931,39,Female,Divorced,Secondary,Employed,11,214274,15,2,0,0.99,1,1,0,0,0.193,Medium,Low_Risk
CUST1126,18,Female,Married,University,Employed,38,28143,15,1,0,0.66,1,1,0,0,0.193,Low,Low_Risk
CUST0152,22,Female,Single,Primary,Employed,4,8463,21,1,1,0.83,1,1,0,0,0.193,Medium,Low_Risk
CUST2870,36,Male,Married,Primary,Self-employed,27,148514,14,2,0,0.65,0,1,0,0,0.193,Medium,Low_Risk
CUST1214,43,Male,Married,Secondary,Employed,53,97355,11,2,0,0.51,0,1,0,0,0.193,Low,Low_Risk
CUST1882,49,Female,Single,Primary,Employed,32,198735,12,2,0,0.79,1,1,1,0,0.193,Low,Low_Risk
CUST0429,21,Female,Married,Primary,Self-employed,2,22349,21,2,0,0.94,1,1,0,0,0.193,Medium,Low_Risk
CUST2454,47,Male,Single,Primary,Self-employed,34,12177,16,2,0,1.0,1,0,0,0,0.193,Medium,Low_Risk
CUST0924,38,Male,Single,Secondary,Unemployed,36,83915,14,2,1,0.77,1,1,0,0,0.193,Medium,Low_Risk
CUST0861,45,Female,Single,University,Employed,19,202455,14,3,0,0.89,2,1,1,0,0.193,Medium,Low_Risk
CUST1786,31,Female,Married,University,Employed,34,141618,13,1,0,0.81,1,1,0,0,0.193,Low,Low_Risk
CUST0071,40,Male,Married,Secondary,Employed,33,146996,13,1,0,0.87,1,1,1,0,0.193,Low,Low_Risk
CUST0437,56,Female,Single,University,Employed,60,88633,10,2,0,0.82,1,0,1,0,0.193,Low,Low_Risk
CUST2987,24,Male,Divorced,,Self-employed,46,16453,14,1,0,0.84,1,1,0,0,0.193,Low,Low_Risk
CUST1737,26,Male,Divorced,Secondary,Employed,10,177244,16,1,0,0.78,0,0,0,0,0.193,Low,Low_Risk
CUST2789,47,Male,Married,Primary,Unemployed,62,244286,6,3,0,0.5,2,1,0,0,0.193,Low,Low_Risk
CUST1627,45,Female,Single,University,Unemployed,17,132409,16,1,0,0.67,1,1,0,0,0.193,Low,Low_Risk
CUST2181,34,Male,Single,Primary,Employed,34,183937,12,3,0,0.84,0,1,0,0,0.193,Medium,Low_Risk
CUST1749,22,Female,Married,Primary,Employed,8,64509,19,2,0,0.75,1,1,1,0,0.193,Medium,Low_Risk
CUST1774,34,Female,Married,Primary,Employed,36,166852,12,1,0,0.81,0,0,1,0,0.192,Low,Low_Risk
CUST2768,41,Male,Single,Secondary,Employed,12,117118,17,3,0,0.6,1,1,0,0,0.192,Medium,Low_Risk
CUST2599,31,Male,Married,,Employed,34,221120,11,3,0,0.59,1,1,1,0,0.192,Medium,Low_Risk
CUST1572,41,Female,Single,Primary,Employed,9,183230,16,2,0,0.74,3,0,0,0,0.192,Medium,Low_Risk
CUST0674,33,Male,Divorced,Secondary,Self-employed,37,158873,12,2,0,0.64,0,1,0,0,0.192,Low,Low_Risk
CUST0900,45,Female,Married,University,Self-employed,24,77200,16,1,0,0.64,2,1,0,0,0.192,Low,Low_Risk
CUST2098,34,Male,Married,Primary,Self-employed,6,158969,17,1,0,0.71,2,1,1,0,0.192,Low,Low_Risk
CUST2807,19,Female,Single,Secondary,Employed,5,80042,19,1,0,0.87,3,0,1,0,0.192,Medium,Low_Risk
CUST1696,40,Female,Married,Secondary,Self-employed,52,57383,12,1,0,0.93,6,0,0,0,0.192,Low,Medium_Risk
CUST0979,19,Male,Single,Primary,Employed,64,15685,11,1,0,0.6,0,1,0,0,0.192,Low,Low_Risk
CUST1525,47,Male,Single,Secondary,Self-employed,69,67386,9,1,1,0.94,1,1,0,0,0.192,Low,Low_Risk
CUST2120,53,Male,Single,Primary,Employed,49,76676,12,2,0,0.56,1,1,1,0,0.192,Low,Low_Risk
CUST2242,30,Male,Married,Secondary,Employed,87,25386,7,1,0,0.65,1,1,0,0,0.192,Low,Low_Risk
CUST1058,24,Female,Single,Primary,Self-employed,19,113830,16,2,0,0.67,1,1,0,0,0.192,Medium,Low_Risk
CUST1872,43,Male,Married,Secondary,Self-employed,17,213422,14,3,0,0.9,1,1,0,0,0.192,Medium,Low_Risk
CUST0270,24,Male,Married,University,Employed,12,32739,19,4,0,0.64,1,1,1,0,0.192,High,Low_Risk
CUST0647,43,Male,Married,University,Self-employed,28,8304,17,3,0,0.85,3,1,0,0,0.192,Medium,Low_Risk
CUST0659,23,Male,Married,Secondary,Unemployed,7,319015,13,1,1,0.85,2,1,0,0,0.191,Low,Low_Risk
CUST0323,20,Male,Married,Secondary,Employed,76,12434,9,1,0,0.78,2,0,0,0,0.191,Low,Low_Risk
CUST0606,46,Male,Married,Secondary,Self-employed,4,126494,18,3,0,0.63,0,1,0,0,0.191,Medium,Low_Risk
CUST2933,30,Female,Married,University,Employed,68,69335,9,2,0,0.8,0,1,0,0,0.191,Low,Low_Risk
CUST1738,18,Male,Married,University,Self-employed,13,149138,16,3,0,0.95,0,1,0,0,0.191,Medium,Low_Risk
CUST1048,41,Female,Married,,Employed,55,32599,12,1,0,0.8,1,1,0,0,0.191,Low,Low_Risk
CUST2912,28,Female,Single,Primary,Self-employed,22,43852,17,3,0,0.56,1,1,0,0,0.191,Medium,Low_Risk
CUST2842,26,Male,Single,University,Unemployed,21,179922,14,1,1,0.56,2,0,0,0,0.191,Low,Low_Risk
CUST1369,35,Female,Married,Primary,Self-employed,3,92975,19,2,0,0.99,1,1,0,0,0.191,Medium,Low_Risk
CUST2399,37,Male,Married,Primary,Employed,69,20745,10,1,0,0.74,1,1,0,0,0.191,Low,Low_Risk
CUST2705,35,Female,Married,Secondary,Employed,35,85567,14,4,0,0.59,1,1,1,0,0.191,Medium,Low_Risk
CUST2510,28,Male,Single,Secondary,Employed,20,186089,14,4,0,0.6,1,1,0,0,0.191,Medium,Low_Risk
CUST0884,26,Female,Married,Secondary,Self-employed,14,15996,19,1,0,0.87,1,1,0,0,0.191,Medium,Low_Risk
CUST2343,29,Male,Divorced,,Employed,2,184307,17,1,0,0.53,0,1,1,0,0.191,Low,Low_Risk
CUST1794,59,Female,Single,University,Employed,38,146207,12,1,0,0.8,6,0,1,0,0.191,Low,Medium_Risk
CUST2721,27,Female,Married,Secondary,Self-employed,20,187119,14,1,0,0.53,0,0,1,0,0.191,Low,Low_Risk
CUST2427,35,Male,Married,Secondary,Self-employed,6,327170,13,4,0,1.0,0,1,0,0,0.191,Medium,Low_Risk
CUST2471,30,Female,Married,Secondary,Employed,45,140844,11,2,0,0.58,2,1,1,0,0.191,Low,Low_Risk
CUST0619,48,Male,Married,,Employed,55,71232,11,1,0,0.9,0,1,1,0,0.19,Low,Low_Risk
CUST2054,36,Female,Married,Primary,Employed,36,29445,15,3,0,0.73,0,0,0,0,0.19,Medium,Low_Risk
CUST0142,40,Male,Married,University,Self-employed,14,11742,19,3,0,0.53,1,1,0,0,0.19,Medium,Low_Risk
CUST2437,28,Female,Married,Secondary,Employed,4,292753,14,3,0,0.93,1,1,0,0,0.19,Medium,Low_Risk
CUST0810,32,Female,Divorced,Secondary,Self-employed,35,37393,15,2,0,0.96,5,1,1,0,0.19,Medium,Medium_Risk
CUST1370,27,Female,Single,Primary,Employed,57,55487,11,4,2,0.63,0,0,1,0,0.19,Medium,Low_Risk
CUST1028,52,Female,Married,Secondary,Self-employed,39,8417,15,2,1,0.66,0,1,0,0,0.19,Medium,Low_Risk
CUST1171,24,Male,Single,University,Employed,21,4343,18,3,0,0.65,0,1,0,0,0.19,Medium,Low_Risk
CUST0127,21,Male,Married,Primary,Employed,22,43547,17,1,0,0.8,0,0,0,0,0.19,Low,Low_Risk
CUST0609,27,Female,Single,University,Employed,2,7805,21,3,0,0.64,0,1,0,0,0.19,Medium,Low_Risk
CUST0575,41,Male,Married,University,Self-employed,21,50341,17,3,0,0.78,1,1,1,0,0.19,Medium,Low_Risk
CUST0142,22,Female,Married,Secondary,Self-employed,38,143824,12,4,0,0.91,2,1,0,0,0.19,Medium,Low_Risk
CUST1138,18,Male,Single,Secondary,Employed,52,48109,12,1,0,0.54,1,0,0,0,0.19,Low,Low_Risk
CUST1992,29,Male,Married,Secondary,Employed,51,96150,11,3,0,0.82,0,1,0,0,0.19,Medium,Low_Risk
CUST0047,18,Female,Divorced,University,Employed,59,41398,11,1,0,0.78,3,1,0,0,0.19,Low,Low_Risk
CUST1942,36,Female,Married,Primary,Employed,51,141007,10,2,0,0.6,1,1,0,0,0.19,Low,Low_Risk
CUST1719,34,Female,Single,Secondary,Employed,53,81404,11,3,0,0.8,2,1,1,0,0.19,Medium,Low_Risk
CUST0554,31,Female,Divorced,Primary,Employed,2,52695,20,3,0,0.9,0,1,0,0,0.19,Medium,Low_Risk
CUST2508,34,Male,Single,Primary,Employed,27,135749,14,2,0,0.61,0,1,1,0,0.19,Medium,Low_Risk
CUST0835,52,Male,Divorced,Secondary,Unemployed,56,63637,11,3,0,0.88,1,1,1,0,0.19,Medium,Low_Risk
CUST1545,18,Female,Married,Secondary,Employed,66,205096,6,2,0,0.84,1,1,1,0,0.19,Low,Low_Risk
CUST1385,46,Female,Married,,Employed,18,112489,16,4,0,0.78,0,1,0,0,0.19,Medium,Low_Risk
CUST2643,44,Male,Single,Primary,Employed,11,285211,13,2,0,0.54,1,1,0,0,0.189,Medium,Low_Risk
CUST1050,25,Male,Single,Primary,Employed,12,63255,18,3,1,0.57,1,1,0,0,0.189,Medium,Low_Risk
CUST2831,35,Female,Single,Secondary,Employed,12,149665,16,2,0,0.69,1,1,1,0,0.189,Medium,Low_Risk
CUST2405,34,Female,Single,University,Self-employed,4,119482,18,1,0,0.98,1,0,0,0,0.189,Medium,Low_Risk
CUST2851,36,Male,Married,Secondary,Employed,16,122259,16,1,0,0.93,0,0,0,0,0.189,Low,Low_Risk
CUST1801,32,Female,Married,Secondary,Self-employed,44,11437,14,2,0,0.85,0,1,0,0,0.189,Medium,Low_Risk
CUST1925,32,Female,Married,University,Employed,83,43413,7,1,1,0.71,1,0,0,0,0.189,Low,Low_Risk
CUST2382,34,Female,Divorced,,Unemployed,25,103629,15,1,0,0.5,1,1,1,0,0.189,Low,Low_Risk
CUST2498,36,Male,Married,Secondary,Self-employed,6,315646,13,3,0,0.74,3,1,0,0,0.189,Medium,Low_Risk
CUST2419,47,Male,Married,University,Employed,29,117194,14,2,0,0.87,0,1,0,0,0.189,Medium,Low_Risk
CUST2247,55,Male,Divorced,Primary,Unemployed,5,67499,19,3,1,0.63,1,1,1,0,0.189,Medium,Low_Risk
CUST2872,42,Male,Single,Primary,Employed,29,161244,13,1,0,0.79,2,1,0,0,0.189,Low,Low_Risk
CUST1892,22,Female,Single,Primary,Employed,4,287403,14,1,0,0.88,0,0,0,0,0.189,Low,Low_Risk
CUST1615,44,Male,Married,Secondary,Self-employed,12,21789,19,1,0,0.91,0,0,0,0,0.189,Medium,Low_Risk
CUST2377,38,Female,Single,Primary,Self-employed,31,103461,14,1,0,0.63,1,1,0,0,0.189,Low,Low_Risk
CUST2618,53,Female,Married,Secondary,Employed,68,19194,10,4,0,0.69,3,1,1,0,0.189,Medium,Low_Risk
CUST0310,41,Male,Single,Primary,Employed,24,22437,17,1,0,0.59,1,1,0,0,0.189,Low,Low_Risk
CUST1082,34,Female,Married,Primary,Unemployed,38,139838,12,2,0,0.77,3,1,0,0,0.189,Low,Low_Risk
CUST2139,21,Male,Divorced,,Unemployed,18,19575,18,1,0,0.76,0,1,0,0,0.188,Medium,Low_Risk
CUST0183,56,Female,Single,Primary,Employed,46,37988,13,4,0,0.62,0,1,0,0,0.188,Medium,Low_Risk
CUST0447,32,Male,Single,Secondary,Self-employed,25,224370,12,1,0,0.82,0,0,0,0,0.188,Low,Low_Risk
CUST1646,40,Male,Single,Secondary,Self-employed,36,65011,14,2,0,0.64,2,1,0,0,0.188,Medium,Low_Risk
CUST0700,18,Male,Married,Secondary,Self-employed,7,93908,18,2,0,0.81,2,1,1,0,0.188,Medium,Low_Risk
CUST0403,51,Male,Single,,Employed,40,121668,12,1,0,0.84,0,1,0,0,0.188,Low,Low_Risk
CUST1261,39,Male,Single,Primary,Self-employed,9,123582,17,1,0,0.96,1,1,0,0,0.188,Low,Low_Risk
CUST0190,45,Male,Divorced,University,Employed,62,12334,11,2,0,0.67,1,1,0,0,0.188,Low,Low_Risk
CUST2237,20,Female,Single,Primary,Employed,52,83409,11,3,0,0.92,1,0,1,0,0.188,Medium,Low_Risk
CUST2945,20,Female,Married,Primary,Employed,31,100129,14,1,0,0.75,0,1,0,0,0.188,Low,Low_Risk
CUST0554,31,Female,Single,,Employed,36,20409,15,3,0,0.78,1,1,0,0,0.188,Medium,Low_Risk
CUST1090,46,Male,Single,Primary,Employed,39,2756,15,2,0,0.84,1,1,1,0,0.188,Medium,Low_Risk
CUST1165,42,Female,Single,,Self-employed,54,67718,11,1,1,0.59,0,1,0,0,0.188,Low,Low_Risk
CUST0791,33,Female,Married,Secondary,Employed,2,124354,18,3,0,1.0,1,0,1,0,0.187,Medium,Low_Risk
CUST1911,39,Male,Divorced,Secondary,Employed,24,142220,14,3,0,0.99,1,0,0,0,0.187,Medium,Low_Risk
CUST0393,39,Female,Married,Primary,Employed,43,96934,12,1,0,0.78,1,0,0,0,0.187,Low,Low_Risk
CUST0998,46,Female,Single,Secondary,Employed,28,29396,16,2,0,0.51,2,1,0,0,0.187,Medium,Low_Risk
CUST1241,47,Female,Married,Secondary,Self-employed,82,39110,7,1,1,0.64,2,1,0,0,0.187,Low,Low_Risk
CUST1640,34,Female,Married,University,Self-employed,10,25233,19,1,2,0.89,0,0,0,0,0.187,Medium,Low_Risk
CUST0118,25,Male,Divorced,Secondary,Employed,5,317302,13,4,0,0.52,1,1,0,0,0.187,Medium,Low_Risk
CUST1190,31,Female,Married,Secondary,Self-employed,21,119836,15,2,0,0.9,0,1,0,0,0.187,Medium,Low_Risk
CUST1675,45,Female,Married,Primary,Employed,16,69154,17,3,1,0.82,1,1,0,0,0.187,Medium,Low_Risk
CUST2723,37,Female,Married,University,Employed,8,338479,12,1,0,0.82,1,1,1,0,0.187,Low,Low_Risk
CUST0335,47,Male,Single,,Self-employed,48,103910,11,2,1,0.88,1,1,0,0,0.187,Low,Low_Risk
CUST2283,48,Male,Married,Primary,Employed,17,62528,17,1,0,0.93,0,1,1,0,0.187,Low,Low_Risk
CUST1956,38,Male,Single,Primary,Unemployed,60,64304,10,2,0,0.75,2,1,0,0,0.187,Low,Low_Risk
CUST1604,41,Female,Divorced,Primary,Employed,74,10932,9,3,0,0.53,1,0,0,0,0.187,Medium,Low_Risk
CUST2969,20,Female,Married,Primary,Self-employed,13,178177,15,2,0,0.99,0,1,0,0,0.187,Medium,Low_Risk
CUST2055,45,Male,Married,Primary,Employed,6,95043,18,1,0,0.62,1,1,0,0,0.187,Medium,Low_Risk
CUST2706,27,Female,Single,,Employed,57,86322,10,2,0,0.61,1,1,1,0,0.187,Low,Low_Risk
CUST0051,36,Female,Single,Primary,Unemployed,23,105401,15,3,0,0.97,2,1,0,0,0.187,Medium,Low_Risk
CUST1722,18,Female,Single,Secondary,Employed,32,1112,16,3,0,0.99,1,1,0,0,0.187,Medium,Low_Risk
CUST2239,33,Female,Married,Secondary,Employed,23,21150,17,1,0,0.55,0,0,0,0,0.187,Low,Low_Risk
CUST1251,44,Female,Married,Primary,Self-employed,20,128206,15,1,0,0.67,0,0,1,0,0.187,Low,Low_Risk
CUST1786,43,Female,Single,University,Self-employed,41,236724,9,1,1,0.96,3,0,0,0,0.187,Low,Medium_Risk
CUST2620,26,Male,Single,Secondary,Employed,5,19616,20,1,0,0.99,3,0,0,0,0.187,Medium,Low_Risk
CUST2603,28,Male,Married,Secondary,Employed,63,500,11,4,0,0.6,2,0,1,0,0.187,Medium,Low_Risk
CUST2463,41,Female,Married,Primary,Employed,52,29101,12,2,0,0.85,0,1,0,0,0.186,Low,Low_Risk
CUST1829,18,Male,Single,Secondary,Self-employed,43,6635,14,1,1,0.68,3,1,0,0,0.186,Low,Medium_Risk
CUST0260,36,Female,Married,Primary,Self-employed,33,205034,11,1,0,0.5,1,1,1,0,0.186,Low,Low_Risk
CUST2747,24,Male,Married,Secondary,Employed,79,186853,4,1,0,0.65,1,0,1,0,0.186,Low,Low_Risk
CUST0686,21,Female,Divorced,University,Self-employed,73,13725,9,2,0,0.98,0,1,0,0,0.186,Low,Low_Risk
CUST2413,35,Male,Married,Secondary,Employed,34,112500,13,3,0,0.86,1,0,0,0,0.186,Medium,Low_Risk
CUST2550,43,Male,Single,University,Employed,10,236941,14,2,0,0.6,1,1,1,0,0.186,Medium,Low_Risk
CUST0821,38,Female,Single,University,Employed,13,215383,14,2,0,0.92,0,1,1,0,0.186,Medium,Low_Risk
CUST2552,37,Female,Single,Primary,Self-employed,20,295026,11,2,0,0.53,2,0,1,0,0.186,Low,Low_Risk
CUST2509,42,Female,Single,University,Employed,29,62423,15,4,0,0.58,1,0,1,0,0.186,Medium,Low_Risk
CUST0802,18,Female,Married,Secondary,Self-employed,51,79076,11,4,0,0.84,1,1,0,0,0.186,Medium,Low_Risk
CUST2655,45,Female,Single,University,Employed,6,52168,19,1,0,0.87,3,1,1,0,0.186,Medium,Low_Risk
CUST0980,40,Male,Single,Primary,Employed,43,51426,13,2,0,0.6,0,0,1,0,0.186,Medium,Low_Risk
CUST1188,41,Male,Married,Primary,Employed,5,16621,20,1,1,0.6,1,1,0,0,0.186,Medium,Low_Risk
CUST2441,55,Male,Married,Primary,Employed,29,19949,16,2,0,0.88,1,0,0,0,0.186,Medium,Low_Risk
CUST1529,36,Male,Single,Primary,Self-employed,29,144900,13,3,0,0.92,2,1,0,0,0.186,Medium,Low_Risk
CUST0112,41,Male,Married,,Employed,35,103640,13,1,0,0.89,1,0,0,0,0.186,Low,Low_Risk
CUST1448,23,Female,Married,Secondary,Self-employed,38,39957,14,1,1,0.99,1,0,1,0,0.185,Low,Low_Risk
CUST2006,51,Female,Married,Primary,Employed,61,48394,10,2,0,0.77,1,0,0,0,0.185,Low,Low_Risk
CUST1724,18,Male,Married,Secondary,Self-employed,25,42987,16,1,1,0.67,1,1,0,0,0.185,Low,Low_Risk
CUST1094,39,Female,Married,Secondary,Self-employed,46,24131,13,1,0,0.84,0,0,1,0,0.185,Low,Low_Risk
CUST1149,32,Male,Single,Primary,Employed,2,31911,20,1,0,0.88,0,1,0,0,0.185,Medium,Low_Risk
CUST2312,34,Male,Married,Secondary,Self-employed,14,76678,17,1,0,0.65,0,1,1,0,0.185,Low,Low_Risk
CUST2770,30,Male,Married,University,Employed,12,88850,17,2,0,0.62,0,1,1,0,0.185,Medium,Low_Risk
CUST2059,30,Female,Married,University,Employed,49,6108,13,4,0,0.77,3,1,0,0,0.185,Medium,Low_Risk
CUST1184,38,Female,Married,Secondary,Unemployed,44,125156,11,2,0,0.92,1,0,0,0,0.185,Low,Low_Risk
CUST1409,44,Female,Married,Secondary,Employed,25,213696,12,3,0,0.76,0,1,1,0,0.185,Medium,Low_Risk
CUST1026,18,Female,Married,Primary,Employed,57,29029,11,4,0,0.6,1,1,0,0,0.184,Medium,Low_Risk
CUST2592,33,Female,Single,Primary,Self-employed,20,160182,14,1,1,0.79,1,0,0,0,0.184,Low,Low_Risk
CUST1423,34,Female,Married,Secondary,Employed,15,149985,15,2,1,0.92,0,0,1,0,0.184,Medium,Low_Risk
CUST1810,31,Male,Married,Secondary,Employed,64,26336,10,2,0,0.54,2,1,0,0,0.184,Low,Low_Risk
CUST1162,36,Male,Single,Secondary,Self-employed,39,25437,14,1,0,0.65,1,1,1,0,0.184,Low,Low_Risk
CUST0705,18,Male,Divorced,University,Self-employed,34,19669,15,1,0,0.83,1,1,0,0,0.184,Low,Low_Risk
CUST1623,39,Male,Married,Secondary,Employed,80,1950,8,2,1,0.82,0,1,0,0,0.184,Low,Low_Risk
CUST0018,30,Male,Single,Secondary,Self-employed,42,47755,13,1,0,0.95,2,0,0,0,0.184,Low,Low_Risk
CUST1423,30,Female,Married,,Self-employed,2,237543,15,2,1,0.73,0,1,0,0,0.184,Medium,Low_Risk
CUST1280,32,Male,Married,University,Employed,21,107255,15,4,0,0.52,0,1,0,0,0.184,Medium,Low_Risk
CUST0544,36,Male,Married,Secondary,Employed,29,94972,14,3,0,0.91,0,1,0,0,0.184,Medium,Low_Risk
CUST1696,21,Male,Single,Secondary,Self-employed,3,106667,18,3,0,0.72,1,1,1,0,0.184,Medium,Low_Risk
CUST1102,39,Female,Married,Secondary,Employed,10,140432,16,1,0,0.69,0,0,0,0,0.184,Low,Low_Risk
CUST2522,49,Female,Married,,Self-employed,28,62185,15,4,0,0.79,1,1,1,0,0.184,Medium,Low_Risk
CUST1107,48,Male,Married,Primary,Self-employed,67,6015,10,1,0,0.63,2,1,1,0,0.184,Low,Low_Risk
CUST1689,23,Male,Single,Secondary,Unemployed,28,102240,14,3,0,0.56,2,0,0,0,0.184,Medium,Low_Risk
CUST0432,38,Female,Single,Secondary,Self-employed,48,9867,13,3,0,0.78,1,1,0,0,0.184,Medium,Low_Risk
CUST1434,54,Female,Married,Primary,Employed,20,160186,14,2,0,0.76,0,1,0,0,0.184,Medium,Low_Risk
CUST0853,38,Female,Divorced,Primary,Self-employed,76,156645,5,3,0,0.7,3,1,0,0,0.184,Low,Low_Risk
CUST2725,33,Male,Single,Secondary,Employed,3,230468,15,3,0,0.88,1,0,0,0,0.183,Medium,Low_Risk
CUST2665,40,Male,Single,University,Employed,21,105401,15,1,0,0.83,2,1,0,0,0.183,Low,Low_Risk
CUST0456,27,Female,Married,Secondary,Employed,29,48961,15,2,0,0.86,0,0,0,0,0.183,Medium,Low_Risk
CUST1885,55,Male,Single,Secondary,Employed,7,71677,18,1,0,0.58,1,0,0,0,0.183,Medium,Low_Risk
CUST1725,23,Male,Divorced,Primary,Employed,54,90659,10,4,0,0.77,0,1,0,0,0.183,Medium,Low_Risk
CUST0478,40,Male,Married,Secondary,Employed,28,142698,13,1,1,0.87,1,0,1,0,0.183,Low,Low_Risk
CUST2195,41,Male,Divorced,Secondary,Self-employed,88,69584,5,2,0,0.97,1,1,0,0,0.183,Low,Low_Risk
CUST1492,35,Male,Divorced,Secondary,Self-employed,21,62624,16,2,0,0.54,1,1,0,0,0.183,Medium,Low_Risk
CUST1037,42,Female,Single,University,Self-employed,44,31765,13,3,2,0.54,0,1,0,0,0.183,Medium,Low_Risk
CUST1371,25,Female,Single,Secondary,Employed,8,152052,16,3,1,0.62,0,1,0,0,0.183,Medium,Low_Risk
CUST1787,42,Male,Single,University,Employed,13,112400,16,4,1,0.67,1,0,1,0,0.182,Medium,Low_Risk
CUST2864,35,Male,Married,Primary,Unemployed,29,2898,16,4,0,0.83,0,0,0,0,0.182,Medium,Low_Risk
CUST2108,43,Female,Married,University,Employed,11,84436,17,2,0,0.89,0,1,0,0,0.182,Medium,Low_Risk
CUST1778,29,Male,Married,Primary,Self-employed,53,91602,10,4,0,0.55,5,1,0,0,0.182,Medium,Medium_Risk
CUST0588,22,Male,Single,Secondary,Self-employed,24,36137,16,1,0,0.55,0,0,0,0,0.182,Low,Low_Risk
CUST0707,46,Male,Single,Secondary,Self-employed,9,267571,13,2,0,0.62,0,1,0,0,0.182,Medium,Low_Risk
CUST1991,30,Male,Married,Secondary,Employed,26,152203,13,3,0,0.53,0,1,0,0,0.182,Medium,Low_Risk
CUST1908,41,Male,Divorced,University,Employed,35,88479,13,1,0,0.51,0,1,0,0,0.182,Low,Low_Risk
CUST2701,38,Male,Single,University,Self-employed,53,94630,10,1,0,0.55,2,1,0,0,0.182,Low,Low_Risk
CUST1430,45,Male,Married,University,Unemployed,63,24955,10,2,0,0.64,1,1,0,0,0.182,Low,Low_Risk
CUST1499,28,Male,Single,Secondary,Employed,7,25717,19,2,0,0.76,1,1,0,0,0.182,Medium,Low_Risk
CUST0596,31,Male,Single,University,Employed,3,95646,18,1,0,0.57,0,1,0,0,0.182,Medium,Low_Risk
CUST2951,25,Female,Single,Primary,Employed,45,15115,13,2,0,0.53,1,1,0,0,0.181,Medium,Low_Risk
CUST0471,43,Female,Single,Primary,Employed,36,77018,13,1,0,0.55,1,1,0,0,0.181,Low,Low_Risk
CUST1274,38,Female,Married,Primary,Employed,45,57342,12,1,1,0.53,1,1,0,0,0.181,Low,Low_Risk
CUST0149,43,Female,Single,Secondary,Employed,29,253071,10,1,0,0.67,1,1,0,0,0.181,Low,Low_Risk
CUST1098,36,Female,Single,,Unemployed,32,191409,11,3,0,0.87,0,0,1,0,0.181,Medium,Low_Risk
CUST0371,18,Male,Divorced,University,Employed,68,28214,9,2,0,0.72,2,1,0,0,0.181,Low,Low_Risk
CUST0506,46,Male,Single,Secondary,Self-employed,6,116051,17,2,0,0.75,3,1,0,0,0.181,Medium,Low_Risk
CUST2072,54,Female,Married,Primary,Employed,33,56412,14,2,1,0.54,1,1,1,0,0.181,Medium,Low_Risk
CUST0739,41,Female,Married,Secondary,Employed,9,93691,17,1,0,0.78,3,1,0,0,0.181,Low,Low_Risk
CUST2270,21,Male,Single,Primary,Unemployed,22,6309,17,2,0,0.68,0,0,0,0,0.181,Medium,Low_Risk
CUST2729,43,Male,Divorced,,Employed,26,147681,13,1,0,0.66,2,0,0,0,0.181,Low,Low_Risk
CUST2216,30,Male,Married,Secondary,Self-employed,40,89821,12,1,0,0.75,3,1,0,0,0.18,Low,Low_Risk
CUST0195,53,Male,Married,Secondary,Employed,2,9601,20,2,0,0.56,4,0,0,0,0.18,Medium,Low_Risk
CUST1969,31,Male,Single,Secondary,Employed,59,1941,11,3,0,0.77,0,1,1,0,0.18,Medium,Low_Risk
CUST2808,27,Male,Single,Primary,Self-employed,39,180719,10,1,0,0.85,1,1,1,0,0.18,Low,Low_Risk
CUST0583,37,Male,Single,,Employed,14,56995,17,1,0,0.62,4,0,1,0,0.18,Low,Low_Risk
CUST1853,51,Male,Married,Secondary,Employed,11,33206,18,2,0,0.71,1,0,0,0,0.18,Medium,Low_Risk
CUST0343,44,Male,Married,Primary,Employed,55,29312,11,2,0,0.85,0,0,0,0,0.18,Low,Low_Risk
CUST1189,40,Female,Married,Secondary,Employed,25,20757,16,1,0,0.88,0,1,0,0,0.18,Low,Low_Risk
CUST0171,38,Male,Married,University,Self-employed,53,84121,10,2,1,0.67,1,1,0,0,0.18,Low,Low_Risk
CUST0708,39,Male,Divorced,Secondary,Unemployed,16,83458,16,1,1,0.62,1,0,1,0,0.18,Low,Low_Risk
CUST1695,52,Male,Single,Secondary,Employed,40,46013,13,2,0,0.5,2,1,0,0,0.18,Medium,Low_Risk
CUST1510,30,Female,Single,Primary,Employed,57,13130,11,1,0,0.58,2,1,1,0,0.18,Low,Low_Risk
CUST2576,21,Female,Married,Secondary,Employed,40,47107,13,4,1,0.76,0,1,0,0,0.18,Medium,Low_Risk
CUST0765,51,Male,Married,Primary,Employed,46,90983,11,1,0,0.7,0,1,0,0,0.18,Low,Low_Risk
CUST0337,30,Male,Divorced,University,Employed,40,84822,12,1,0,0.69,0,1,0,0,0.179,Low,Low_Risk
CUST0678,39,Female,Married,Secondary,Employed,10,293473,12,3,0,0.74,0,1,0,0,0.179,Medium,Low_Risk
CUST2944,28,Male,Married,University,Unemployed,19,228991,12,2,0,0.57,0,1,0,0,0.179,Low,Low_Risk
CUST1920,49,Male,Single,Secondary,Employed,12,107937,16,2,0,0.7,0,1,0,0,0.179,Medium,Low_Risk
CUST0535,31,Female,Single,,Unemployed,19,146492,14,2,0,0.84,3,1,0,0,0.179,Medium,Low_Risk
CUST0913,26,Female,Married,Primary,Self-employed,6,64709,18,4,0,0.62,0,1,1,0,0.179,High,Low_Risk
CUST2281,38,Female,Single,Primary,Self-employed,57,137138,8,2,2,0.97,0,1,0,0,0.179,Low,Low_Risk
CUST2412,42,Female,Married,University,Unemployed,44,15866,13,2,0,0.66,1,1,1,0,0.179,Medium,Low_Risk
CUST0216,40,Male,Single,Primary,Self-employed,43,64647,12,2,0,0.85,2,1,1,0,0.179,Low,Low_Risk
CUST1288,53,Male,Single,Secondary,Employed,8,93785,17,4,0,0.54,4,0,0,0,0.179,High,Low_Risk
CUST0919,34,Male,Married,Primary,Self-employed,2,4948,20,2,0,0.76,1,1,1,0,0.179,Medium,Low_Risk
CUST2044,33,Male,Single,Secondary,Unemployed,36,25737,14,1,0,0.65,2,1,0,0,0.179,Low,Low_Risk
CUST0047,22,Male,Married,,Employed,31,18007,15,1,0,0.85,1,0,1,0,0.179,Low,Low_Risk
CUST1521,34,Female,Married,University,Self-employed,23,201238,12,2,0,0.88,0,0,0,0,0.179,Low,Low_Risk
CUST1805,24,Female,Married,Primary,Self-employed,45,87955,11,2,0,0.55,1,0,1,0,0.178,Low,Low_Risk
CUST0536,28,Female,Married,Secondary,Employed,70,1748,9,1,0,0.84,0,1,0,0,0.178,Low,Low_Risk
CUST0744,22,Female,Married,Primary,Unemployed,49,60875,11,2,0,0.81,0,1,1,0,0.178,Low,Low_Risk
CUST2454,51,Female,Divorced,Primary,Employed,36,108628,12,3,0,0.87,0,0,0,0,0.178,Medium,Low_Risk
CUST1400,34,Male,Single,Primary,Self-employed,27,86860,14,1,0,0.54,1,0,0,0,0.178,Low,Low_Risk
CUST0153,36,Male,Single,Secondary,Employed,37,57742,13,1,0,0.89,0,1,0,0,0.178,Low,Low_Risk
CUST1882,30,Male,Married,Secondary,Employed,33,3370,15,1,0,0.65,1,1,0,0,0.178,Low,Low_Risk
CUST2758,42,Male,Divorced,Secondary,Employed,19,52149,16,4,1,0.79,2,1,0,0,0.177,Medium,Low_Risk
CUST0803,22,Female,Single,Secondary,Self-employed,6,395548,10,1,1,0.54,0,1,0,0,0.177,Low,Low_Risk
CUST0930,22,Female,Married,University,Self-employed,17,236040,12,1,0,0.81,1,1,0,0,0.177,Low,Low_Risk
CUST1199,29,Male,Single,Secondary,Self-employed,13,175891,14,2,1,0.52,2,1,1,0,0.177,Medium,Low_Risk
CUST1456,34,Female,Married,,Self-employed,68,12299,9,3,0,0.9,1,1,1,0,0.177,Medium,Low_Risk
CUST1297,45,Female,Married,Primary,Employed,7,305045,12,3,0,0.69,1,1,0,0,0.177,Medium,Low_Risk
CUST2071,21,Female,Married,University,Employed,29,195898,11,2,0,0.55,0,0,0,0,0.177,Low,Low_Risk
CUST0382,36,Male,Married,,Self-employed,3,160699,16,2,1,0.55,0,1,0,0,0.177,Medium,Low_Risk
CUST2378,42,Male,Married,University,Employed,18,101972,15,1,0,0.71,0,1,0,0,0.177,Low,Low_Risk
CUST2868,23,Male,Single,Primary,Employed,42,61138,12,2,0,0.71,0,1,1,0,0.177,Low,Low_Risk
CUST2974,19,Male,Married,,Self-employed,55,59909,10,3,0,0.82,1,1,0,0,0.177,Medium,Low_Risk
CUST0210,38,Male,Married,Primary,Self-employed,25,178144,12,3,0,0.57,0,1,0,0,0.177,Medium,Low_Risk
CUST1612,36,Female,Married,Secondary,Employed,7,178179,15,1,1,0.59,3,1,0,0,0.177,Low,Medium_Risk
CUST2007,33,Female,Married,Secondary,Employed,11,107507,16,2,0,0.56,2,0,0,0,0.177,Medium,Low_Risk
CUST2582,23,Male,Married,University,Unemployed,75,1863,8,3,0,0.8,1,1,0,0,0.176,Medium,Low_Risk
CUST2949,26,Male,Married,,Self-employed,51,38129,11,1,0,0.53,1,1,0,0,0.176,Low,Low_Risk
CUST2304,31,Male,Married,Primary,Employed,21,77522,15,4,0,0.51,2,1,0,0,0.176,Medium,Low_Risk
CUST0013,44,Male,Single,Secondary,Employed,12,224052,13,1,0,0.52,1,1,0,0,0.176,Low,Low_Risk
CUST1692,32,Male,Married,Secondary,Employed,62,5824,10,2,0,0.88,0,1,0,0,0.176,Low,Low_Risk
CUST0195,43,Female,Single,University,Employed,21,159153,13,3,0,0.77,1,1,0,0,0.176,Medium,Low_Risk
CUST2833,33,Female,Single,Primary,Employed,31,134575,12,1,1,0.84,1,1,0,0,0.176,Low,Low_Risk
CUST0642,35,Female,Married,,Employed,18,51980,16,4,0,0.67,1,1,0,0,0.176,Medium,Low_Risk
CUST0342,31,Male,Single,Secondary,Self-employed,43,10612,13,3,0,1.0,2,1,0,0,0.176,Medium,Low_Risk
CUST1173,48,Female,Married,Secondary,Self-employed,15,33735,17,2,0,0.68,1,1,0,0,0.176,Medium,Low_Risk
CUST0245,45,Female,Divorced,Secondary,Unemployed,62,49522,9,3,0,0.84,3,1,0,0,0.176,Medium,Low_Risk
CUST1950,45,Male,Single,University,Employed,6,264656,13,2,0,0.92,0,1,0,0,0.176,Medium,Low_Risk
CUST0528,46,Male,Single,University,Self-employed,19,6395,17,1,0,0.66,0,1,0,0,0.176,Low,Low_Risk
CUST0265,50,Male,Single,Primary,Self-employed,1,214052,15,2,0,0.69,0,1,1,0,0.176,Medium,Low_Risk
CUST2129,18,Male,Married,Primary,Self-employed,15,200678,13,4,0,0.57,0,1,0,0,0.176,Medium,Low_Risk
CUST2242,18,Female,Married,Primary,Employed,32,81332,13,4,0,0.96,1,1,0,0,0.175,Medium,Low_Risk
CUST2238,22,Female,Divorced,Secondary,Employed,19,1398,17,3,0,0.51,1,1,0,0,0.175,Medium,Low_Risk
CUST2329,40,Female,Single,Primary,Employed,10,315572,11,3,1,0.63,0,0,0,0,0.175,Medium,Low_Risk
CUST1030,47,Female,Married,University,Self-employed,51,33354,11,3,0,0.53,1,1,0,0,0.175,Medium,Low_Risk
CUST0223,35,Male,Married,University,Employed,44,126790,10,1,0,0.99,1,1,0,0,0.175,Low,Low_Risk
CUST2417,36,Female,Single,Primary,Employed,30,93718,13,2,0,0.92,0,1,0,0,0.175,Medium,Low_Risk
CUST0172,20,Female,Single,Secondary,Employed,48,53969,11,1,0,0.51,2,1,0,0,0.175,Low,Low_Risk
CUST1467,34,Male,Single,,Self-employed,61,136808,7,3,1,0.76,0,0,0,0,0.175,Low,Low_Risk
CUST0164,33,Male,Single,Primary,Employed,45,35277,12,1,0,0.83,1,1,1,0,0.175,Low,Low_Risk
CUST2239,25,Male,Single,,Employed,37,5512,14,3,0,0.95,3,1,0,0,0.175,Medium,Low_Risk
CUST2270,40,Male,Single,Primary,Unemployed,18,8170,17,4,0,0.79,2,1,0,0,0.175,High,Low_Risk
CUST2092,29,Female,Married,Secondary,Employed,2,74708,18,2,0,0.67,0,0,0,0,0.175,Medium,Low_Risk
CUST2954,54,Male,Single,University,Self-employed,91,15873,5,1,0,0.75,2,1,0,0,0.175,Low,Low_Risk
CUST2526,53,Male,Single,Secondary,Employed,49,47908,11,2,0,0.71,0,1,0,0,0.175,Low,Low_Risk
CUST2302,38,Male,Single,University,Employed,11,13360,18,1,1,0.88,0,0,0,0,0.175,Medium,Low_Risk
CUST1711,18,Female,Single,Secondary,Employed,10,141727,15,1,1,0.87,2,1,0,0,0.174,Low,Low_Risk
CUST1127,46,Male,Single,University,Employed,78,14701,7,1,0,0.96,3,1,1,0,0.174,Low,Low_Risk
CUST0765,33,Female,Single,,Employed,5,6750,19,1,0,0.77,0,1,1,0,0.174,Medium,Low_Risk
CUST1205,29,Female,Married,Secondary,Unemployed,15,25793,17,1,0,0.62,1,0,1,0,0.174,Low,Low_Risk
CUST0607,35,Male,Single,,Employed,60,52205,9,2,0,0.93,1,0,0,0,0.174,Low,Low_Risk
CUST1608,39,Female,Single,Secondary,Self-employed,28,21029,15,1,0,0.85,1,0,0,0,0.174,Low,Low_Risk
CUST0681,35,Female,Married,Secondary,Employed,29,12407,15,4,0,0.96,2,1,0,0,0.174,Medium,Low_Risk
CUST0760,61,Female,Single,Secondary,Self-employed,41,14388,13,1,0,0.74,1,1,0,0,0.174,Low,Low_Risk
CUST1075,38,Female,Married,Secondary,Self-employed,66,14042,9,3,1,0.64,1,0,0,0,0.174,Medium,Low_Risk
CUST1032,52,Female,Married,Primary,Employed,35,12140,14,2,0,0.99,2,1,1,0,0.174,Medium,Low_Risk
CUST0011,41,Male,Married,Primary,Employed,65,20369,9,2,0,0.5,1,1,1,0,0.174,Low,Low_Risk
CUST1241,47,Male,Single,Secondary,Employed,14,237454,12,4,0,0.8,1,1,0,0,0.173,Medium,Low_Risk
CUST2204,18,Male,Single,Primary,Employed,5,215162,14,1,1,0.89,1,1,0,0,0.173,Low,Low_Risk
CUST0817,26,Female,Married,Secondary,Self-employed,39,110060,11,1,0,0.68,2,1,0,0,0.173,Low,Low_Risk
CUST2025,46,Male,Married,University,Employed,19,34578,16,1,0,0.8,1,0,0,0,0.173,Low,Low_Risk
CUST0588,35,Male,Married,Secondary,Unemployed,28,313157,8,1,1,0.83,1,1,1,0,0.173,Low,Low_Risk
CUST0788,44,Male,Single,University,Unemployed,34,58648,13,1,0,0.78,3,0,0,0,0.173,Low,Low_Risk
CUST0100,45,Male,Single,Primary,Self-employed,9,18842,18,1,0,0.84,0,0,1,0,0.173,Medium,Low_Risk
CUST2667,40,Male,Married,Primary,Employed,61,172295,6,2,0,0.6,0,1,0,0,0.173,Low,Low_Risk
CUST1253,26,Male,Married,Secondary,Unemployed,13,159636,14,3,0,0.7,2,1,0,0,0.173,Medium,Low_Risk
CUST1215,32,Male,Single,Primary,Employed,67,793,9,2,2,0.87,0,1,0,0,0.173,Low,Low_Risk
CUST1574,31,Female,Single,University,Self-employed,60,87643,8,4,0,0.64,1,1,0,0,0.172,Medium,Low_Risk
CUST0326,42,Female,Single,Primary,Employed,43,77234,11,1,0,0.86,3,1,0,0,0.172,Low,Low_Risk
CUST2793,41,Female,Single,Secondary,Unemployed,21,60732,15,1,0,0.86,0,1,0,0,0.172,Low,Low_Risk
CUST1210,32,Male,Single,Primary,Self-employed,32,69218,13,4,1,0.75,0,1,1,0,0.172,Medium,Low_Risk
CUST2183,51,Male,Married,,Self-employed,34,54786,13,3,0,0.52,1,1,0,0,0.172,Medium,Low_Risk
CUST0896,46,Female,Married,Secondary,Employed,20,66238,15,2,0,0.71,2,1,0,0,0.172,Medium,Low_Risk
CUST1304,22,Male,Single,Primary,Employed,45,21598,12,1,0,0.7,1,0,0,0,0.172,Low,Low_Risk
CUST2259,22,Female,Single,Primary,Employed,55,38799,10,1,1,0.74,2,1,0,0,0.172,Low,Low_Risk
CUST1248,42,Male,Single,Secondary,Employed,32,28143,14,4,0,0.68,1,0,1,0,0.172,Medium,Low_Risk
CUST0063,40,Male,Married,Secondary,Self-employed,71,12878,8,2,0,0.71,2,1,1,0,0.172,Low,Low_Risk
CUST1185,23,Female,Married,,Self-employed,19,71499,15,4,0,0.53,2,0,1,0,0.172,Medium,Low_Risk
CUST2551,59,Female,Single,University,Employed,34,13407,14,2,0,0.97,1,1,0,0,0.172,Medium,Low_Risk
CUST1617,38,Female,Single,,Self-employed,26,194880,11,1,1,0.87,2,1,0,0,0.172,Low,Low_Risk
CUST1167,26,Male,Single,Primary,Employed,22,217653,11,3,0,0.69,0,0,0,0,0.171,Medium,Low_Risk
CUST0990,29,Male,Single,University,Employed,10,2496,18,1,0,0.58,1,0,0,0,0.171,Medium,Low_Risk
CUST1661,29,Male,Single,University,Employed,30,79846,13,3,0,0.93,0,1,1,0,0.171,Medium,Low_Risk
CUST1468,32,Female,Single,University,Self-employed,7,109151,16,2,0,0.94,0,1,0,0,0.171,Medium,Low_Risk
CUST2082,34,Female,Divorced,Secondary,Employed,65,6585,9,2,0,0.89,0,0,0,0,0.171,Low,Low_Risk
CUST2522,48,Male,Married,Primary,Self-employed,3,9434,19,2,0,0.97,0,1,1,0,0.171,Medium,Low_Risk
CUST1672,32,Male,Married,Secondary,Employed,15,12223,17,4,0,0.64,1,0,0,0,0.171,High,Low_Risk
CUST1752,42,Male,Married,Secondary,Self-employed,18,118571,14,1,0,0.59,0,1,0,0,0.171,Low,Low_Risk
CUST2109,55,Female,Single,,Employed,51,17238,11,4,0,0.51,0,0,0,0,0.171,Medium,Low_Risk
CUST0436,43,Female,Single,Secondary,Employed,42,163930,9,1,0,0.6,2,1,0,0,0.171,Low,Low_Risk
CUST2392,31,Male,Married,Secondary,Employed,60,43255,9,2,0,0.62,0,1,0,0,0.171,Low,Low_Risk
CUST2598,29,Female,Married,Secondary,Employed,34,48971,13,1,0,0.66,2,1,1,0,0.171,Low,Low_Risk
CUST1665,37,Male,Divorced,Secondary,Employed,34,2684,14,3,0,0.83,2,1,1,0,0.17,Medium,Low_Risk
CUST0352,41,Male,Single,Primary,Employed,90,43334,4,1,0,0.9,1,0,1,0,0.17,Low,Low_Risk
CUST1864,35,Male,Single,Secondary,Employed,52,8346,11,2,1,0.83,0,1,1,0,0.17,Low,Low_Risk
CUST0682,41,Male,Married,University,Employed,6,153371,15,2,0,0.79,1,0,0,0,0.17,Medium,Low_Risk
CUST2687,46,Male,Single,Secondary,Unemployed,3,132813,16,4,0,0.92,0,1,1,0,0.17,Medium,Low_Risk
CUST1661,34,Female,Single,Primary,Employed,17,77410,15,2,0,0.97,1,1,0,0,0.17,Medium,Low_Risk
CUST1477,33,Female,Single,Primary,Employed,35,122826,11,3,0,0.54,0,1,1,0,0.17,Medium,Low_Risk
CUST2053,20,Male,Single,University,Self-employed,86,30651,5,4,0,0.54,0,1,0,0,0.17,Medium,Low_Risk
CUST2093,26,Male,Married,University,Employed,33,138618,11,1,0,0.86,1,1,0,0,0.17,Low,Low_Risk
CUST2249,32,Male,Married,Secondary,Self-employed,7,145895,15,2,0,0.79,0,1,0,0,0.17,Medium,Low_Risk
CUST2520,38,Female,Married,University,Self-employed,22,40700,15,2,0,0.89,0,0,0,0,0.169,Medium,Low_Risk
CUST0684,37,Male,Married,University,Employed,38,13553,13,2,0,0.96,0,1,0,0,0.169,Medium,Low_Risk
CUST2505,40,Female,Single,,Employed,35,78759,12,2,0,0.6,0,1,0,0,0.169,Low,Low_Risk
CUST1684,34,Male,Married,Primary,Employed,47,38991,11,2,0,0.52,1,1,0,0,0.169,Low,Low_Risk
CUST2606,40,Male,Married,Primary,Unemployed,15,259859,11,3,0,0.57,1,0,0,0,0.169,Medium,Low_Risk
CUST1742,25,Female,Single,,Employed,6,236108,13,3,0,0.73,2,1,1,0,0.169,Medium,Low_Risk
CUST1330,26,Female,Single,,Employed,28,124797,12,1,0,0.61,1,1,0,0,0.169,Low,Low_Risk
CUST0506,38,Female,Married,,Employed,8,7416,18,3,0,0.56,1,1,1,0,0.169,Medium,Low_Risk
CUST2355,32,Female,Single,,Self-employed,23,119682,13,1,0,0.91,2,1,0,0,0.169,Low,Low_Risk
CUST2008,34,Female,Single,Secondary,Self-employed,45,7574,12,2,0,0.82,1,0,1,0,0.169,Low,Low_Risk
CUST1621,35,Female,Married,Secondary,Self-employed,4,36183,18,1,0,0.5,0,1,1,0,0.169,Medium,Low_Risk
CUST1089,25,Male,Married,Primary,Self-employed,26,54949,14,1,0,0.68,1,1,0,0,0.169,Low,Low_Risk
CUST0570,36,Male,Married,Secondary,Self-employed,8,50318,17,1,0,0.57,0,0,0,0,0.169,Low,Low_Risk
CUST0264,21,Female,Single,University,Unemployed,11,69184,16,3,0,0.67,0,0,1,0,0.168,Medium,Low_Risk
CUST0945,33,Female,Married,Secondary,Employed,45,132580,9,1,0,0.98,1,1,1,0,0.168,Low,Low_Risk
CUST2750,44,Male,Single,Secondary,Self-employed,29,30757,14,1,0,0.71,0,1,1,0,0.168,Low,Low_Risk
CUST0094,61,Female,Married,,Self-employed,3,123411,16,2,0,0.77,1,1,0,0,0.168,Medium,Low_Risk
CUST1335,34,Female,Single,Secondary,Employed,11,110693,15,1,1,0.66,0,1,1,0,0.168,Low,Low_Risk
CUST1500,56,Male,Married,,Employed,21,84974,14,1,0,0.61,0,1,1,0,0.168,Low,Low_Risk
CUST0480,31,Male,Single,Primary,Unemployed,22,34713,15,4,0,0.87,1,1,0,0,0.168,Medium,Low_Risk
CUST2938,54,Female,Married,University,Unemployed,46,81915,10,1,0,0.99,1,1,0,0,0.168,Low,Low_Risk
CUST0906,38,Male,Single,University,Employed,35,114844,11,2,0,0.8,1,1,0,0,0.168,Low,Low_Risk
CUST1171,39,Male,Married,Secondary,Employed,6,60914,17,3,0,0.54,1,0,0,0,0.168,Medium,Low_Risk
CUST1863,21,Male,Married,Secondary,Unemployed,14,49851,16,2,0,0.93,1,1,0,0,0.168,Medium,Low_Risk
CUST1559,18,Female,Single,Secondary,Employed,62,11696,9,1,0,0.6,0,0,0,0,0.167,Low,Low_Risk
CUST1850,46,Female,Single,,Employed,18,58641,15,1,0,0.85,2,1,1,0,0.167,Low,Low_Risk
CUST1887,37,Female,Divorced,Primary,Self-employed,24,61942,14,3,0,0.93,2,1,0,0,0.167,Medium,Low_Risk
CUST2487,24,Male,Single,Secondary,Self-employed,33,40266,13,1,0,0.83,2,1,0,0,0.167,Low,Low_Risk
CUST2208,18,Male,Single,Secondary,Employed,60,109053,7,1,0,0.74,1,0,0,0,0.167,Low,Low_Risk
CUST1564,20,Female,Married,,Unemployed,42,20295,12,1,0,0.83,0,1,0,0,0.167,Low,Low_Risk
CUST1927,25,Male,Single,Primary,Employed,57,3704,10,3,1,0.98,1,0,0,0,0.167,Medium,Low_Risk
CUST1829,22,Female,Single,Primary,Employed,11,65299,16,3,0,0.74,0,0,1,0,0.167,Medium,Low_Risk
CUST2865,43,Female,Married,University,Unemployed,35,71864,12,1,0,0.69,2,0,1,0,0.167,Low,Low_Risk
CUST0605,37,Female,Single,Secondary,Employed,33,43045,13,2,0,0.99,0,1,0,0,0.167,Medium,Low_Risk
CUST1571,36,Female,Single,University,Employed,37,56215,12,2,0,0.99,2,1,0,0,0.167,Low,Low_Risk
CUST0568,47,Male,Married,Secondary,Employed,34,120653,11,2,0,0.66,1,1,1,0,0.167,Low,Low_Risk
CUST2767,48,Female,Married,Secondary,Employed,18,101940,14,1,0,0.89,1,0,1,0,0.167,Low,Low_Risk
CUST0400,48,Female,Divorced,Secondary,Self-employed,36,57274,12,1,0,0.81,1,1,1,0,0.166,Low,Low_Risk
CUST1372,27,Female,Married,University,Employed,4,152268,15,2,0,0.59,1,1,0,0,0.166,Medium,Low_Risk
CUST0725,55,Female,Married,,Self-employed,24,184018,11,1,0,0.57,0,0,1,0,0.166,Low,Low_Risk
CUST0164,21,Female,Married,Primary,Employed,14,84445,15,1,1,0.65,0,0,0,0,0.166,Low,Low_Risk
CUST1164,35,Male,Married,Secondary,Self-employed,13,5380,17,2,0,0.85,1,1,0,0,0.166,Medium,Low_Risk
CUST1372,31,Female,Single,Primary,Unemployed,66,21746,8,2,0,0.66,1,1,1,0,0.166,Low,Low_Risk
CUST1631,44,Female,Single,Primary,Employed,23,22670,15,1,2,0.58,3,1,0,0,0.166,Low,Medium_Risk
CUST1873,49,Male,Divorced,Primary,Employed,11,230793,12,3,0,0.55,0,1,0,0,0.166,Medium,Low_Risk
CUST0135,55,Female,Married,,Unemployed,17,105369,14,2,0,0.86,2,1,1,0,0.166,Medium,Low_Risk
CUST0036,24,Male,Married,,Self-employed,60,21908,9,2,0,0.6,0,1,1,0,0.166,Low,Low_Risk
CUST1594,30,Female,Single,University,Self-employed,59,113967,7,1,0,0.89,2,1,0,0,0.166,Low,Low_Risk
CUST1410,27,Male,Single,Primary,Self-employed,24,140934,12,1,0,0.72,1,0,0,0,0.166,Low,Low_Risk
CUST2217,25,Female,Married,University,Employed,22,26937,15,1,0,0.88,2,1,0,0,0.166,Low,Low_Risk
CUST1515,34,Female,Divorced,University,Self-employed,20,43019,15,1,0,0.88,1,1,0,0,0.166,Low,Low_Risk
CUST0945,24,Female,Married,Secondary,Employed,62,49559,8,2,1,0.67,2,0,0,0,0.166,Low,Low_Risk
CUST0092,30,Male,Single,Primary,Employed,73,17850,7,3,0,0.85,0,0,1,0,0.166,Low,Low_Risk
CUST2460,46,Male,Single,Secondary,Unemployed,67,59286,7,1,0,0.86,0,1,0,0,0.166,Low,Low_Risk
CUST2137,44,Male,Divorced,University,Self-employed,13,2382,17,2,0,0.62,2,1,0,0,0.165,Medium,Low_Risk
CUST2596,21,Male,Divorced,Primary,Employed,5,55435,17,3,0,0.78,2,1,1,0,0.165,Medium,Low_Risk
CUST1419,46,Male,Married,Primary,Self-employed,37,4761,13,1,0,0.65,1,0,0,0,0.165,Low,Low_Risk
CUST0037,24,Male,Single,Secondary,Self-employed,56,3640,10,2,0,0.6,3,1,0,0,0.165,Low,Low_Risk
CUST1856,44,Female,Married,,Employed,38,35508,12,3,0,0.78,2,1,0,0,0.164,Medium,Low_Risk
CUST1556,37,Male,Married,Secondary,Self-employed,14,73480,15,2,0,0.75,1,1,1,0,0.164,Medium,Low_Risk
CUST0765,36,Female,Married,Secondary,Employed,19,38280,15,3,0,0.68,1,0,0,0,0.164,Medium,Low_Risk
CUST1888,42,Male,Single,Secondary,Employed,38,79882,11,2,0,0.61,2,1,1,0,0.164,Low,Low_Risk
CUST1261,28,Male,Married,Secondary,Employed,34,23390,13,1,0,0.8,0,0,0,0,0.164,Low,Low_Risk
CUST2325,45,Female,Married,Secondary,Employed,44,36354,11,1,0,0.86,0,1,1,0,0.164,Low,Low_Risk
CUST2230,29,Male,Single,University,Employed,19,83778,14,3,0,0.82,0,0,0,0,0.164,Medium,Low_Risk
CUST2530,47,Female,Single,University,Employed,11,96462,15,2,0,0.74,2,0,1,0,0.164,Medium,Low_Risk
CUST2595,21,Female,Single,Primary,Unemployed,18,91633,14,2,1,0.63,2,1,0,0,0.164,Medium,Low_Risk
CUST0506,22,Female,Married,University,Unemployed,7,166744,14,1,0,0.57,0,0,0,0,0.164,Low,Low_Risk
CUST1600,33,Male,Single,Primary,Employed,40,66847,11,3,0,0.93,0,0,1,0,0.164,Medium,Low_Risk
CUST2940,41,Male,Single,University,Employed,10,12024,17,1,1,0.81,0,1,0,0,0.163,Low,Low_Risk
CUST0076,50,Female,Married,Secondary,Employed,10,12431,17,1,0,0.72,2,1,0,0,0.163,Low,Low_Risk
CUST2543,32,Female,Single,,Employed,37,168584,9,3,0,0.6,2,1,1,0,0.163,Medium,Low_Risk
CUST2607,42,Male,Single,Primary,Employed,6,41037,17,2,1,0.71,3,1,0,0,0.163,Medium,Medium_Risk
CUST1236,29,Male,Divorced,University,Employed,23,50352,14,3,0,0.62,1,1,0,0,0.163,Medium,Low_Risk
CUST2038,42,Male,Divorced,Secondary,Employed,13,78983,15,1,0,0.73,0,1,1,0,0.163,Low,Low_Risk
CUST2321,27,Male,Single,Secondary,Employed,32,32985,13,3,0,0.95,1,1,1,0,0.163,Medium,Low_Risk
CUST2803,47,Male,Married,University,Employed,65,58184,7,1,0,0.94,0,1,1,0,0.163,Low,Low_Risk
CUST2891,39,Male,Married,Secondary,Employed,13,291438,10,1,0,0.65,1,0,0,0,0.163,Low,Low_Risk
CUST1018,28,Female,Single,University,Self-employed,28,58172,13,3,1,0.96,0,1,0,0,0.163,Medium,Low_Risk
CUST1736,36,Female,Married,Secondary,Employed,30,127075,11,2,0,0.58,1,1,0,0,0.162,Low,Low_Risk
CUST0980,35,Male,Married,University,Employed,66,7208,8,4,0,0.79,2,0,0,0,0.162,Medium,Low_Risk
CUST0563,27,Female,Single,Primary,Self-employed,17,343728,8,3,1,0.77,3,0,0,0,0.162,Medium,Medium_Risk
CUST1316,40,Female,Married,Primary,Self-employed,41,49929,11,2,0,0.57,2,0,0,0,0.162,Low,Low_Risk
CUST1561,18,Male,Married,Secondary,Employed,26,68099,13,4,0,0.68,2,1,0,0,0.162,Medium,Low_Risk
CUST0988,29,Male,Single,University,Employed,3,225625,13,2,0,0.73,1,0,1,0,0.162,Medium,Low_Risk
CUST0403,37,Female,Single,Primary,Unemployed,32,155221,10,1,0,0.78,3,0,0,0,0.162,Low,Low_Risk
CUST2745,54,Male,Married,University,Employed,13,71949,15,3,0,0.92,1,1,0,0,0.162,Medium,Low_Risk
CUST1159,37,Male,Married,Primary,Employed,5,45454,17,3,1,0.59,0,1,0,0,0.162,Medium,Low_Risk
CUST0866,41,Male,Married,University,Self-employed,21,59102,14,1,0,0.63,0,1,1,0,0.162,Low,Low_Risk
CUST0637,49,Male,Married,Secondary,Unemployed,11,87148,15,2,0,0.64,2,0,1,0,0.162,Medium,Low_Risk
CUST1947,32,Male,Married,Primary,Employed,25,117563,12,2,0,0.63,2,1,1,0,0.162,Low,Low_Risk
CUST2387,43,Male,Married,University,Self-employed,16,266043,10,1,0,0.7,1,0,0,0,0.162,Low,Low_Risk
CUST2288,33,Male,Single,Secondary,Employed,6,116815,15,1,0,0.53,1,1,0,0,0.161,Low,Low_Risk
CUST0828,53,Male,Married,University,Self-employed,56,199727,5,3,0,0.52,1,1,0,0,0.161,Low,Low_Risk
CUST0493,29,Male,Single,Primary,Employed,37,115328,10,3,0,0.89,0,0,0,0,0.161,Medium,Low_Risk
CUST2555,18,Male,Married,Primary,Employed,27,17167,14,2,1,0.61,1,1,1,0,0.161,Medium,Low_Risk
CUST2824,36,Male,Married,University,Employed,19,69617,14,2,0,0.66,4,0,0,0,0.161,Medium,Low_Risk
CUST2522,46,Male,Married,Secondary,Self-employed,32,24508,13,1,0,0.78,0,1,0,0,0.161,Low,Low_Risk
CUST0858,33,Male,Married,Primary,Employed,14,104501,14,1,0,0.86,1,1,1,0,0.161,Low,Low_Risk
CUST2290,29,Female,Married,Primary,Employed,13,26449,16,2,0,0.9,0,1,0,0,0.161,Medium,Low_Risk
CUST2099,44,Male,Married,University,Unemployed,21,54188,14,3,0,0.78,2,0,0,0,0.16,Medium,Low_Risk
CUST2904,31,Female,Single,Secondary,Employed,14,17145,16,2,0,0.57,1,1,0,0,0.16,Medium,Low_Risk
CUST1372,24,Female,Married,Secondary,Employed,22,3892,15,3,0,0.99,0,1,0,0,0.16,Medium,Low_Risk
CUST2389,38,Male,Divorced,Primary,Employed,14,15092,16,1,0,0.86,0,1,0,0,0.16,Low,Low_Risk
CUST1530,39,Female,Married,University,Employed,24,158636,11,3,0,0.84,0,1,0,0,0.16,Medium,Low_Risk
CUST0217,45,Female,Single,Primary,Employed,39,11079,12,2,0,0.68,1,1,0,0,0.159,Low,Low_Risk
CUST1098,26,Male,Married,Primary,Self-employed,22,125728,12,3,0,0.9,0,1,1,0,0.159,Medium,Low_Risk
CUST0143,28,Female,Married,Secondary,Employed,7,228178,12,2,0,0.55,1,0,0,0,0.159,Low,Low_Risk
CUST2373,44,Male,Married,University,Self-employed,69,17104,7,2,0,0.79,1,1,1,0,0.159,Low,Low_Risk
CUST2109,31,Female,Divorced,,Unemployed,51,140548,7,3,1,0.65,1,0,1,0,0.159,Low,Low_Risk
CUST0753,39,Male,Married,Secondary,Self-employed,17,118271,13,1,0,0.61,3,0,0,0,0.159,Low,Low_Risk
CUST0837,38,Female,Single,Secondary,Employed,47,122740,8,3,0,0.56,4,1,0,0,0.159,Medium,Low_Risk
CUST1395,42,Male,Married,,Employed,33,89235,11,2,0,0.94,2,1,0,0,0.158,Low,Low_Risk
CUST2859,36,Male,Single,Secondary,Employed,4,160375,14,4,0,0.57,2,0,1,0,0.158,Medium,Low_Risk
CUST1140,34,Male,Single,Primary,Employed,2,262186,12,2,0,0.95,0,0,1,0,0.158,Low,Low_Risk
CUST2468,30,Female,Married,Secondary,Employed,54,29674,9,1,0,0.82,1,1,0,0,0.158,Low,Low_Risk
CUST1615,42,Female,Single,University,Employed,24,22011,14,2,0,0.51,1,1,0,0,0.158,Medium,Low_Risk
CUST0436,44,Male,Married,Secondary,Employed,13,225207,11,1,1,0.79,1,1,0,0,0.158,Low,Low_Risk
CUST2111,29,Male,Married,Secondary,Employed,6,231683,12,2,0,0.86,1,0,1,0,0.158,Low,Low_Risk
CUST0280,34,Male,Married,Secondary,Self-employed,6,445084,7,2,0,0.63,1,1,1,0,0.158,Low,Low_Risk
CUST1300,40,Female,Married,Secondary,Employed,36,110741,10,4,0,0.68,2,1,0,0,0.158,Medium,Low_Risk
CUST0960,55,Male,Married,Secondary,Employed,10,246617,11,4,0,0.52,1,1,1,0,0.158,Medium,Low_Risk
CUST1879,18,Female,Single,,Employed,1,56064,17,2,0,0.74,0,1,0,0,0.158,Medium,Low_Risk
CUST2313,40,Male,Married,,Self-employed,25,15947,14,1,0,0.59,0,0,1,0,0.158,Low,Low_Risk
CUST1254,31,Female,Married,Primary,Unemployed,42,26988,11,3,0,0.51,0,0,1,0,0.158,Medium,Low_Risk
CUST2203,36,Female,Single,Secondary,Employed,15,123252,13,2,0,0.74,0,1,0,0,0.157,Medium,Low_Risk
CUST1301,39,Female,Single,Primary,Employed,11,22298,16,2,0,0.57,1,0,1,0,0.157,Medium,Low_Risk
CUST0058,34,Male,Single,Primary,Employed,58,40682,8,3,0,0.84,0,1,1,0,0.157,Medium,Low_Risk
CUST0431,43,Male,Single,University,Employed,11,153650,13,2,0,0.76,0,0,0,0,0.157,Medium,Low_Risk
CUST1760,39,Male,Single,Secondary,Employed,13,95965,14,4,0,0.74,0,1,0,0,0.157,Medium,Low_Risk
CUST0910,22,Female,Married,University,Employed,6,143517,14,2,0,0.88,1,1,0,0,0.157,Medium,Low_Risk
CUST1953,41,Male,Married,Secondary,Employed,10,202203,12,1,1,0.51,1,1,0,0,0.157,Low,Low_Risk
CUST2783,38,Male,Single,University,Unemployed,18,59977,14,1,0,0.89,0,1,0,0,0.157,Low,Low_Risk
CUST0517,43,Male,Married,University,Self-employed,1,52215,17,1,0,0.54,0,0,0,0,0.157,Low,Low_Risk
CUST1613,41,Female,Divorced,Secondary,Employed,67,17644,7,1,0,0.95,1,1,0,0,0.156,Low,Low_Risk
CUST2104,44,Female,Single,,Employed,20,299527,8,1,0,0.86,0,0,0,0,0.156,Low,Low_Risk
CUST2169,58,Male,Single,,Self-employed,51,42550,9,1,0,0.84,0,1,0,0,0.156,Low,Low_Risk
CUST0305,45,Male,Single,,Self-employed,23,148514,11,2,1,0.54,0,0,0,0,0.156,Low,Low_Risk
CUST0239,28,Female,Single,Primary,Employed,65,117543,5,1,0,0.58,2,1,0,0,0.156,Low,Low_Risk
CUST2208,45,Male,Single,University,Self-employed,11,190942,12,2,0,0.67,1,0,0,0,0.156,Low,Low_Risk
CUST2698,46,Female,Married,Primary,Employed,18,185921,11,2,0,0.88,0,1,0,0,0.156,Low,Low_Risk
CUST0293,36,Male,Married,Primary,Employed,3,243930,12,1,0,0.96,0,1,1,0,0.156,Low,Low_Risk
CUST0195,43,Male,Single,Secondary,Employed,3,113687,15,2,0,0.84,1,1,0,0,0.155,Medium,Low_Risk
CUST2369,49,Male,Single,Secondary,Employed,4,149847,14,2,0,0.62,0,1,0,0,0.155,Medium,Low_Risk
CUST2658,23,Male,Divorced,Secondary,Employed,30,56366,12,1,0,0.78,0,0,1,0,0.155,Low,Low_Risk
CUST0009,39,Male,Married,Secondary,Employed,35,61904,11,2,0,0.75,0,1,0,0,0.155,Low,Low_Risk
CUST2567,43,Male,Married,Secondary,Self-employed,28,110149,11,2,0,0.79,1,0,0,0,0.155,Low,Low_Risk
CUST1083,18,Female,Married,Secondary,Self-employed,17,18459,15,1,0,0.99,2,1,0,0,0.155,Low,Low_Risk
CUST1998,46,Male,Married,University,Employed,31,46378,12,3,1,0.94,1,1,0,0,0.155,Medium,Low_Risk
CUST1697,30,Female,Married,University,Employed,20,38760,14,3,0,0.88,1,0,0,0,0.155,Medium,Low_Risk
CUST0778,23,Female,Divorced,University,Employed,14,160668,12,2,1,0.85,0,1,0,0,0.154,Low,Low_Risk
CUST0216,34,Male,Married,Primary,Employed,25,42822,13,1,0,0.8,1,1,1,0,0.154,Low,Low_Risk
CUST0474,33,Female,Married,University,Employed,19,126192,12,1,1,0.67,2,1,0,0,0.154,Low,Low_Risk
CUST0302,42,Female,Married,University,Employed,13,211300,11,4,0,0.68,0,1,0,0,0.154,Medium,Low_Risk
CUST1085,18,Male,Single,Secondary,Employed,35,15047,12,1,0,0.67,0,1,0,0,0.154,Low,Low_Risk
CUST1394,36,Male,Married,Secondary,Employed,36,95963,10,2,0,0.74,1,0,0,0,0.154,Low,Low_Risk
CUST1723,30,Male,Married,Secondary,Employed,25,126312,11,2,0,0.98,1,1,1,0,0.154,Low,Low_Risk
CUST0397,50,Male,Married,Primary,Employed,19,500,15,2,1,0.72,0,1,0,0,0.154,Medium,Low_Risk
CUST0780,35,Male,Married,,Employed,4,142259,14,2,0,0.75,3,1,0,0,0.153,Medium,Low_Risk
CUST2300,18,Male,Married,Primary,Employed,23,8804,14,2,1,0.94,1,1,1,0,0.153,Medium,Low_Risk
CUST0861,26,Male,Divorced,Secondary,Unemployed,22,18166,14,3,0,0.78,0,1,0,0,0.153,Medium,Low_Risk
CUST1046,48,Female,Single,Secondary,Self-employed,10,140351,13,1,0,0.99,4,1,1,0,0.153,Low,Low_Risk
CUST1301,34,Male,Married,Secondary,Self-employed,3,20157,17,4,0,0.56,1,0,0,0,0.153,High,Low_Risk
CUST0931,37,Female,Married,Secondary,Self-employed,40,19253,11,1,0,0.57,2,1,0,0,0.153,Low,Low_Risk
CUST2553,35,Male,Single,Primary,Employed,17,92688,13,1,0,0.85,2,1,1,0,0.153,Low,Low_Risk
CUST2315,33,Male,Married,University,Self-employed,33,24197,12,2,1,0.83,0,1,0,0,0.153,Low,Low_Risk
CUST0051,33,Female,Single,Secondary,Self-employed,51,73308,8,1,0,0.56,1,1,0,0,0.153,Low,Low_Risk
CUST1735,21,Male,Married,University,Employed,9,147523,13,3,1,0.57,2,1,1,0,0.153,Medium,Low_Risk
CUST1579,32,Male,Divorced,Primary,Employed,19,35610,14,2,0,0.9,0,1,0,0,0.153,Medium,Low_Risk
CUST1063,35,Female,Married,,Employed,4,55935,16,3,0,0.54,2,1,0,0,0.153,Medium,Low_Risk
CUST1809,29,Male,Single,Secondary,Employed,20,27486,14,4,0,0.79,1,1,0,0,0.152,Medium,Low_Risk
CUST1325,29,Male,Divorced,Secondary,Self-employed,19,74872,13,3,0,0.6,0,1,1,0,0.152,Medium,Low_Risk
CUST2585,28,Female,Single,Primary,Employed,25,36585,13,2,2,0.53,3,0,0,0,0.152,Medium,Medium_Risk
CUST2996,24,Female,Married,Primary,Unemployed,49,39173,9,2,0,0.56,0,0,0,0,0.152,Low,Low_Risk
CUST0719,60,Female,Married,,Unemployed,11,45740,15,4,0,0.78,0,0,0,0,0.152,Medium,Low_Risk
CUST0084,45,Female,Married,University,Self-employed,8,67216,15,1,0,0.65,2,1,0,0,0.152,Low,Low_Risk
CUST2408,23,Male,Single,Secondary,Employed,13,30676,15,2,0,0.76,2,1,0,0,0.152,Medium,Low_Risk
CUST1325,57,Male,Married,Secondary,Employed,11,47442,15,1,0,0.71,1,1,1,0,0.152,Low,Low_Risk
CUST2629,26,Male,Married,,Employed,28,58388,12,1,0,0.6,0,1,0,0,0.152,Low,Low_Risk
CUST1956,53,Male,Married,Primary,Employed,4,53521,16,3,1,0.7,0,0,1,0,0.152,Medium,Low_Risk
CUST0517,30,Female,Single,Primary,Self-employed,7,30625,16,2,0,0.64,0,1,1,0,0.152,Medium,Low_Risk
CUST0187,49,Male,Divorced,Primary,Self-employed,4,48061,16,1,0,0.74,1,1,1,0,0.151,Low,Low_Risk
CUST2490,56,Female,Married,Primary,Self-employed,17,169860,11,1,0,0.9,1,1,0,0,0.151,Low,Low_Risk
CUST2302,31,Female,Single,University,Self-employed,64,17079,7,3,0,0.58,2,1,0,0,0.151,Low,Low_Risk
CUST0420,61,Female,Divorced,Primary,Employed,44,28064,10,1,0,0.55,2,0,0,0,0.151,Low,Low_Risk
CUST1248,18,Male,Single,University,Unemployed,59,47854,7,3,0,0.93,2,1,0,0,0.15,Low,Low_Risk
CUST1332,46,Male,Married,University,Employed,13,195149,11,1,0,0.75,0,1,0,0,0.15,Low,Low_Risk
CUST0518,26,Female,Married,University,Employed,9,50454,15,1,0,0.82,0,1,1,0,0.15,Low,Low_Risk
CUST0643,37,Female,Divorced,University,Self-employed,9,178639,12,3,0,0.85,3,1,1,0,0.15,Medium,Low_Risk
CUST2891,43,Male,Single,Secondary,Employed,11,121658,13,2,1,0.92,2,0,0,0,0.15,Medium,Low_Risk
CUST1834,39,Male,Married,,Self-employed,22,131642,11,2,0,0.8,1,1,0,0,0.15,Low,Low_Risk
CUST1582,42,Male,Single,Secondary,Employed,15,51332,14,2,0,0.68,1,1,0,0,0.15,Medium,Low_Risk
CUST0412,41,Female,Single,Secondary,Employed,39,15625,11,4,0,0.66,0,1,1,0,0.15,Medium,Low_Risk
CUST1538,35,Female,Married,Secondary,Self-employed,21,225191,9,1,1,0.84,0,1,1,0,0.15,Low,Low_Risk
CUST2840,39,Male,Single,Secondary,Employed,22,302894,7,1,0,0.92,2,1,0,0,0.15,Low,Low_Risk
CUST1715,27,Male,Single,Primary,Self-employed,14,102968,13,4,0,0.96,3,0,0,0,0.15,Medium,Low_Risk
CUST1229,18,Female,Divorced,Secondary,Self-employed,44,17401,10,1,0,0.56,0,1,0,0,0.149,Low,Low_Risk
CUST0739,40,Male,Single,Primary,Employed,18,27329,14,1,0,0.85,3,1,1,0,0.149,Low,Low_Risk
CUST0903,46,Male,Single,Secondary,Employed,22,123013,11,4,1,0.61,1,1,0,0,0.148,Medium,Low_Risk
CUST0011,45,Male,Married,Secondary,Employed,7,225303,11,2,0,0.82,0,1,1,0,0.148,Low,Low_Risk
CUST1998,56,Male,Single,,Employed,39,91794,9,1,0,0.57,1,1,0,0,0.148,Low,Low_Risk
CUST2305,50,Female,Single,Primary,Employed,34,125666,9,4,0,0.76,0,0,0,0,0.148,Medium,Low_Risk
CUST0874,30,Female,Single,Secondary,Employed,5,70956,15,3,1,0.97,1,1,0,0,0.148,Medium,Low_Risk
CUST1619,37,Male,Single,Primary,Employed,20,95149,12,1,0,0.82,1,1,0,0,0.148,Low,Low_Risk
CUST0854,37,Male,Single,University,Self-employed,24,63519,12,2,0,0.87,2,1,0,0,0.147,Low,Low_Risk
CUST2370,52,Female,Married,Secondary,Employed,22,77833,12,2,0,0.64,1,0,0,0,0.147,Low,Low_Risk
CUST2091,46,Female,Married,University,Self-employed,13,181509,11,3,0,0.9,0,1,0,0,0.147,Medium,Low_Risk
CUST2058,34,Female,Divorced,Secondary,Employed,15,84562,13,3,0,0.99,2,1,1,0,0.147,Medium,Low_Risk
CUST0950,47,Female,Married,University,Unemployed,3,292338,10,3,0,0.96,1,1,0,0,0.147,Medium,Low_Risk
CUST0638,43,Male,Married,Secondary,Employed,30,22535,12,2,0,0.8,1,1,0,0,0.147,Low,Low_Risk
CUST0808,26,Male,Married,,Self-employed,2,171852,13,1,1,0.98,2,0,0,0,0.147,Low,Low_Risk
CUST1942,37,Male,Married,Primary,Self-employed,4,73121,15,3,0,0.92,2,1,0,0,0.147,Medium,Low_Risk
CUST1164,47,Male,Single,Secondary,Employed,18,62192,13,1,0,0.7,3,1,1,0,0.147,Low,Low_Risk
CUST1939,48,Male,Divorced,Secondary,Employed,2,3421,17,4,1,0.97,1,1,1,0,0.147,High,Low_Risk
CUST0588,32,Female,Divorced,Secondary,Employed,8,46382,15,1,0,0.85,0,1,0,0,0.147,Low,Low_Risk
CUST0136,44,Male,Single,Primary,Self-employed,6,271403,10,4,0,0.75,0,0,1,0,0.147,Medium,Low_Risk
CUST1724,43,Male,Married,Primary,Self-employed,14,134369,12,1,0,0.89,0,1,1,0,0.147,Low,Low_Risk
CUST1733,44,Female,Single,,Self-employed,24,101049,11,2,0,0.58,0,1,0,0,0.146,Low,Low_Risk
CUST2619,18,Female,Married,Primary,Employed,17,22118,14,3,0,0.99,0,1,1,0,0.146,Medium,Low_Risk
CUST2981,54,Male,Married,University,Employed,1,6114,17,4,0,0.86,0,0,0,0,0.146,High,Low_Risk
CUST1770,33,Male,Single,Secondary,Self-employed,8,126100,13,4,0,0.94,1,0,1,0,0.146,Medium,Low_Risk
CUST0401,29,Female,Single,University,Self-employed,37,12188,11,4,0,0.98,3,1,0,0,0.146,Medium,Low_Risk
CUST2847,31,Female,Married,Primary,Self-employed,16,115827,12,1,0,0.56,1,1,1,0,0.146,Low,Low_Risk
CUST0451,27,Male,Single,Primary,Employed,5,106033,14,3,0,0.61,1,1,1,0,0.146,Medium,Low_Risk
CUST0670,26,Male,Married,Secondary,Self-employed,9,158405,12,2,0,0.74,1,1,0,0,0.145,Low,Low_Risk
CUST0914,36,Male,Married,Secondary,Employed,4,21649,16,1,0,0.69,3,0,0,0,0.145,Low,Low_Risk
CUST2910,18,Male,Divorced,Secondary,Employed,14,38582,14,1,0,0.75,1,1,0,0,0.145,Low,Low_Risk
CUST1128,53,Male,Married,University,Self-employed,15,117727,12,1,1,0.91,0,0,0,0,0.145,Low,Low_Risk
CUST2275,30,Female,Married,Secondary,Employed,7,618,16,2,1,0.56,3,0,0,0,0.145,Medium,Medium_Risk
CUST1149,23,Female,Single,University,Unemployed,40,115025,8,1,0,0.68,0,1,0,0,0.145,Low,Low_Risk
CUST1149,28,Female,Single,Secondary,Employed,19,90987,12,4,0,0.88,4,1,0,0,0.145,Medium,Low_Risk
CUST1319,38,Female,Single,University,Self-employed,33,35004,11,3,0,0.72,1,1,1,0,0.145,Medium,Low_Risk
CUST0544,37,Female,Single,Primary,Employed,3,29159,16,1,0,0.62,3,1,0,0,0.145,Low,Low_Risk
CUST2570,34,Female,Single,Primary,Employed,15,70936,13,2,0,0.69,1,1,0,0,0.144,Medium,Low_Risk
CUST0990,19,Male,Divorced,Primary,Employed,11,13374,15,1,0,0.83,0,0,1,0,0.144,Low,Low_Risk
CUST1820,31,Male,Married,Primary,Employed,5,139970,13,1,1,0.88,1,1,0,0,0.144,Low,Low_Risk
CUST2310,28,Female,Single,Secondary,Self-employed,23,16051,13,1,0,0.8,1,1,0,0,0.144,Low,Low_Risk
CUST2841,43,Female,Single,Secondary,Employed,25,500,13,3,0,0.7,1,0,1,0,0.144,Medium,Low_Risk
CUST0005,42,Female,Single,University,Employed,31,215997,7,4,0,0.94,1,1,0,0,0.144,Medium,Low_Risk
CUST2092,25,Female,Single,Secondary,Self-employed,39,32036,10,1,0,0.95,0,1,1,0,0.144,Low,Low_Risk
CUST2729,35,Male,Married,Primary,Employed,37,129936,8,2,0,0.9,0,1,0,0,0.144,Low,Low_Risk
CUST2350,35,Male,Single,Secondary,Self-employed,24,7283,13,1,0,0.59,1,1,0,0,0.144,Low,Low_Risk
CUST2785,40,Female,Single,,Employed,11,98000,13,3,1,0.93,3,1,0,0,0.144,Medium,Medium_Risk
CUST1704,56,Female,Single,,Employed,45,33122,9,2,0,0.8,3,0,0,0,0.144,Low,Low_Risk
CUST2178,48,Male,Married,Secondary,Employed,26,34022,12,1,0,0.61,0,0,1,0,0.143,Low,Low_Risk
CUST1921,31,Male,Married,Secondary,Employed,25,123834,10,1,0,0.79,1,1,0,0,0.143,Low,Low_Risk
CUST2543,19,Female,Married,Secondary,Employed,32,79059,10,4,0,0.53,0,1,0,0,0.143,Medium,Low_Risk
CUST0950,45,Female,Single,,Employed,32,158427,8,1,0,0.72,0,1,0,0,0.142,Low,Low_Risk
CUST1553,69,Male,Single,Primary,Employed,36,87983,9,1,1,0.78,3,1,0,0,0.142,Low,Medium_Risk
CUST2552,28,Male,Single,Secondary,Self-employed,31,38673,11,1,0,0.78,1,1,1,0,0.142,Low,Low_Risk
CUST2640,22,Male,Married,Primary,Self-employed,16,13276,14,1,0,0.52,0,1,0,0,0.142,Low,Low_Risk
CUST0090,34,Female,Single,Secondary,Employed,48,48908,8,3,0,0.66,2,0,0,0,0.142,Medium,Low_Risk
CUST2700,25,Female,Married,Secondary,Self-employed,32,71528,10,1,0,0.97,0,0,0,0,0.142,Low,Low_Risk
CUST2959,35,Female,Single,Secondary,Employed,28,101062,10,1,0,0.76,5,1,1,0,0.142,Low,Medium_Risk
CUST0509,45,Female,Single,University,Self-employed,17,50759,13,1,0,0.8,1,0,0,0,0.142,Low,Low_Risk
CUST2374,30,Female,Single,University,Self-employed,17,50053,13,2,0,0.56,1,0,0,0,0.142,Medium,Low_Risk
CUST0528,18,Female,Single,Primary,Self-employed,9,104426,13,4,0,0.88,0,1,1,0,0.142,Medium,Low_Risk
CUST2092,46,Female,Single,University,Employed,52,18861,8,2,0,0.65,0,0,0,0,0.142,Low,Low_Risk
CUST1928,41,Male,Married,Secondary,Self-employed,3,54802,15,1,0,0.64,0,1,1,0,0.141,Low,Low_Risk
CUST0441,18,Female,Divorced,University,Employed,4,5530,16,1,0,0.58,0,0,0,0,0.141,Low,Low_Risk
CUST2898,38,Female,Married,Primary,Employed,31,77231,10,2,1,0.59,1,1,0,0,0.141,Low,Low_Risk
CUST0465,39,Female,Single,,Employed,5,44219,15,2,0,0.65,2,0,0,0,0.141,Medium,Low_Risk
CUST1616,29,Male,Married,Secondary,Unemployed,3,99286,14,3,0,0.79,1,1,1,0,0.141,Medium,Low_Risk
CUST0031,43,Female,Married,,Self-employed,16,9518,14,1,0,0.86,0,1,0,0,0.141,Low,Low_Risk
CUST0804,22,Female,Divorced,Secondary,Employed,2,99694,14,1,1,0.97,0,1,0,0,0.14,Low,Low_Risk
CUST0663,29,Female,Single,Secondary,Self-employed,23,85985,11,1,0,0.58,2,1,0,0,0.14,Low,Low_Risk
CUST2857,39,Female,Married,University,Self-employed,8,104054,13,1,0,0.67,3,1,0,0,0.14,Low,Low_Risk
CUST0417,34,Female,Married,,Employed,11,37978,14,1,0,0.91,1,1,0,0,0.14,Low,Low_Risk
CUST2022,45,Female,Married,Primary,Employed,40,92740,8,3,0,0.87,3,1,1,0,0.14,Medium,Low_Risk
CUST0973,34,Male,Single,Secondary,Self-employed,10,48223,14,1,0,0.59,0,1,0,0,0.14,Low,Low_Risk
CUST0007,37,Male,Divorced,,Self-employed,6,158015,12,1,0,0.75,0,1,0,0,0.14,Low,Low_Risk
CUST1732,27,Female,Single,Primary,Self-employed,8,16978,15,1,0,0.97,0,1,0,0,0.14,Low,Low_Risk
CUST0563,37,Female,Single,Primary,Self-employed,27,56255,11,3,0,0.64,1,1,0,0,0.14,Medium,Low_Risk
CUST1363,29,Female,Divorced,University,Employed,26,144488,9,2,2,0.72,1,1,0,0,0.139,Low,Medium_Risk
CUST2345,28,Male,Married,Secondary,Employed,36,73678,9,1,0,0.73,1,1,0,0,0.139,Low,Low_Risk
CUST0761,33,Male,Married,University,Employed,27,53838,11,2,0,0.52,1,1,1,0,0.139,Low,Low_Risk
CUST1474,30,Male,Married,Primary,Employed,24,117574,10,2,0,0.94,0,1,1,0,0.139,Low,Low_Risk
CUST0926,39,Female,Single,Primary,Employed,14,143177,11,3,1,0.6,0,0,0,0,0.139,Medium,Low_Risk
CUST2738,42,Female,Single,Secondary,Self-employed,47,84287,7,2,1,0.81,1,1,0,0,0.139,Low,Low_Risk
CUST0461,37,Male,Single,University,Employed,27,49736,11,1,0,0.94,0,1,0,0,0.138,Low,Low_Risk
CUST1933,18,Female,Married,University,Employed,10,123067,12,3,1,0.65,1,0,1,0,0.138,Medium,Low_Risk
CUST1972,48,Male,Married,Secondary,Employed,9,87400,13,1,0,0.76,3,1,0,0,0.138,Low,Low_Risk
CUST2370,31,Female,Single,Secondary,Employed,21,47436,12,3,0,0.67,1,1,0,0,0.138,Medium,Low_Risk
CUST0738,28,Male,Single,Primary,Unemployed,2,133567,13,1,0,0.9,0,1,1,0,0.138,Low,Low_Risk
CUST0555,54,Male,Married,University,Employed,4,207321,11,1,0,0.82,0,1,0,0,0.138,Low,Low_Risk
CUST2944,37,Male,Single,Secondary,Employed,48,30213,8,1,0,0.67,0,1,0,0,0.138,Low,Low_Risk
CUST2873,33,Male,Single,Secondary,Employed,18,67499,12,4,0,0.96,1,1,0,0,0.138,Medium,Low_Risk
CUST0655,34,Male,Single,,Self-employed,3,2268,16,3,0,0.71,4,1,0,0,0.138,Medium,Low_Risk
CUST1948,23,Male,Married,Secondary,Self-employed,10,246715,9,1,0,0.68,3,0,0,0,0.137,Low,Low_Risk
CUST2067,38,Male,Single,University,Self-employed,10,32293,14,3,1,0.67,1,1,0,0,0.137,Medium,Low_Risk
CUST2946,29,Female,Divorced,,Employed,9,84110,13,2,0,0.87,1,1,0,0,0.137,Medium,Low_Risk
CUST0903,53,Male,Single,Primary,Employed,21,83917,11,2,0,0.51,1,1,0,0,0.137,Low,Low_Risk
CUST0634,39,Female,Married,Secondary,Employed,6,17509,15,2,0,0.52,1,0,1,0,0.137,Medium,Low_Risk
CUST1294,28,Female,Single,University,Employed,1,94545,14,2,1,0.52,1,1,0,0,0.137,Medium,Low_Risk
CUST0964,34,Female,Married,Secondary,Employed,17,155530,10,3,0,0.77,0,1,1,0,0.137,Medium,Low_Risk
CUST2829,36,Male,Single,Secondary,Unemployed,20,1701,13,4,0,0.88,2,1,0,0,0.136,Medium,Low_Risk
CUST1169,37,Male,Single,University,Employed,8,126842,12,1,0,0.8,2,1,0,0,0.136,Low,Low_Risk
CUST1462,42,Female,Married,Secondary,Employed,8,84796,13,3,0,0.87,2,1,1,0,0.136,Medium,Low_Risk
CUST1233,32,Male,Married,Secondary,Employed,21,125938,10,1,0,0.53,1,1,0,0,0.136,Low,Low_Risk
CUST2377,27,Female,Single,Secondary,Employed,16,29264,13,3,0,0.92,2,0,1,0,0.136,Medium,Low_Risk
CUST1367,42,Female,Divorced,Primary,Employed,14,129838,11,3,0,0.95,1,1,1,0,0.136,Medium,Low_Risk
CUST1288,23,Female,Divorced,University,Self-employed,4,281366,9,1,0,0.69,0,0,0,0,0.135,Low,Low_Risk
CUST1836,27,Male,Single,Secondary,Employed,13,303243,7,3,0,0.74,1,1,1,0,0.135,Low,Low_Risk
CUST0240,22,Female,Married,University,Self-employed,9,159182,11,1,0,0.98,1,0,1,0,0.135,Low,Low_Risk
CUST2639,36,Female,Single,Primary,Employed,18,55416,12,1,0,0.5,1,1,0,0,0.135,Low,Low_Risk
CUST2087,38,Male,Single,Primary,Employed,28,29744,11,1,0,0.79,1,1,1,0,0.135,Low,Low_Risk
CUST0592,38,Female,Married,Secondary,Employed,23,61914,11,2,0,0.62,2,1,0,0,0.135,Low,Low_Risk
CUST2543,48,Male,Married,Secondary,Self-employed,1,213741,11,2,0,0.66,0,1,0,0,0.135,Low,Low_Risk
CUST2232,28,Male,Married,University,Unemployed,44,2181,9,4,0,0.79,0,1,1,0,0.135,Medium,Low_Risk
CUST0098,32,Female,Married,,Employed,14,209013,9,2,0,0.82,1,0,0,0,0.135,Low,Low_Risk
CUST1697,40,Female,Single,University,Employed,9,113540,12,1,0,0.95,1,1,0,0,0.134,Low,Low_Risk
CUST2682,33,Male,Divorced,Secondary,Employed,17,99878,11,3,0,0.51,0,0,0,0,0.134,Medium,Low_Risk
CUST0789,35,Female,Single,Secondary,Self-employed,11,15133,14,1,0,0.7,0,0,0,0,0.134,Low,Low_Risk
CUST2537,27,Female,Divorced,University,Unemployed,19,43987,12,1,0,0.65,0,1,1,0,0.134,Low,Low_Risk
CUST0061,48,Male,Single,Primary,Unemployed,10,22219,14,1,0,0.58,2,0,1,0,0.134,Low,Low_Risk
CUST1619,25,Female,Married,University,Employed,54,14260,7,3,0,0.74,0,1,0,0,0.134,Low,Low_Risk
CUST2204,36,Male,Married,University,Unemployed,24,96790,10,3,0,0.58,5,0,1,0,0.134,Medium,Medium_Risk
CUST0530,35,Female,Divorced,Primary,Employed,2,118154,13,1,0,0.87,2,1,1,0,0.134,Low,Low_Risk
CUST1246,26,Male,Single,University,Employed,28,63730,10,4,1,0.5,1,1,0,0,0.133,Medium,Low_Risk
CUST0767,35,Male,Single,,Unemployed,27,26569,11,1,0,0.83,2,1,0,0,0.133,Low,Low_Risk
CUST0682,30,Female,Single,University,Employed,10,58154,13,2,0,0.9,1,0,1,0,0.133,Medium,Low_Risk
CUST2350,22,Male,Divorced,Secondary,Self-employed,25,126017,9,1,0,0.94,1,1,0,0,0.133,Low,Low_Risk
CUST1339,43,Female,Single,Primary,Employed,11,51352,13,3,0,0.86,2,1,1,0,0.133,Medium,Low_Risk
CUST1914,18,Male,Married,Primary,Self-employed,19,126522,10,1,0,0.93,1,1,1,0,0.133,Low,Low_Risk
CUST2815,38,Female,Single,Primary,Self-employed,22,60914,11,3,0,0.75,3,1,0,0,0.133,Medium,Low_Risk
CUST0144,57,Female,Divorced,Primary,Employed,1,80938,14,3,0,0.74,0,1,1,0,0.133,Medium,Low_Risk
CUST1691,33,Male,Single,Secondary,Self-employed,14,31424,13,3,1,0.52,0,0,0,0,0.133,Medium,Low_Risk
CUST0521,48,Male,Divorced,Primary,Employed,15,25281,13,2,0,0.63,0,0,0,0,0.133,Medium,Low_Risk
CUST0147,38,Female,Married,Secondary,Self-employed,6,86428,13,1,0,0.71,0,1,0,0,0.133,Low,Low_Risk
CUST0549,43,Female,Single,University,Unemployed,30,89987,9,2,0,0.57,1,1,0,0,0.132,Low,Low_Risk
CUST0762,24,Male,Married,University,Employed,2,108881,13,2,1,0.79,0,0,0,0,0.132,Medium,Low_Risk
CUST0870,26,Female,Divorced,Primary,Self-employed,20,73791,11,2,0,0.62,1,1,0,0,0.132,Low,Low_Risk
CUST2488,36,Male,Married,Secondary,Self-employed,11,43836,13,2,0,0.73,1,1,1,0,0.131,Medium,Low_Risk
CUST2898,21,Male,Single,Primary,Self-employed,35,6133,10,3,0,0.52,1,1,0,0,0.131,Medium,Low_Risk
CUST2853,40,Female,Single,Secondary,Employed,25,32016,11,4,0,0.79,1,1,0,0,0.131,Medium,Low_Risk
CUST1141,42,Female,Single,University,Unemployed,5,85830,13,1,0,0.73,1,0,1,0,0.131,Low,Low_Risk
CUST1768,35,Female,Married,Primary,Employed,35,5522,10,2,0,0.72,3,1,0,0,0.131,Low,Low_Risk
CUST2683,40,Male,Married,Secondary,Self-employed,25,114428,9,3,0,0.61,1,1,1,0,0.13,Medium,Low_Risk
CUST0460,25,Male,Married,Secondary,Unemployed,5,168434,11,2,0,0.86,0,0,1,0,0.13,Low,Low_Risk
CUST1494,18,Male,Married,Primary,Self-employed,33,17433,10,2,1,0.56,0,0,0,0,0.13,Low,Low_Risk
CUST1184,40,Male,Married,Primary,Employed,8,13876,14,4,0,0.93,1,1,0,0,0.129,Medium,Low_Risk
CUST0206,36,Male,Single,Secondary,Employed,22,89830,10,2,1,0.76,1,1,0,0,0.129,Low,Low_Risk
CUST0909,41,Female,Divorced,,Employed,38,20545,9,1,0,0.85,0,1,1,0,0.129,Low,Low_Risk
CUST1892,39,Male,Single,University,Employed,2,13205,15,1,0,0.92,1,0,0,0,0.129,Low,Low_Risk
CUST0767,41,Male,Married,Primary,Employed,19,23688,12,2,0,0.77,1,1,0,0,0.129,Low,Low_Risk
CUST0567,51,Male,Married,University,Employed,9,86980,12,4,0,0.87,1,1,0,0,0.128,Medium,Low_Risk
CUST2713,25,Male,Married,Secondary,Employed,43,22994,8,1,0,0.99,0,0,0,0,0.128,Low,Low_Risk
CUST2916,35,Male,Married,University,Employed,8,266372,8,2,0,0.96,3,1,0,0,0.128,Low,Low_Risk
CUST0796,35,Female,Divorced,Secondary,Self-employed,31,65884,9,3,0,0.62,1,1,1,0,0.128,Medium,Low_Risk
CUST1532,40,Male,Married,Secondary,Self-employed,5,25544,14,1,0,0.51,1,1,0,0,0.127,Low,Low_Risk
CUST1271,35,Female,Single,University,Self-employed,19,16982,12,2,0,0.7,3,1,0,0,0.127,Low,Low_Risk
CUST2210,30,Male,Single,Secondary,Employed,4,76917,13,3,0,0.85,1,1,0,0,0.127,Medium,Low_Risk
CUST1553,36,Male,Single,Primary,Employed,28,120583,8,1,0,0.94,1,1,1,0,0.126,Low,Low_Risk
CUST1221,38,Female,Married,University,Employed,8,131738,11,1,0,0.78,0,0,0,0,0.126,Low,Low_Risk
CUST2055,40,Female,Married,Secondary,Employed,11,25708,13,2,0,0.75,1,1,0,0,0.126,Medium,Low_Risk
CUST2926,30,Female,Single,Secondary,Employed,30,17965,10,1,0,0.52,0,1,0,0,0.125,Low,Low_Risk
CUST1205,27,Female,Single,University,Self-employed,27,81124,9,4,0,0.74,0,1,1,0,0.125,Medium,Low_Risk
CUST1862,25,Male,Married,Secondary,Employed,13,47267,12,3,0,0.96,1,1,0,0,0.125,Medium,Low_Risk
CUST0027,29,Male,Married,Secondary,Self-employed,50,92117,5,4,0,0.51,3,1,0,0,0.125,Medium,Low_Risk
CUST1860,41,Male,Married,Secondary,Self-employed,33,80080,8,2,0,0.9,1,1,0,0,0.125,Low,Low_Risk
CUST1810,23,Female,Married,Secondary,Employed,17,22503,12,4,0,0.93,1,1,0,0,0.125,Medium,Low_Risk
CUST2760,26,Male,Married,University,Employed,3,116729,12,3,0,0.6,1,1,0,0,0.125,Medium,Low_Risk
CUST2269,35,Female,Single,University,Employed,30,14123,10,3,0,0.88,1,0,0,0,0.124,Medium,Low_Risk
CUST1705,48,Male,Married,Secondary,Employed,5,12947,14,2,0,0.57,1,1,1,0,0.124,Medium,Low_Risk
CUST2357,30,Female,Single,University,Employed,18,8474,12,2,1,0.81,2,1,0,0,0.124,Low,Low_Risk
CUST0804,40,Female,Divorced,University,Self-employed,23,13113,11,1,0,0.72,1,1,0,0,0.123,Low,Low_Risk
CUST1028,34,Female,Married,Primary,Unemployed,35,18432,9,1,0,0.97,2,0,0,0,0.123,Low,Low_Risk
CUST1090,18,Male,Single,Secondary,Employed,10,62338,12,1,0,0.84,3,1,0,0,0.123,Low,Low_Risk
CUST2760,19,Female,Single,University,Self-employed,14,31027,12,3,1,0.74,0,1,0,0,0.122,Medium,Low_Risk
CUST2854,32,Male,Single,University,Unemployed,27,26454,10,1,0,0.53,1,1,0,0,0.122,Low,Low_Risk
CUST1120,26,Male,Married,Secondary,Employed,21,23011,11,3,1,0.65,0,1,0,0,0.122,Medium,Low_Risk
CUST0247,47,Female,Married,Primary,Employed,2,65258,13,1,1,0.62,1,0,0,0,0.121,Low,Low_Risk
CUST2510,63,Male,Married,Primary,Self-employed,26,29746,10,2,0,0.67,0,1,1,0,0.121,Low,Low_Risk
CUST2771,38,Male,Single,University,Self-employed,30,83493,8,1,0,0.9,0,1,0,0,0.121,Low,Low_Risk
CUST1922,32,Male,Divorced,Secondary,Employed,10,91689,11,4,0,0.67,1,1,1,0,0.12,Medium,Low_Risk
CUST1541,38,Male,Married,Secondary,Self-employed,1,27551,14,3,0,0.94,4,1,0,0,0.12,Medium,Low_Risk
CUST1713,43,Female,Single,Primary,Employed,8,106146,11,1,1,0.94,1,1,0,0,0.12,Low,Low_Risk
CUST1280,26,Male,Divorced,Secondary,Unemployed,5,41272,13,1,0,0.62,0,0,0,0,0.12,Low,Low_Risk
CUST1731,47,Male,Divorced,,Employed,3,138951,11,1,0,0.72,0,1,0,0,0.12,Low,Low_Risk
CUST1343,40,Female,Married,University,Unemployed,2,60917,13,4,0,0.52,1,1,0,0,0.12,Medium,Low_Risk
CUST1091,41,Female,Single,Secondary,Unemployed,7,25596,13,2,0,0.9,0,0,0,0,0.12,Medium,Low_Risk
CUST0648,42,Male,Single,Primary,Unemployed,46,98504,5,4,1,0.75,1,1,0,0,0.12,Medium,Low_Risk
CUST1747,54,Male,Married,Secondary,Self-employed,16,3370,12,4,0,0.53,1,1,0,0,0.119,Medium,Low_Risk
CUST2748,45,Male,Married,University,Employed,3,178102,10,1,0,0.65,0,1,1,0,0.119,Low,Low_Risk
CUST1474,31,Female,Married,Secondary,Employed,15,132290,9,1,0,0.5,1,1,0,0,0.118,Low,Low_Risk
CUST1453,37,Female,Married,Secondary,Self-employed,3,47124,13,3,0,0.54,0,0,0,0,0.118,Medium,Low_Risk
CUST2220,22,Male,Single,Secondary,Unemployed,26,101856,8,2,0,0.75,2,1,1,0,0.118,Low,Low_Risk
CUST2914,47,Female,Married,Primary,Self-employed,7,17418,13,2,1,0.84,0,1,0,0,0.118,Medium,Low_Risk
CUST1677,22,Male,Married,Secondary,Employed,41,123477,5,1,0,0.83,0,1,1,0,0.118,Low,Low_Risk
CUST2930,46,Female,Single,Primary,Employed,3,44440,13,3,0,0.95,0,1,1,0,0.117,Medium,Low_Risk
CUST0101,37,Male,Single,University,Unemployed,8,7173,13,2,0,0.53,0,1,1,0,0.117,Medium,Low_Risk
CUST1446,42,Male,Single,,Self-employed,13,11599,12,1,0,0.58,0,0,0,0,0.116,Low,Low_Risk
CUST0978,29,Male,Single,Secondary,Unemployed,15,42635,11,4,0,0.64,2,1,1,0,0.116,Medium,Low_Risk
CUST2696,39,Female,Single,Primary,Employed,8,4660,13,1,1,0.75,2,0,0,0,0.116,Low,Low_Risk
CUST2398,34,Male,Divorced,Primary,Self-employed,12,59350,11,1,0,0.75,2,1,1,0,0.116,Low,Low_Risk
CUST0640,35,Female,Divorced,,Employed,5,66875,12,4,1,0.99,2,1,0,0,0.116,Medium,Low_Risk
CUST1055,50,Male,Married,Secondary,Employed,25,56993,9,3,1,0.63,1,1,1,0,0.116,Medium,Low_Risk
CUST1226,47,Male,Married,University,Employed,30,61649,8,1,0,0.81,1,1,0,0,0.115,Low,Low_Risk
CUST0285,43,Female,Single,Primary,Unemployed,29,26551,9,1,0,0.74,3,0,1,0,0.115,Low,Low_Risk
CUST0246,36,Female,Single,Primary,Unemployed,35,69166,7,3,0,0.93,3,1,0,0,0.115,Low,Low_Risk
CUST1646,51,Male,Divorced,Secondary,Employed,6,10119,13,2,0,0.7,0,1,0,0,0.114,Medium,Low_Risk
CUST1652,19,Female,Single,Primary,Employed,32,44026,8,3,1,0.79,2,0,1,0,0.114,Medium,Low_Risk
CUST2149,46,Female,Married,University,Unemployed,15,31341,11,2,0,0.92,0,0,0,0,0.114,Low,Low_Risk
CUST0045,24,Female,Single,University,Employed,5,11691,13,2,0,0.87,0,0,0,0,0.113,Medium,Low_Risk
CUST2471,52,Male,Single,Secondary,Self-employed,1,252391,8,3,0,0.62,1,1,0,0,0.113,Medium,Low_Risk
CUST1683,45,Female,Single,Secondary,Self-employed,13,86610,10,2,0,0.98,1,1,0,0,0.113,Low,Low_Risk
CUST2995,36,Male,Single,Primary,Self-employed,13,84884,10,4,1,0.84,3,1,0,0,0.113,Medium,Medium_Risk
CUST2105,24,Male,Divorced,,Self-employed,5,10681,13,3,0,0.93,0,1,1,0,0.113,Medium,Low_Risk
CUST0216,39,Male,Married,University,Employed,1,33830,13,1,1,0.8,0,1,0,0,0.112,Low,Low_Risk
CUST2120,27,Male,Married,University,Employed,6,128463,10,1,0,0.94,1,1,0,0,0.112,Low,Low_Risk
CUST1158,54,Male,Single,Secondary,Employed,15,68011,10,3,0,0.92,0,0,0,0,0.112,Medium,Low_Risk
CUST2930,35,Male,Married,Primary,Employed,9,67203,11,1,2,0.62,2,0,1,0,0.112,Low,Medium_Risk
CUST2751,48,Female,Single,Primary,Self-employed,3,20480,13,1,1,0.51,2,1,0,0,0.112,Low,Low_Risk
CUST0323,38,Female,Married,Secondary,Self-employed,9,63585,11,1,0,0.81,2,1,0,0,0.112,Low,Low_Risk
CUST1646,27,Female,Married,Secondary,Self-employed,6,40702,12,1,0,0.75,0,1,0,0,0.111,Low,Low_Risk
CUST1360,44,Male,Married,University,Employed,10,11864,12,2,0,0.62,1,1,1,0,0.111,Low,Low_Risk
CUST1859,44,Male,Divorced,Primary,Employed,9,20108,12,2,1,0.6,1,1,0,0,0.111,Low,Low_Risk
CUST0721,34,Female,Single,University,Self-employed,33,151065,5,1,0,0.87,1,1,1,0,0.111,Low,Low_Risk
CUST0469,46,Male,Married,University,Self-employed,9,20126,12,4,1,0.68,1,0,0,0,0.111,Medium,Low_Risk
CUST1429,52,Male,Single,Secondary,Employed,7,34522,12,1,0,0.8,1,1,1,0,0.111,Low,Low_Risk
CUST1322,60,Female,Married,Secondary,Employed,9,51361,11,2,0,0.56,1,1,0,0,0.109,Low,Low_Risk
CUST0796,53,Male,Married,Secondary,Unemployed,24,34585,9,1,0,0.7,1,1,1,0,0.109,Low,Low_Risk
CUST2571,33,Male,Single,University,Self-employed,25,29821,9,4,0,1.0,0,1,0,0,0.109,Medium,Low_Risk
CUST1743,21,Female,Married,Secondary,Employed,4,3263,13,1,0,0.62,0,1,1,0,0.109,Low,Low_Risk
CUST0078,26,Female,Married,University,Employed,3,8817,13,1,0,0.87,1,1,0,0,0.109,Low,Low_Risk
CUST0824,34,Male,Single,Secondary,Employed,1,105668,11,2,0,0.67,1,1,1,0,0.108,Low,Low_Risk
CUST1017,35,Female,Married,University,Employed,7,143425,9,3,0,0.59,0,1,1,0,0.107,Medium,Low_Risk
CUST2185,45,Male,Single,Secondary,Employed,3,1239,13,2,0,0.9,1,1,0,0,0.107,Medium,Low_Risk
CUST1616,24,Male,Divorced,Primary,Employed,12,151044,8,1,0,0.9,0,1,0,0,0.107,Low,Low_Risk
CUST1549,42,Female,Divorced,Primary,Self-employed,7,14496,12,2,0,0.53,0,1,0,0,0.107,Low,Low_Risk
CUST0271,44,Female,Single,Secondary,Unemployed,32,4188,8,1,0,0.7,1,1,0,0,0.105,Low,Low_Risk
CUST2093,35,Male,Married,Primary,Employed,4,30373,12,2,0,0.57,3,0,0,0,0.105,Low,Low_Risk
CUST2331,21,Male,Divorced,Primary,Self-employed,16,29066,10,1,0,0.96,1,1,1,0,0.105,Low,Low_Risk
CUST2966,53,Male,Single,Secondary,Employed,12,57978,10,3,0,0.62,2,1,0,0,0.105,Medium,Low_Risk
CUST0822,29,Male,Single,Primary,Unemployed,6,10033,12,1,0,0.84,0,1,0,0,0.104,Low,Low_Risk
CUST1644,37,Male,Divorced,Primary,Self-employed,1,84298,11,3,0,0.69,2,0,1,0,0.103,Medium,Low_Risk
CUST0049,36,Female,Single,Secondary,Self-employed,20,81832,8,1,0,0.76,1,0,0,0,0.103,Low,Low_Risk
CUST0386,26,Male,Divorced,Primary,Self-employed,11,94226,9,3,0,0.74,1,0,0,0,0.102,Medium,Low_Risk
CUST2251,44,Female,Divorced,Secondary,Unemployed,30,86747,6,1,1,0.78,1,1,1,0,0.101,Low,Low_Risk
CUST2410,23,Male,Married,University,Employed,14,114990,8,3,0,0.67,2,0,0,0,0.101,Medium,Low_Risk
CUST1081,34,Male,Divorced,Secondary,Employed,5,90047,10,3,0,0.61,0,0,0,0,0.101,Medium,Low_Risk
CUST0522,37,Male,Single,Secondary,Employed,4,12140,12,1,0,0.77,1,1,1,0,0.101,Low,Low_Risk
CUST0456,35,Female,Single,Primary,Employed,11,85468,9,2,0,0.52,0,0,1,0,0.1,Low,Low_Risk
CUST0761,36,Female,Married,Secondary,Self-employed,23,48839,8,1,0,0.59,0,1,0,0,0.1,Low,Low_Risk
CUST2926,18,Male,Single,Secondary,Employed,2,101016,10,2,2,0.81,1,0,0,0,0.099,Low,Medium_Risk
CUST1244,46,Male,Single,Primary,Self-employed,16,47924,9,1,0,0.69,0,1,0,0,0.099,Low,Low_Risk
CUST2542,48,Male,Married,Primary,Self-employed,9,49792,10,2,0,0.6,0,0,1,0,0.098,Low,Low_Risk
CUST1263,28,Male,Married,Primary,Employed,5,34263,11,1,0,0.67,2,0,0,0,0.098,Low,Low_Risk
CUST0732,36,Male,Single,Secondary,Employed,34,3725,7,3,1,0.83,4,1,1,0,0.097,Low,Medium_Risk
CUST2255,19,Female,Married,Secondary,Employed,5,75117,10,4,1,0.99,0,1,1,0,0.097,Medium,Low_Risk
CUST0642,41,Male,Married,Secondary,Employed,21,129478,6,1,0,0.9,0,1,1,0,0.096,Low,Low_Risk
CUST0091,32,Female,Married,University,Self-employed,3,40994,11,3,0,0.81,0,1,0,0,0.096,Medium,Low_Risk
CUST1949,28,Male,Married,Primary,Self-employed,8,6620,11,1,0,0.79,0,1,0,0,0.096,Low,Low_Risk
CUST1701,32,Male,Married,University,Unemployed,21,2855,9,4,0,0.87,0,1,0,0,0.096,Medium,Low_Risk
CUST0391,46,Male,Single,Primary,Employed,4,33512,11,1,0,0.82,2,1,0,0,0.096,Low,Low_Risk
CUST2100,21,Female,Single,University,Employed,12,100667,8,2,0,0.67,2,1,1,0,0.095,Low,Low_Risk
CUST1065,43,Female,Single,Primary,Self-employed,35,26451,6,1,0,0.54,0,1,0,0,0.094,Low,Low_Risk
CUST2738,42,Male,Single,University,Self-employed,13,47154,9,2,0,0.91,1,0,0,0,0.094,Low,Low_Risk
CUST0083,39,Female,Married,University,Employed,24,11933,8,3,0,0.68,0,1,0,0,0.093,Medium,Low_Risk
CUST0920,31,Female,Married,Secondary,Employed,6,88818,9,1,0,0.59,1,1,0,0,0.092,Low,Low_Risk
CUST1822,39,Female,Married,Primary,Self-employed,16,21476,9,4,0,0.54,2,1,0,0,0.092,Medium,Low_Risk
CUST1441,38,Male,Married,University,Self-employed,31,3360,7,1,0,0.81,0,1,0,0,0.092,Low,Low_Risk
CUST2017,35,Female,Married,University,Employed,2,72842,10,1,0,0.71,2,1,0,0,0.092,Low,Low_Risk
CUST1525,27,Female,Married,Secondary,Unemployed,10,58370,9,3,0,0.95,1,0,0,0,0.091,Medium,Low_Risk
CUST1034,47,Female,Single,Secondary,Employed,6,64321,9,1,0,0.96,0,1,1,0,0.086,Low,Low_Risk
CUST1495,40,Male,Single,Secondary,Self-employed,4,36693,10,2,0,0.6,1,1,0,0,0.086,Low,Low_Risk
CUST2950,24,Female,Married,University,Employed,5,30768,10,2,0,0.74,1,1,1,0,0.086,Low,Low_Risk
CUST0258,28,Male,Single,Secondary,Employed,7,51485,9,4,0,0.53,0,1,0,0,0.085,Medium,Low_Risk
CUST1668,30,Male,Single,Primary,Self-employed,10,158765,6,2,0,0.99,0,0,0,0,0.085,Low,Low_Risk
CUST1345,18,Male,Married,Secondary,Employed,6,60096,9,2,0,0.7,0,1,0,0,0.085,Low,Low_Risk
CUST1711,44,Male,Married,Secondary,Unemployed,8,4882,10,3,0,0.99,1,1,1,0,0.085,Medium,Low_Risk
CUST1256,41,Male,Married,University,Employed,5,20732,10,4,0,0.84,1,0,0,0,0.084,Medium,Low_Risk
CUST1252,33,Female,Married,Secondary,Employed,2,40535,10,1,0,0.52,1,0,0,0,0.084,Low,Low_Risk
CUST0361,25,Male,Single,Primary,Employed,8,44272,9,1,0,0.92,3,0,1,0,0.084,Low,Low_Risk
CUST1334,24,Male,Married,Secondary,Employed,18,16717,8,3,0,0.71,0,1,0,0,0.084,Medium,Low_Risk
CUST2685,29,Male,Single,,Employed,3,26267,10,1,0,0.77,0,1,0,0,0.082,Low,Low_Risk
CUST2554,45,Male,Married,University,Self-employed,11,99633,7,1,1,0.66,3,1,0,0,0.082,Low,Medium_Risk
CUST2316,35,Male,Single,Primary,Employed,7,35900,9,2,0,0.71,2,1,1,0,0.081,Low,Low_Risk
CUST2784,32,Female,Married,Secondary,Self-employed,3,59116,9,3,0,1.0,1,0,0,0,0.08,Medium,Low_Risk
CUST0126,37,Female,Married,University,Employed,3,96468,8,2,0,0.8,1,0,1,0,0.078,Low,Low_Risk
CUST2318,43,Male,Married,Primary,Unemployed,16,43212,7,1,0,0.63,1,0,1,0,0.077,Low,Low_Risk
CUST1021,44,Female,Single,Secondary,Self-employed,9,2407,9,4,0,0.92,1,1,0,0,0.076,Medium,Low_Risk
CUST1325,37,Female,Single,Secondary,Self-employed,18,26317,7,2,0,0.68,0,0,0,0,0.076,Low,Low_Risk
CUST0460,52,Female,Married,University,Employed,1,176697,6,3,0,0.75,1,1,0,0,0.074,Low,Low_Risk
CUST0892,43,Male,Married,,Employed,1,7352,10,2,0,0.98,1,1,0,0,0.074,Low,Low_Risk
CUST1981,32,Male,Married,Secondary,Employed,7,85408,7,2,0,0.67,1,1,1,0,0.072,Low,Low_Risk
CUST1918,49,Female,Married,Secondary,Employed,3,7071,9,1,0,0.78,0,1,0,0,0.067,Low,Low_Risk
CUST1428,45,Male,Single,,Self-employed,5,29013,8,4,0,0.79,3,1,0,0,0.065,Medium,Low_Risk
CUST1003,44,Female,Single,Secondary,Self-employed,3,16696,8,3,0,0.84,0,0,0,0,0.059,Medium,Low_Risk
CUST0826,49,Male,Married,Primary,Self-employed,10,10467,7,1,0,0.67,0,1,0,0,0.059,Low,Low_Risk
CUST0569,32,Male,Married,Primary,Employed,25,18316,4,3,0,0.69,1,1,1,0,0.055,Low,Low_Risk
CUST2687,35,Male,Married,Primary,Self-employed,5,79267,5,2,0,0.89,2,1,0,0,0.047,Low,Low_Risk
CUST2690,29,Male,Divorced,,Employed,168,1644080,13,2,0,0.51,0,0,1,1,0.783,Medium,Low_Risk
CUST2580,47,Female,Married,Secondary,Self-employed,151,1006257,19,1,0,0.5,2,1,0,1,0.662,Medium,Low_Risk
CUST2160,38,Male,Married,Primary,Self-employed,177,207362,27,3,0,0.78,1,1,0,1,0.594,High,Low_Risk
CUST2584,47,Female,Married,Secondary,Unemployed,180,398293,22,2,0,0.78,3,1,1,1,0.593,Medium,Low_Risk
CUST1994,51,Female,Single,Secondary,Employed,98,810256,25,1,0,0.97,1,1,1,1,0.587,Medium,Low_Risk
CUST1654,45,Female,Married,,Employed,177,585125,16,1,0,0.67,1,1,0,1,0.572,Low,Low_Risk
CUST0970,26,Female,Married,University,Employed,152,407338,24,1,0,0.83,0,0,0,1,0.569,Medium,Low_Risk
CUST2236,40,Female,Married,University,Employed,174,478150,18,2,1,0.91,1,1,0,1,0.561,Medium,Low_Risk
CUST1258,45,Female,Single,Primary,Employed,132,588812,22,4,0,0.8,0,1,0,1,0.559,High,Low_Risk
CUST0436,38,Male,Married,Primary,Employed,174,489505,17,1,0,0.96,1,0,0,1,0.554,Low,Low_Risk
CUST2455,28,Male,Divorced,Primary,Employed,127,890509,15,1,1,0.7,3,1,0,1,0.552,Low,Medium_Risk
CUST2726,59,Female,Divorced,University,Self-employed,179,307074,20,2,1,0.63,1,1,0,1,0.549,Medium,Low_Risk
CUST0912,37,Female,Married,Secondary,Unemployed,56,1442429,13,4,2,0.9,1,1,1,1,0.547,Medium,Medium_Risk
CUST0678,35,Male,Married,Secondary,Self-employed,104,1060248,14,1,1,0.6,0,0,1,1,0.544,Low,Low_Risk
CUST2499,33,Female,Married,Primary,Self-employed,137,349554,25,3,0,0.76,1,0,0,1,0.54,High,Low_Risk
CUST1215,31,Female,Single,University,Employed,177,275196,20,3,1,0.91,0,1,1,1,0.538,Medium,Low_Risk
CUST1000,27,Male,Single,Secondary,Employed,153,634091,15,2,0,0.95,0,0,0,1,0.533,Medium,Low_Risk
CUST2970,25,Female,Single,Secondary,Employed,103,936368,16,2,0,0.88,0,0,1,1,0.533,Medium,Low_Risk
CUST1812,44,Female,Single,Secondary,Self-employed,179,779948,7,2,0,0.75,4,0,0,1,0.529,Low,Low_Risk
CUST1607,43,Male,Single,Primary,Employed,172,479466,15,1,0,0.67,1,0,0,1,0.527,Low,Low_Risk
CUST0645,34,Male,Married,University,Self-employed,167,341917,19,1,0,0.86,0,1,0,1,0.527,Medium,Low_Risk
CUST2699,37,Female,Single,University,Employed,149,575916,16,2,0,0.85,0,1,0,1,0.523,Medium,Low_Risk
CUST0352,26,Female,Married,Primary,Employed,169,562964,13,1,0,0.62,2,1,1,1,0.522,Low,Low_Risk
CUST0573,34,Female,Single,Primary,Self-employed,141,290634,24,1,1,0.95,0,0,0,1,0.522,Medium,Low_Risk
CUST1136,37,Female,Married,University,Unemployed,171,528603,13,3,0,0.91,1,0,0,1,0.517,Medium,Low_Risk
CUST1099,29,Female,Married,,Self-employed,163,116315,24,1,0,0.67,3,1,0,1,0.517,Medium,Low_Risk
CUST1419,27,Female,Divorced,Secondary,Unemployed,167,131866,23,2,0,0.6,0,1,1,1,0.517,Medium,Low_Risk
CUST1038,26,Female,Single,Primary,Self-employed,156,624313,13,2,0,0.71,4,1,1,1,0.515,Medium,Low_Risk
CUST0103,25,Female,Divorced,Secondary,Unemployed,169,436573,15,2,0,0.72,0,1,0,1,0.512,Medium,Low_Risk
CUST1427,27,Female,Married,,Unemployed,175,219214,19,1,0,0.72,1,1,1,1,0.51,Medium,Low_Risk
CUST1224,42,Female,Married,University,Self-employed,175,42170,23,2,0,0.98,0,1,0,1,0.509,Medium,Low_Risk
CUST0781,30,Female,Divorced,University,Employed,155,475105,16,1,0,0.79,1,1,0,1,0.508,Low,Low_Risk
CUST0024,36,Male,Single,Secondary,Employed,154,264518,21,1,0,0.77,1,0,1,1,0.507,Medium,Low_Risk
CUST1116,55,Female,Married,,Employed,101,844030,16,1,0,0.56,0,1,0,1,0.507,Low,Low_Risk
CUST2390,29,Male,Married,Secondary,Unemployed,157,282956,20,2,1,0.78,2,0,0,1,0.506,Medium,Low_Risk
CUST0518,39,Female,Married,Secondary,Employed,164,233737,20,3,0,0.89,1,0,0,1,0.506,Medium,Low_Risk
CUST0883,34,Male,Married,Secondary,Self-employed,161,76355,24,2,0,0.68,1,1,0,1,0.504,Medium,Low_Risk
CUST2755,52,Male,Married,University,Employed,177,303780,16,1,0,0.67,0,1,1,1,0.503,Low,Low_Risk
CUST0793,32,Male,Married,Secondary,Self-employed,163,352784,17,2,0,0.5,0,1,1,1,0.502,Medium,Low_Risk
CUST1163,36,Female,Single,Primary,Employed,170,686685,8,2,0,0.67,1,1,0,1,0.502,Low,Low_Risk
CUST1565,31,Male,Single,Primary,Employed,163,519411,13,1,1,0.75,2,1,0,1,0.501,Low,Low_Risk
CUST0510,32,Male,Divorced,Secondary,Self-employed,111,493005,22,2,0,0.91,0,0,1,1,0.501,Medium,Low_Risk
CUST1540,46,Female,Single,University,Employed,140,543990,16,2,1,0.83,1,1,0,1,0.5,Medium,Low_Risk
CUST0287,47,Male,Married,University,Employed,174,222179,18,1,1,0.57,0,0,0,1,0.499,Medium,Low_Risk
CUST1988,19,Male,Divorced,Primary,Self-employed,171,451164,13,4,0,0.78,1,1,0,1,0.498,Medium,Low_Risk
CUST0144,33,Male,Married,University,Employed,151,36430,26,1,0,0.53,0,1,1,1,0.498,Medium,Low_Risk
CUST1122,18,Female,Married,University,Unemployed,178,186379,18,4,0,1.0,1,1,0,1,0.497,High,Low_Risk
CUST1071,23,Male,Married,Primary,Self-employed,137,296630,22,3,0,0.58,1,0,1,1,0.497,High,Low_Risk
CUST0646,29,Male,Single,Primary,Employed,160,178846,21,3,0,0.85,0,1,1,1,0.496,Medium,Low_Risk
CUST0652,33,Female,Single,,Employed,159,350267,17,3,0,0.68,1,1,1,1,0.495,Medium,Low_Risk
CUST1859,39,Male,Married,Primary,Employed,162,119708,22,4,0,0.73,2,0,0,1,0.495,High,Low_Risk
CUST2748,27,Female,Married,Secondary,Self-employed,164,9133,24,2,0,0.74,1,0,0,1,0.493,Medium,Low_Risk
CUST1600,27,Male,Married,Secondary,Employed,160,80451,23,3,0,0.87,0,0,0,1,0.493,High,Low_Risk
CUST1010,30,Female,Single,University,Employed,174,139822,19,4,0,0.58,1,1,1,1,0.489,High,Low_Risk
CUST0883,27,Female,Married,University,Unemployed,101,636187,19,2,0,0.91,3,0,0,1,0.488,Medium,Low_Risk
CUST2374,42,Female,Married,Primary,Self-employed,103,788687,15,2,0,0.89,0,1,0,1,0.487,Medium,Low_Risk
CUST0899,49,Female,Married,Secondary,Self-employed,132,675384,13,2,0,0.9,1,0,0,1,0.487,Medium,Low_Risk
CUST2738,23,Female,Married,,Self-employed,154,169002,21,3,0,0.78,1,1,0,1,0.484,Medium,Low_Risk
CUST2254,24,Male,Married,University,Self-employed,170,271477,16,3,0,0.74,0,0,0,1,0.484,Medium,Low_Risk
CUST2606,42,Male,Married,Primary,Employed,157,277642,18,1,0,0.61,1,1,0,1,0.484,Medium,Low_Risk
CUST1005,28,Female,Married,Primary,Unemployed,93,798599,16,2,0,0.67,0,1,1,1,0.483,Medium,Low_Risk
CUST1165,30,Male,Single,Secondary,Self-employed,170,178908,18,2,1,0.94,1,0,0,1,0.482,Medium,Low_Risk
CUST1994,38,Male,Single,,Employed,125,659062,14,1,0,0.59,0,1,0,1,0.482,Low,Low_Risk
CUST2741,35,Female,Single,University,Employed,140,126925,24,2,1,0.69,0,1,1,1,0.481,Medium,Low_Risk
CUST0248,41,Female,Married,Secondary,Unemployed,172,77722,20,3,0,0.68,1,0,0,1,0.481,Medium,Low_Risk
CUST0032,33,Female,Single,Secondary,Employed,152,254061,19,3,1,0.74,0,1,1,1,0.48,Medium,Low_Risk
CUST1906,36,Male,Married,Secondary,Self-employed,174,483954,10,2,0,0.76,1,1,0,1,0.48,Low,Low_Risk
CUST2138,28,Female,Single,Secondary,Employed,172,74296,20,2,0,0.78,0,1,0,1,0.48,Medium,Low_Risk
CUST1774,30,Female,Married,Primary,Employed,171,36864,21,1,0,0.51,0,1,0,1,0.48,Medium,Low_Risk
CUST0880,19,Female,Married,,Self-employed,125,518888,17,4,0,0.52,4,1,0,1,0.479,High,Low_Risk
CUST1794,40,Female,Married,Primary,Self-employed,96,542016,21,1,1,0.79,0,0,1,1,0.477,Medium,Low_Risk
CUST0495,27,Male,Married,Primary,Self-employed,157,78888,22,4,0,1.0,1,1,0,1,0.477,High,Low_Risk
CUST1114,42,Female,Single,Secondary,Self-employed,177,69094,19,1,0,0.59,1,1,0,1,0.477,Medium,Low_Risk
CUST0012,30,Male,Single,Primary,Self-employed,160,91559,21,3,0,0.8,3,1,0,1,0.475,Medium,Low_Risk
CUST0383,34,Male,Single,University,Employed,124,547712,16,2,1,0.72,1,1,0,1,0.474,Medium,Low_Risk
CUST2435,28,Male,Single,Secondary,Self-employed,176,20126,20,3,1,0.96,0,1,1,1,0.474,Medium,Low_Risk
CUST0728,50,Female,Single,Secondary,Employed,162,68201,21,2,0,0.99,1,1,0,1,0.473,Medium,Low_Risk
CUST2857,36,Male,Single,Secondary,Employed,163,400055,13,3,0,0.79,1,1,1,1,0.472,Medium,Low_Risk
CUST0162,35,Female,Divorced,University,Employed,127,642505,13,4,0,0.84,0,1,1,1,0.471,Medium,Low_Risk
CUST1115,48,Female,Single,Secondary,Self-employed,111,540687,18,1,0,0.95,0,0,0,1,0.471,Medium,Low_Risk
CUST2890,18,Male,Married,Primary,Employed,152,125503,21,4,0,0.85,0,1,1,1,0.47,High,Low_Risk
CUST0746,58,Female,Divorced,Primary,Employed,116,545197,17,1,0,0.54,0,0,0,1,0.47,Low,Low_Risk
CUST1353,27,Female,Married,Secondary,Employed,148,411246,15,2,0,0.76,0,0,0,1,0.47,Medium,Low_Risk
CUST1738,30,Female,Married,Primary,Unemployed,179,66677,18,2,0,0.98,1,1,1,1,0.47,Medium,Low_Risk
CUST2635,37,Female,Single,Secondary,Self-employed,110,501184,19,4,1,0.79,2,0,0,1,0.47,High,Low_Risk
CUST2692,42,Female,Single,Primary,Employed,149,270654,18,3,0,0.64,0,1,0,1,0.469,Medium,Low_Risk
CUST2332,36,Female,Married,Secondary,Unemployed,157,426101,13,1,1,0.78,1,0,1,1,0.468,Low,Low_Risk
CUST2200,22,Male,Single,Primary,Employed,131,219989,22,4,0,0.79,1,1,0,1,0.468,High,Low_Risk
CUST1857,32,Female,Single,Secondary,Self-employed,158,243967,17,1,1,0.82,2,0,0,1,0.467,Low,Low_Risk
CUST2234,30,Male,Single,Primary,Unemployed,146,791417,6,1,0,0.99,0,0,1,1,0.467,Low,Low_Risk
CUST2874,32,Female,Single,Secondary,Self-employed,179,13107,19,4,0,0.8,2,0,0,1,0.467,High,Low_Risk
CUST0079,37,Male,Single,Primary,Employed,164,71971,20,4,1,0.5,0,1,0,1,0.466,High,Low_Risk
CUST2163,29,Male,Married,Secondary,Employed,157,24754,22,1,1,0.75,3,1,1,1,0.464,Medium,Medium_Risk
CUST1488,33,Male,Single,University,Self-employed,180,36095,18,2,0,0.67,3,1,0,1,0.464,Medium,Low_Risk
CUST2306,44,Female,Married,Primary,Unemployed,165,138531,18,1,0,0.61,5,0,1,1,0.464,Medium,Medium_Risk
CUST2178,47,Male,Married,Primary,Employed,114,450059,19,3,1,0.55,0,1,0,1,0.464,Medium,Low_Risk
CUST0522,30,Male,Married,Primary,Self-employed,162,69290,20,3,0,0.99,1,1,0,1,0.462,Medium,Low_Risk
CUST2550,53,Female,Married,Primary,Self-employed,121,223279,23,4,0,0.52,0,1,0,1,0.462,High,Low_Risk
CUST1550,36,Male,Single,Primary,Employed,137,325838,18,1,0,0.6,0,0,0,1,0.462,Medium,Low_Risk
CUST0028,49,Male,Single,Secondary,Self-employed,156,150826,19,2,0,0.58,0,1,0,1,0.462,Medium,Low_Risk
CUST1229,27,Female,Single,University,Employed,177,4345,19,2,0,1.0,0,1,1,1,0.461,Medium,Low_Risk
CUST0092,48,Female,Married,Primary,Employed,134,335393,18,1,0,0.76,2,1,1,1,0.46,Medium,Low_Risk
CUST2017,27,Female,Married,Secondary,Employed,148,454845,13,2,1,0.61,0,0,0,1,0.46,Medium,Low_Risk
CUST0833,36,Male,Single,,Self-employed,76,860216,15,1,0,0.51,0,0,1,1,0.459,Low,Low_Risk
CUST0373,42,Male,Married,Primary,Employed,104,158115,27,3,0,0.56,2,1,0,1,0.459,High,Low_Risk
CUST1710,42,Female,Married,Primary,Employed,132,554470,13,3,0,0.7,0,1,0,1,0.458,Medium,Low_Risk
CUST0307,34,Female,Married,Primary,Employed,154,148090,19,4,0,0.6,1,0,0,1,0.458,High,Low_Risk
CUST0013,40,Female,Married,Secondary,Employed,132,514442,14,2,0,0.77,1,1,1,1,0.458,Medium,Low_Risk
CUST0946,46,Male,Married,University,Self-employed,143,643620,9,2,0,0.98,0,0,1,1,0.457,Low,Low_Risk
CUST2921,47,Male,Single,Primary,Unemployed,169,165903,16,3,0,0.71,2,1,0,1,0.456,Medium,Low_Risk
CUST1637,37,Female,Married,Secondary,Employed,173,7895,19,1,0,0.62,2,1,1,1,0.456,Medium,Low_Risk
CUST2915,39,Male,Married,Primary,Employed,130,50143,25,1,0,0.72,0,1,0,1,0.456,Medium,Low_Risk
CUST0075,35,Male,Married,Primary,Employed,116,400879,19,3,2,0.91,1,1,0,1,0.456,Medium,Medium_Risk
CUST1880,28,Male,Single,University,Self-employed,159,18090,21,1,0,0.66,0,1,1,1,0.455,Medium,Low_Risk
CUST0205,28,Male,Married,Secondary,Employed,140,447093,14,2,0,0.58,2,0,0,1,0.455,Medium,Low_Risk
CUST1854,32,Male,Single,Secondary,Self-employed,135,48567,24,1,0,0.92,0,1,0,1,0.454,Medium,Low_Risk
CUST2262,40,Male,Divorced,,Employed,147,53034,22,2,1,0.78,1,1,1,1,0.454,Medium,Low_Risk
CUST0957,23,Female,Single,,Employed,172,49117,18,2,0,0.71,0,1,0,1,0.454,Medium,Low_Risk
CUST1623,21,Female,Married,Secondary,Employed,72,485013,24,4,1,0.66,1,1,0,1,0.454,High,Low_Risk
CUST2775,48,Male,Married,Primary,Employed,177,184503,14,3,0,0.68,1,1,0,1,0.454,Medium,Low_Risk
CUST2933,49,Female,Married,University,Employed,129,429163,16,1,0,0.54,1,0,0,1,0.453,Low,Low_Risk
CUST0872,38,Female,Single,University,Self-employed,145,362059,15,3,0,0.51,0,1,0,1,0.453,Medium,Low_Risk
CUST1420,44,Female,Single,University,Employed,172,3273,19,1,0,0.69,1,1,1,1,0.453,Medium,Low_Risk
CUST1978,24,Female,Single,Primary,Employed,138,69953,23,1,0,0.99,0,1,1,1,0.453,Medium,Low_Risk
CUST2374,46,Female,Single,Secondary,Employed,163,274136,14,3,0,0.68,0,1,1,1,0.452,Medium,Low_Risk
CUST2279,31,Female,Divorced,University,Employed,165,213366,15,3,0,0.88,2,0,0,1,0.451,Medium,Low_Risk
CUST1441,45,Female,Married,,Employed,135,123464,22,1,0,0.66,0,1,1,1,0.451,Medium,Low_Risk
CUST1761,33,Female,Single,,Employed,179,282358,11,2,1,0.66,3,1,0,1,0.45,Low,Medium_Risk
CUST2815,36,Male,Single,Secondary,Self-employed,167,408055,10,3,0,0.95,5,1,0,1,0.45,Medium,Medium_Risk
CUST0660,36,Female,Married,Primary,Self-employed,161,232850,15,1,1,0.68,1,1,1,1,0.449,Low,Low_Risk
CUST2375,44,Female,Single,Secondary,Employed,164,172296,16,1,0,0.73,2,0,0,1,0.449,Low,Low_Risk
CUST0131,21,Female,Married,Primary,Employed,135,411059,15,1,1,0.98,4,1,1,1,0.449,Low,Medium_Risk
CUST0357,36,Male,Married,Secondary,Employed,123,114013,24,3,0,0.67,2,1,0,1,0.449,High,Low_Risk
CUST0966,35,Male,Divorced,Secondary,Employed,134,121168,22,1,0,0.89,1,0,1,1,0.449,Medium,Low_Risk
CUST1452,18,Male,Single,Secondary,Employed,132,220926,20,1,0,0.52,1,1,1,1,0.449,Medium,Low_Risk
CUST0733,40,Female,Married,University,Self-employed,164,207618,15,2,0,0.76,0,1,0,1,0.448,Medium,Low_Risk
CUST0713,27,Male,Divorced,Primary,Self-employed,80,659644,18,1,0,0.59,0,0,0,1,0.448,Medium,Low_Risk
CUST0295,34,Female,Married,University,Employed,154,65257,20,3,0,0.79,2,1,0,1,0.448,Medium,Low_Risk
CUST1082,31,Female,Married,Primary,Self-employed,164,79685,18,1,0,0.91,1,0,0,1,0.448,Medium,Low_Risk
CUST1243,48,Male,Married,Secondary,Employed,145,85038,21,1,0,0.61,1,0,1,1,0.448,Medium,Low_Risk
CUST2734,44,Male,Single,Secondary,Employed,102,800160,11,2,0,0.53,2,0,1,1,0.447,Low,Low_Risk
CUST1238,23,Female,Single,Primary,Employed,162,48176,19,3,0,0.5,1,0,0,1,0.447,Medium,Low_Risk
CUST0945,28,Male,Married,Secondary,Employed,173,101612,16,1,0,0.77,1,1,0,1,0.447,Low,Low_Risk
CUST2913,22,Male,Married,University,Employed,33,1059229,16,4,0,0.95,1,1,0,1,0.446,Medium,Low_Risk
CUST1217,40,Female,Single,University,Self-employed,165,22497,19,1,0,0.7,1,1,0,1,0.446,Medium,Low_Risk
CUST1268,43,Female,Divorced,University,Employed,143,211862,18,1,0,0.91,1,0,1,1,0.445,Medium,Low_Risk
CUST1857,38,Male,Married,University,Self-employed,167,219706,14,3,0,0.99,1,1,0,1,0.445,Medium,Low_Risk
CUST0295,45,Male,Married,University,Employed,129,53046,24,3,0,0.75,0,0,0,1,0.445,High,Low_Risk
CUST2725,23,Female,Single,Secondary,Employed,166,54831,18,1,0,0.97,0,0,1,1,0.445,Medium,Low_Risk
CUST1359,35,Male,Single,Secondary,Self-employed,152,151669,18,3,0,0.75,0,1,0,1,0.445,Medium,Low_Risk
CUST2125,40,Female,Married,Primary,Employed,94,292693,24,2,1,0.69,0,1,0,1,0.444,Medium,Low_Risk
CUST1381,40,Male,Married,Primary,Employed,110,264961,22,3,1,0.58,3,1,0,1,0.444,High,Medium_Risk
CUST1761,29,Female,Married,University,Self-employed,164,402162,10,1,0,0.8,2,0,1,1,0.443,Low,Low_Risk
CUST2734,22,Female,Single,Primary,Employed,129,87092,23,1,0,0.59,0,1,0,1,0.442,Medium,Low_Risk
CUST0946,27,Female,Married,University,Self-employed,178,45563,16,1,0,0.82,2,0,1,1,0.442,Low,Low_Risk
CUST2180,52,Female,Married,Primary,Employed,121,181949,22,1,0,0.7,2,1,1,1,0.442,Medium,Low_Risk
CUST2801,28,Male,Single,Secondary,Self-employed,179,39352,16,1,1,0.71,1,1,1,1,0.442,Low,Low_Risk
CUST0275,49,Male,Divorced,University,Self-employed,147,296292,15,3,0,0.51,3,0,1,1,0.441,Medium,Low_Risk
CUST0157,56,Male,Single,University,Employed,178,210647,12,1,0,0.85,3,0,0,1,0.441,Low,Low_Risk
CUST2636,18,Male,Married,Secondary,Employed,167,74043,17,3,0,0.89,0,1,0,1,0.441,Medium,Low_Risk
CUST1807,36,Male,Single,Primary,Employed,56,705464,20,2,0,0.96,1,1,1,1,0.44,Medium,Low_Risk
CUST1189,43,Female,Single,Secondary,Employed,136,326146,16,1,0,0.86,0,0,0,1,0.44,Low,Low_Risk
CUST0811,36,Male,Married,Primary,Self-employed,173,113727,15,4,1,0.52,1,0,0,1,0.44,Medium,Low_Risk
CUST2081,30,Female,Married,Primary,Employed,165,296505,12,3,0,0.71,0,1,0,1,0.44,Medium,Low_Risk
CUST2319,43,Female,Married,Primary,Unemployed,129,498546,13,2,0,0.96,3,1,0,1,0.439,Medium,Low_Risk
CUST1098,46,Female,Single,University,Employed,176,47102,16,1,1,0.65,0,1,0,1,0.439,Low,Low_Risk
CUST1424,48,Male,Single,Secondary,Unemployed,157,6889,20,3,0,0.79,1,1,0,1,0.439,Medium,Low_Risk
CUST2157,33,Female,Divorced,Secondary,Employed,130,67083,23,3,0,0.58,0,0,0,1,0.439,High,Low_Risk
CUST1877,46,Female,Married,Primary,Employed,142,361259,14,3,0,0.55,0,0,0,1,0.438,Medium,Low_Risk
CUST2204,36,Male,Single,Secondary,Employed,172,25930,17,3,1,0.84,0,1,1,1,0.438,Medium,Low_Risk
CUST0361,32,Male,Married,Secondary,Unemployed,178,27017,16,1,0,0.98,1,1,0,1,0.438,Low,Low_Risk
CUST2152,45,Male,Divorced,,Employed,156,52870,19,2,0,0.79,0,0,1,1,0.438,Medium,Low_Risk
CUST2213,35,Female,Married,,Employed,180,95162,14,4,0,0.67,1,0,0,1,0.437,Medium,Low_Risk
CUST1286,40,Female,Single,University,Employed,117,233420,21,1,0,0.89,1,1,0,1,0.437,Medium,Low_Risk
CUST0230,48,Female,Single,University,Employed,150,303513,14,1,0,0.63,1,1,0,1,0.437,Low,Low_Risk
CUST1825,42,Male,Single,,Employed,160,149495,16,3,0,0.73,0,1,0,1,0.437,Medium,Low_Risk
CUST1332,41,Female,Single,Primary,Employed,140,202353,18,1,0,0.81,1,0,0,1,0.437,Medium,Low_Risk
CUST1834,27,Male,Divorced,Primary,Employed,83,339123,24,2,0,0.53,1,1,0,1,0.437,Medium,Low_Risk
CUST2764,40,Female,Single,University,Employed,179,140523,13,1,0,0.82,1,1,1,1,0.436,Low,Low_Risk
CUST2876,36,Female,Married,Primary,Employed,139,411917,13,1,0,0.64,3,0,1,1,0.435,Low,Low_Risk
CUST1333,36,Male,Married,Primary,Employed,145,114336,19,1,0,0.53,0,1,0,1,0.435,Medium,Low_Risk
CUST1666,31,Female,Single,Secondary,Employed,162,83261,17,1,0,0.95,1,1,0,1,0.435,Low,Low_Risk
CUST0769,48,Male,Married,University,Employed,148,177664,17,1,0,0.87,2,1,1,1,0.434,Low,Low_Risk
CUST2503,31,Female,Married,University,Employed,129,49027,23,1,0,0.56,1,1,1,1,0.433,Medium,Low_Risk
CUST1849,32,Female,Married,,Employed,140,395835,13,1,0,0.77,2,0,0,1,0.433,Low,Low_Risk
CUST2710,39,Female,Married,Primary,Unemployed,173,44525,16,2,0,0.89,1,1,0,1,0.433,Medium,Low_Risk
CUST1586,35,Male,Single,Secondary,Employed,169,24973,17,4,1,0.67,1,0,1,1,0.432,High,Low_Risk
CUST2290,18,Male,Married,Primary,Employed,83,61961,30,2,0,0.54,0,1,0,1,0.432,High,Low_Risk
CUST1722,40,Male,Single,University,Employed,174,74911,15,1,2,0.93,0,0,0,1,0.432,Low,Low_Risk
CUST1832,45,Female,Single,University,Self-employed,134,45895,22,1,1,0.52,2,0,1,1,0.431,Medium,Low_Risk
CUST0346,24,Female,Married,Secondary,Employed,158,223761,14,3,0,0.7,1,1,0,1,0.431,Medium,Low_Risk
CUST2752,51,Female,Single,Secondary,Employed,156,68080,18,4,0,0.79,1,1,0,1,0.431,High,Low_Risk
CUST2945,39,Male,Single,Secondary,Employed,82,358162,23,1,0,0.82,1,0,0,1,0.43,Medium,Low_Risk
CUST1107,35,Female,Married,Secondary,Employed,157,266094,13,2,0,0.68,0,1,0,1,0.43,Medium,Low_Risk
CUST0628,30,Male,Married,Primary,Employed,167,158269,14,3,0,0.91,1,1,0,1,0.43,Medium,Low_Risk
CUST0060,42,Male,Single,University,Employed,160,115510,16,3,0,0.57,1,1,0,1,0.429,Medium,Low_Risk
CUST2294,24,Male,Divorced,Secondary,Employed,109,294949,20,2,1,0.89,0,1,1,1,0.429,Medium,Low_Risk
CUST0414,45,Male,Single,Primary,Employed,177,125058,13,1,0,0.87,0,0,0,1,0.429,Low,Low_Risk
CUST2710,26,Male,Single,Primary,Employed,136,408615,13,2,0,0.83,1,0,0,1,0.429,Medium,Low_Risk
CUST1987,42,Male,Married,Secondary,Employed,148,68236,19,1,0,0.74,1,1,0,1,0.428,Medium,Low_Risk
CUST2743,45,Male,Divorced,University,Self-employed,119,309845,18,1,0,0.86,1,1,1,1,0.428,Medium,Low_Risk
CUST0607,48,Female,Single,Secondary,Employed,161,145791,15,2,0,0.66,1,1,0,1,0.428,Medium,Low_Risk
CUST0922,22,Male,Married,University,Employed,147,156105,17,3,0,0.63,0,0,0,1,0.427,Medium,Low_Risk
CUST1906,34,Female,Divorced,,Self-employed,154,64020,18,1,0,0.67,3,1,0,1,0.427,Medium,Low_Risk
CUST2785,26,Female,Married,,Self-employed,129,319499,16,3,0,0.88,3,1,0,1,0.427,Medium,Low_Risk
CUST2108,27,Male,Single,Secondary,Employed,116,282450,19,3,0,0.53,0,1,0,1,0.427,Medium,Low_Risk
CUST2751,18,Male,Married,Secondary,Unemployed,112,432535,16,2,0,0.81,0,0,1,1,0.426,Medium,Low_Risk
CUST1481,38,Female,Married,Primary,Self-employed,137,304675,15,4,0,0.65,1,1,0,1,0.426,Medium,Low_Risk
CUST2813,30,Female,Divorced,Primary,Employed,149,137248,17,2,0,0.6,2,0,1,1,0.426,Medium,Low_Risk
CUST2792,46,Male,Married,University,Employed,125,341050,16,2,0,0.83,0,1,1,1,0.425,Medium,Low_Risk
CUST0582,38,Female,Married,Primary,Employed,129,183569,19,4,0,0.53,0,0,1,1,0.425,High,Low_Risk
CUST2133,34,Male,Single,University,Self-employed,153,147502,16,1,0,0.82,4,1,0,1,0.425,Low,Low_Risk
CUST0516,36,Male,Married,Secondary,Unemployed,123,356056,16,2,0,0.65,1,1,0,1,0.425,Medium,Low_Risk
CUST0859,36,Female,Single,Secondary,Self-employed,166,182835,13,2,0,0.78,0,1,0,1,0.424,Medium,Low_Risk
CUST2617,47,Female,Divorced,,Unemployed,146,317088,13,1,0,0.62,0,0,0,1,0.424,Low,Low_Risk
CUST1604,18,Female,Single,Primary,Employed,174,41869,15,1,1,0.92,0,1,0,1,0.424,Low,Low_Risk
CUST2825,18,Male,Married,University,Unemployed,169,33701,16,1,2,0.53,1,0,0,1,0.424,Low,Medium_Risk
CUST2032,49,Male,Married,Secondary,Employed,175,78618,14,4,1,0.66,1,0,1,1,0.424,Medium,Low_Risk
CUST1024,30,Male,Single,Secondary,Employed,150,121898,17,1,0,0.98,2,1,1,1,0.424,Low,Low_Risk
CUST2016,31,Female,Married,Primary,Employed,96,790262,10,1,0,0.84,1,1,1,1,0.424,Low,Low_Risk
CUST1524,31,Male,Single,,Employed,153,13933,19,1,0,0.9,0,1,1,1,0.424,Medium,Low_Risk
CUST0645,31,Female,Married,Secondary,Self-employed,150,75678,18,2,0,0.89,3,1,0,1,0.423,Medium,Low_Risk
CUST2134,24,Female,Married,Primary,Self-employed,113,285142,19,1,0,0.82,1,1,0,1,0.423,Medium,Low_Risk
CUST1802,52,Female,Single,Secondary,Employed,157,106279,16,3,1,0.69,0,0,1,1,0.422,Medium,Low_Risk
CUST1990,28,Female,Married,Secondary,Employed,145,143136,17,3,0,0.6,0,1,0,1,0.421,Medium,Low_Risk
CUST0163,36,Female,Single,Primary,Employed,151,100649,17,3,1,0.53,2,1,0,1,0.421,Medium,Low_Risk
CUST2147,34,Male,Married,Secondary,Employed,139,143749,18,4,0,0.67,2,1,0,1,0.421,High,Low_Risk
CUST1715,33,Female,Single,Primary,Unemployed,174,114845,13,4,0,0.54,1,0,1,1,0.421,Medium,Low_Risk
CUST2054,48,Male,Married,Secondary,Employed,135,213311,17,1,0,0.54,2,1,0,1,0.421,Low,Low_Risk
CUST0017,27,Male,Single,Secondary,Unemployed,170,309093,9,1,0,0.57,3,1,0,1,0.42,Low,Low_Risk
CUST2810,36,Male,Single,Secondary,Self-employed,170,9898,16,1,1,0.58,0,0,1,1,0.42,Low,Low_Risk
CUST0318,36,Female,Single,Secondary,Employed,128,775,23,2,0,0.97,1,1,0,1,0.42,Medium,Low_Risk
CUST0708,35,Male,Single,Secondary,Employed,159,298621,11,1,0,0.55,0,1,0,1,0.42,Low,Low_Risk
CUST1112,20,Male,Single,,Employed,134,87917,20,2,0,0.85,2,0,0,1,0.42,Medium,Low_Risk
CUST0324,45,Male,Married,Primary,Self-employed,162,23308,17,1,0,0.64,1,1,0,1,0.42,Low,Low_Risk
CUST0686,29,Male,Married,Primary,Employed,180,63992,13,1,0,0.67,0,1,0,1,0.419,Low,Low_Risk
CUST0423,27,Female,Single,University,Employed,130,282576,16,3,0,0.65,2,1,0,1,0.419,Medium,Low_Risk
CUST2835,37,Male,Married,Secondary,Unemployed,110,164445,22,3,0,0.9,1,1,0,1,0.419,High,Low_Risk
CUST0921,35,Male,Single,Primary,Employed,146,42012,19,3,0,0.54,1,0,1,1,0.419,Medium,Low_Risk
CUST0828,36,Male,Single,Primary,Employed,149,231134,14,2,0,0.51,2,1,1,1,0.418,Medium,Low_Risk
CUST2773,24,Female,Married,Secondary,Employed,139,216543,16,2,0,0.79,0,1,0,1,0.418,Medium,Low_Risk
CUST1928,23,Male,Single,Secondary,Employed,171,81351,14,2,0,0.8,0,0,0,1,0.418,Medium,Low_Risk
CUST2396,18,Female,Single,Primary,Self-employed,109,381098,17,2,0,0.91,0,0,0,1,0.418,Medium,Low_Risk
CUST1839,40,Female,Single,Secondary,Self-employed,153,71304,17,3,0,0.52,1,0,0,1,0.417,Medium,Low_Risk
CUST0193,39,Female,Married,Secondary,Employed,142,18744,20,2,0,0.97,1,0,0,1,0.417,Medium,Low_Risk
CUST0649,48,Male,Single,Primary,Employed,146,333701,12,1,0,0.7,1,1,1,1,0.417,Low,Low_Risk
CUST1267,40,Male,Single,Secondary,Employed,145,125563,17,1,1,0.91,3,1,1,1,0.417,Low,Medium_Risk
CUST0500,46,Male,Married,Secondary,Employed,149,13182,19,1,0,0.77,0,0,1,1,0.417,Medium,Low_Risk
CUST1063,36,Male,Married,Secondary,Employed,170,295898,9,2,0,0.92,3,0,1,1,0.417,Low,Low_Risk
CUST2576,59,Male,Single,Primary,Self-employed,173,15926,15,1,0,0.79,0,1,1,1,0.416,Low,Low_Risk
CUST2463,56,Male,Married,Primary,Unemployed,117,316420,17,2,0,0.63,1,0,0,1,0.416,Medium,Low_Risk
CUST0153,42,Male,Married,Secondary,Employed,140,371095,12,4,1,0.71,0,1,1,1,0.416,Medium,Low_Risk
CUST2758,25,Female,Married,Primary,Unemployed,129,148952,19,1,0,0.66,0,1,1,1,0.416,Medium,Low_Risk
CUST1869,46,Female,Single,Primary,Employed,171,114115,13,3,0,0.97,2,1,0,1,0.416,Medium,Low_Risk
CUST1325,46,Female,Single,Secondary,Employed,161,50239,16,1,0,0.62,2,0,1,1,0.415,Low,Low_Risk
CUST1082,36,Female,Divorced,Secondary,Employed,178,61577,13,3,0,0.66,1,0,0,1,0.415,Medium,Low_Risk
CUST1833,60,Male,Single,University,Self-employed,180,5052,14,2,1,0.85,1,1,0,1,0.415,Medium,Low_Risk
CUST2596,44,Male,Divorced,Secondary,Self-employed,137,44512,20,2,0,0.99,2,1,0,1,0.415,Medium,Low_Risk
CUST1581,41,Male,Married,University,Employed,148,56039,18,2,1,0.58,3,1,0,1,0.415,Medium,Medium_Risk
CUST2922,36,Male,Married,University,Self-employed,159,149754,14,1,0,0.85,0,1,0,1,0.415,Low,Low_Risk
CUST0419,32,Female,Single,University,Employed,144,121474,17,2,0,0.65,2,0,0,1,0.414,Medium,Low_Risk
CUST1022,32,Female,Single,University,Self-employed,137,255952,15,1,0,0.99,2,1,0,1,0.414,Low,Low_Risk
CUST1334,63,Female,Divorced,Primary,Employed,73,738875,14,1,0,0.54,3,1,0,1,0.414,Low,Low_Risk
CUST0100,30,Female,Married,Primary,Employed,158,68456,16,4,0,0.58,2,0,0,1,0.414,Medium,Low_Risk
CUST2330,35,Male,Single,Secondary,Employed,142,347389,12,1,0,0.85,1,0,0,1,0.414,Low,Low_Risk
CUST0327,42,Female,Single,Primary,Employed,161,131399,14,1,0,0.93,0,1,0,1,0.414,Low,Low_Risk
CUST1134,30,Male,Married,Secondary,Self-employed,155,253361,12,1,0,0.86,2,1,1,1,0.413,Low,Low_Risk
CUST1080,55,Female,Married,Secondary,Self-employed,137,82264,19,1,1,0.8,0,1,0,1,0.413,Medium,Low_Risk
CUST2339,37,Female,Married,Secondary,Self-employed,128,225951,17,2,0,0.67,0,1,0,1,0.413,Medium,Low_Risk
CUST1994,42,Female,Single,Primary,Employed,162,163887,13,1,0,0.52,0,0,0,1,0.413,Low,Low_Risk
CUST0799,41,Male,Single,Secondary,Employed,161,500,17,1,1,0.57,1,1,0,1,0.413,Low,Low_Risk
CUST0234,40,Male,Married,Secondary,Employed,155,171347,14,1,0,0.87,1,1,1,1,0.413,Low,Low_Risk
CUST0894,52,Male,Married,University,Self-employed,141,266673,14,3,0,0.91,2,0,1,1,0.413,Medium,Low_Risk
CUST0062,31,Female,Divorced,Primary,Unemployed,93,470604,17,2,1,0.77,1,1,0,1,0.413,Medium,Low_Risk
CUST1900,49,Female,Married,University,Employed,134,183783,17,4,0,0.52,1,1,0,1,0.412,High,Low_Risk
CUST1949,34,Male,Married,Primary,Employed,141,132464,17,4,0,0.58,1,1,1,1,0.412,High,Low_Risk
CUST0147,36,Male,Single,Primary,Employed,118,547304,11,1,1,0.77,1,1,1,1,0.412,Low,Low_Risk
CUST1832,45,Male,Single,Primary,Employed,145,19957,19,1,0,0.83,1,1,0,1,0.412,Medium,Low_Risk
CUST1602,19,Female,Married,Primary,Self-employed,129,172529,18,1,0,0.64,2,0,0,1,0.412,Medium,Low_Risk
CUST1337,39,Female,Married,Secondary,Employed,174,31406,14,3,0,0.98,4,0,0,1,0.411,Medium,Low_Risk
CUST0528,48,Male,Married,University,Self-employed,102,265091,20,2,0,0.93,2,1,1,1,0.41,Medium,Low_Risk
CUST1622,32,Female,Single,University,Unemployed,129,39954,21,1,0,0.51,0,1,0,1,0.41,Medium,Low_Risk
CUST2810,39,Female,Single,University,Self-employed,130,158720,18,4,1,0.76,1,1,0,1,0.41,High,Low_Risk
CUST2648,18,Female,Single,Primary,Employed,136,329830,13,4,0,0.72,3,1,1,1,0.41,Medium,Low_Risk
CUST1632,46,Female,Married,Secondary,Employed,176,95620,12,2,1,0.62,1,0,0,1,0.41,Low,Low_Risk
CUST0362,33,Female,Married,University,Employed,98,337950,19,2,0,0.91,2,1,0,1,0.41,Medium,Low_Risk
CUST2369,30,Male,Single,Secondary,Employed,136,160139,17,2,0,0.61,5,1,0,1,0.41,Medium,Medium_Risk
CUST1850,38,Male,Married,,Employed,176,6412,14,2,0,0.75,0,1,0,1,0.409,Medium,Low_Risk
CUST0361,26,Male,Divorced,Primary,Employed,140,173046,16,2,0,0.85,2,0,0,1,0.409,Medium,Low_Risk
CUST2352,29,Female,Single,Secondary,Self-employed,137,147810,17,1,0,0.7,1,1,1,1,0.409,Low,Low_Risk
CUST2331,58,Female,Married,Primary,Employed,109,337946,17,1,0,0.61,0,1,1,1,0.408,Low,Low_Risk
CUST2131,47,Female,Married,Primary,Self-employed,165,78365,14,4,0,0.89,1,0,0,1,0.408,Medium,Low_Risk
CUST0105,42,Male,Married,Primary,Employed,151,178040,14,4,0,0.52,0,0,0,1,0.408,Medium,Low_Risk
CUST2846,35,Female,Married,Secondary,Employed,161,22842,16,1,0,0.58,2,1,1,1,0.408,Low,Low_Risk
CUST1322,35,Male,Married,Primary,Self-employed,130,194180,17,2,0,0.52,1,0,1,1,0.408,Medium,Low_Risk
CUST0076,42,Male,Married,Secondary,Self-employed,156,10158,17,3,3,0.87,0,0,0,1,0.407,Medium,Medium_Risk
CUST0977,39,Male,Married,Secondary,Employed,121,125218,20,1,0,0.56,5,0,0,1,0.407,Medium,Medium_Risk
CUST1043,24,Male,Single,University,Employed,175,51536,13,2,0,0.63,1,0,0,1,0.407,Medium,Low_Risk
CUST2346,33,Female,Married,Secondary,Unemployed,176,86885,12,1,0,0.99,1,1,1,1,0.407,Low,Low_Risk
CUST0144,18,Female,Single,University,Employed,159,32104,16,2,2,0.9,0,0,0,1,0.407,Medium,Low_Risk
CUST0273,34,Male,Married,University,Self-employed,131,54550,20,1,0,0.69,0,1,0,1,0.407,Medium,Low_Risk
CUST2589,37,Male,Single,Secondary,Employed,167,17285,15,1,0,0.77,3,1,0,1,0.406,Low,Low_Risk
CUST1068,23,Male,Single,Primary,Employed,130,356240,13,1,1,0.52,0,1,0,1,0.406,Low,Low_Risk
CUST0370,31,Male,Married,Secondary,Self-employed,133,36365,20,2,0,0.53,1,0,0,1,0.406,Medium,Low_Risk
CUST2089,34,Male,Married,Secondary,Unemployed,139,121337,17,2,0,0.84,1,1,1,1,0.406,Medium,Low_Risk
CUST2243,42,Male,Married,Secondary,Unemployed,145,38614,18,1,0,0.5,2,1,0,1,0.406,Medium,Low_Risk
CUST0932,34,Male,Single,Primary,Employed,140,287771,13,1,0,0.51,0,1,1,1,0.406,Low,Low_Risk
CUST0015,31,Male,Married,Secondary,Self-employed,151,294535,11,2,1,0.6,1,0,0,1,0.406,Low,Low_Risk
CUST0357,47,Female,Single,Primary,Employed,76,552038,17,1,1,0.65,2,0,0,1,0.405,Low,Low_Risk
CUST0523,43,Female,Single,University,Unemployed,137,3987,20,2,0,0.85,2,0,0,1,0.405,Medium,Low_Risk
CUST1892,34,Female,Single,Primary,Employed,134,24527,20,2,0,0.94,2,1,0,1,0.405,Medium,Low_Risk
CUST2196,38,Female,Married,Secondary,Self-employed,107,383093,16,4,1,0.77,2,0,0,1,0.405,Medium,Low_Risk
CUST1580,39,Male,Single,University,Employed,179,57311,12,1,0,0.95,0,1,0,1,0.405,Low,Low_Risk
CUST1265,38,Female,Married,University,Employed,159,66425,15,1,0,0.6,1,0,0,1,0.405,Low,Low_Risk
CUST2008,41,Female,Single,Secondary,Self-employed,117,349643,15,2,0,0.63,1,1,0,1,0.404,Medium,Low_Risk
CUST0529,32,Female,Single,Secondary,Employed,173,92422,12,1,0,0.92,1,1,0,1,0.404,Low,Low_Risk
CUST2313,27,Male,Married,Primary,Employed,164,153396,12,2,0,0.89,0,1,1,1,0.403,Low,Low_Risk
CUST0951,34,Male,Single,University,Employed,158,66899,15,1,0,0.79,2,1,0,1,0.403,Low,Low_Risk
CUST2315,25,Male,Divorced,Secondary,Self-employed,105,473735,14,3,0,0.84,1,0,0,1,0.403,Medium,Low_Risk
CUST1023,18,Female,Divorced,University,Unemployed,142,5557,19,2,0,0.96,0,1,0,1,0.403,Medium,Low_Risk
CUST0597,36,Female,Married,University,Employed,155,255523,11,1,0,0.7,1,1,0,1,0.403,Low,Low_Risk
CUST1601,48,Male,Married,University,Employed,154,136327,14,1,0,0.81,3,0,0,1,0.403,Low,Low_Risk
CUST1650,42,Male,Married,Secondary,Employed,163,113248,13,1,0,0.93,2,0,0,1,0.402,Low,Low_Risk
CUST1926,40,Male,Married,,Employed,93,593791,13,1,0,0.57,2,1,0,1,0.402,Low,Low_Risk
CUST2279,34,Male,Single,Primary,Employed,77,365604,21,1,0,0.88,1,1,0,1,0.402,Medium,Low_Risk
CUST0275,38,Female,Married,University,Unemployed,165,183286,11,1,1,0.75,2,1,0,1,0.402,Low,Low_Risk
CUST2220,18,Female,Married,Secondary,Employed,143,117278,16,1,0,0.87,2,0,0,1,0.401,Low,Low_Risk
CUST0318,59,Female,Married,University,Employed,92,298363,20,1,1,0.65,2,1,0,1,0.401,Medium,Low_Risk
CUST0729,52,Female,Divorced,Secondary,Self-employed,124,291322,15,2,0,0.95,0,1,0,1,0.401,Medium,Low_Risk
CUST1688,32,Female,Single,Secondary,Employed,117,338657,15,4,0,0.98,1,1,0,1,0.401,Medium,Low_Risk
CUST2637,38,Male,Single,Secondary,Employed,129,170410,17,3,0,0.54,1,1,0,1,0.401,Medium,Low_Risk
CUST0886,32,Female,Married,Secondary,Employed,147,6830,18,4,0,0.82,2,1,1,1,0.401,High,Low_Risk
CUST1066,40,Female,Single,,Unemployed,129,88061,19,2,0,0.83,4,1,0,1,0.401,Medium,Low_Risk
CUST0052,22,Male,Single,University,Employed,143,73408,17,4,0,0.63,1,0,1,1,0.401,High,Low_Risk
CUST2277,36,Female,Married,Primary,Unemployed,176,141931,10,2,0,0.51,4,0,0,1,0.4,Low,Low_Risk
CUST1927,38,Female,Divorced,Primary,Self-employed,125,68842,20,2,2,0.7,2,1,0,1,0.4,Medium,Medium_Risk
CUST1655,29,Male,Divorced,University,Employed,161,201118,11,2,0,0.64,2,0,0,1,0.4,Low,Low_Risk
CUST0961,38,Female,Married,Secondary,Employed,119,67320,21,3,0,0.98,0,0,0,1,0.4,Medium,Low_Risk
CUST0916,34,Male,Married,Secondary,Self-employed,142,35519,18,1,0,0.73,0,1,1,1,0.4,Medium,Low_Risk
CUST1297,37,Male,Single,Secondary,Employed,86,591352,14,4,1,0.76,1,0,0,1,0.4,Medium,Low_Risk
CUST0357,38,Female,Married,Secondary,Employed,165,2876,15,1,1,0.57,2,1,0,1,0.4,Low,Low_Risk
CUST0427,20,Female,Married,Secondary,Self-employed,157,11752,16,2,0,0.77,3,0,1,1,0.399,Medium,Low_Risk
CUST0159,43,Male,Married,Primary,Employed,104,121197,22,3,0,0.67,2,1,0,1,0.399,High,Low_Risk
CUST0457,28,Male,Married,,Employed,109,258707,18,2,0,0.88,2,1,0,1,0.399,Medium,Low_Risk
CUST2704,42,Female,Divorced,,Employed,141,249166,13,2,0,0.63,0,0,0,1,0.399,Medium,Low_Risk
CUST0087,42,Male,Married,Secondary,Employed,127,93110,19,2,0,0.94,0,1,0,1,0.399,Medium,Low_Risk
CUST1854,36,Male,Married,Secondary,Employed,161,237968,10,2,0,0.58,1,1,0,1,0.398,Low,Low_Risk
CUST2781,37,Male,Single,Primary,Self-employed,82,524447,16,3,0,0.6,1,1,1,1,0.398,Medium,Low_Risk
CUST2786,18,Male,Divorced,University,Employed,169,10289,14,3,0,0.98,0,1,0,1,0.398,Medium,Low_Risk
CUST2624,44,Male,Single,Secondary,Self-employed,160,158550,12,3,0,0.83,2,1,0,1,0.398,Medium,Low_Risk
CUST2552,26,Male,Divorced,Secondary,Employed,47,342986,26,4,0,0.68,0,0,0,1,0.398,High,Low_Risk
CUST0999,39,Male,Married,Secondary,Self-employed,99,367853,17,2,0,0.84,2,1,0,1,0.398,Medium,Low_Risk
CUST2167,55,Male,Single,Secondary,Self-employed,163,51461,14,1,0,0.97,3,0,0,1,0.398,Low,Low_Risk
CUST0991,44,Female,Married,Secondary,Employed,169,52746,13,2,1,0.69,2,1,0,1,0.398,Medium,Low_Risk
CUST0907,39,Male,Married,Secondary,Unemployed,170,172822,10,1,0,0.64,1,1,0,1,0.398,Low,Low_Risk
CUST0684,31,Male,Single,Primary,Employed,144,138085,15,2,1,0.86,1,1,0,1,0.397,Medium,Low_Risk
CUST1754,36,Female,Single,Primary,Unemployed,112,100315,21,2,0,0.82,3,1,0,1,0.397,Medium,Low_Risk
CUST1052,38,Male,Married,Primary,Employed,165,119325,12,1,0,0.81,1,1,0,1,0.397,Low,Low_Risk
CUST2800,19,Male,Single,Primary,Employed,154,106808,14,1,0,0.78,1,0,0,1,0.396,Low,Low_Risk
CUST0333,43,Female,Single,Primary,Employed,120,127874,19,1,0,0.56,2,1,1,1,0.396,Medium,Low_Risk
CUST1488,47,Female,Married,Primary,Employed,150,176689,13,1,0,0.68,0,1,0,1,0.396,Low,Low_Risk
CUST0002,22,Female,Married,Secondary,Employed,162,262482,9,1,0,0.57,0,0,1,1,0.396,Low,Low_Risk
CUST0668,63,Male,Single,Primary,Employed,143,97611,16,3,0,0.5,1,1,0,1,0.396,Medium,Low_Risk
CUST0230,44,Female,Single,Secondary,Employed,178,69496,11,1,0,0.61,2,1,0,1,0.396,Low,Low_Risk
CUST2300,40,Female,Single,Primary,Employed,113,262833,17,3,0,0.62,0,0,0,1,0.396,Medium,Low_Risk
CUST0915,38,Female,Single,,Employed,145,40247,17,3,0,0.81,0,1,0,1,0.396,Medium,Low_Risk
CUST1073,33,Female,Single,Secondary,Employed,87,354817,19,1,0,0.71,1,1,0,1,0.396,Medium,Low_Risk
CUST1186,36,Male,Divorced,Primary,Self-employed,134,72192,18,1,0,0.95,1,1,0,1,0.396,Medium,Low_Risk
CUST2373,20,Female,Married,Secondary,Unemployed,119,259432,16,3,0,0.75,2,0,0,1,0.395,Medium,Low_Risk
CUST0511,27,Male,Married,University,Employed,145,35682,17,2,1,0.54,1,0,0,1,0.395,Medium,Low_Risk
CUST0147,39,Female,Married,Primary,Unemployed,168,5875,14,1,0,0.93,1,0,0,1,0.395,Low,Low_Risk
CUST0672,22,Female,Married,Primary,Employed,130,54098,19,3,1,0.72,3,1,0,1,0.395,Medium,Medium_Risk
CUST0924,40,Male,Single,University,Employed,119,337775,14,2,0,0.78,0,0,0,1,0.394,Medium,Low_Risk
CUST0925,35,Female,Married,University,Employed,155,46935,15,1,0,0.6,3,1,0,1,0.394,Low,Low_Risk
CUST2429,54,Female,Divorced,,Self-employed,156,84365,14,3,0,0.54,0,1,0,1,0.394,Medium,Low_Risk
CUST1356,25,Male,Single,Primary,Employed,138,79637,17,1,1,0.61,1,1,0,1,0.394,Low,Low_Risk
CUST0121,22,Female,Married,Primary,Employed,120,120480,19,1,0,0.67,2,0,0,1,0.394,Medium,Low_Risk
CUST2823,51,Male,Married,Secondary,Employed,161,8914,15,1,0,0.58,3,1,1,1,0.394,Low,Low_Risk
CUST2839,60,Male,Single,Primary,Employed,151,162167,13,1,1,0.51,0,1,0,1,0.394,Low,Low_Risk
CUST1843,24,Female,Single,Secondary,Self-employed,119,212886,17,3,0,0.94,0,0,0,1,0.394,Medium,Low_Risk
CUST2646,37,Female,Single,Primary,Employed,159,150654,12,2,0,0.51,2,0,1,1,0.394,Low,Low_Risk
CUST1146,36,Male,Single,Secondary,Employed,139,326205,11,2,0,0.88,1,0,0,1,0.393,Low,Low_Risk
CUST1316,20,Female,Single,Secondary,Employed,130,174279,16,2,0,0.69,1,1,1,1,0.393,Medium,Low_Risk
CUST1113,39,Female,Divorced,University,Employed,114,70932,21,1,0,0.75,2,1,0,1,0.393,Medium,Low_Risk
CUST2606,31,Male,Divorced,,Employed,87,130516,24,1,0,0.87,2,1,1,1,0.393,Medium,Low_Risk
CUST1250,55,Female,Married,Primary,Employed,166,95060,12,1,0,0.96,2,1,0,1,0.393,Low,Low_Risk
CUST0892,34,Female,Married,Primary,Self-employed,85,270873,21,4,2,0.67,4,0,0,1,0.393,High,Medium_Risk
CUST1569,46,Male,Married,Secondary,Employed,157,70087,14,2,1,0.8,0,1,1,1,0.392,Medium,Low_Risk
CUST2117,18,Male,Married,Primary,Self-employed,114,67106,21,1,0,0.66,3,1,1,1,0.392,Medium,Low_Risk
CUST0506,50,Female,Single,Secondary,Unemployed,165,225402,9,2,0,0.9,2,0,0,1,0.392,Low,Low_Risk
CUST2574,46,Male,Married,Secondary,Self-employed,98,92709,23,4,1,0.73,2,1,0,1,0.392,High,Low_Risk
CUST0633,45,Female,Married,Primary,Employed,137,123199,16,2,0,0.62,2,1,0,1,0.392,Medium,Low_Risk
CUST2149,26,Female,Married,Secondary,Employed,117,388203,13,1,0,0.98,2,1,1,1,0.392,Low,Low_Risk
CUST0856,47,Male,Single,Primary,Employed,136,41105,18,2,0,0.55,1,0,1,1,0.391,Medium,Low_Risk
CUST1446,44,Female,Single,Secondary,Employed,125,157265,17,2,0,0.91,4,0,0,1,0.391,Medium,Low_Risk
CUST2970,53,Female,Married,Secondary,Employed,125,201984,16,2,0,0.63,1,0,1,1,0.391,Medium,Low_Risk
CUST1349,49,Male,Married,Secondary,Self-employed,99,250112,19,2,0,0.92,0,1,1,1,0.391,Medium,Low_Risk
CUST2779,45,Male,Single,Secondary,Self-employed,136,39371,18,2,1,0.99,2,0,1,1,0.391,Medium,Low_Risk
CUST2417,38,Male,Single,Primary,Employed,149,206351,12,1,1,0.69,0,0,0,1,0.391,Low,Low_Risk
CUST0214,38,Male,Single,University,Employed,140,183268,14,2,0,0.68,2,0,0,1,0.391,Medium,Low_Risk
CUST2811,50,Male,Divorced,Secondary,Employed,147,219049,12,1,0,0.9,1,0,0,1,0.391,Low,Low_Risk
CUST0643,35,Male,Single,Primary,Employed,147,130504,14,1,0,0.79,2,1,1,1,0.39,Low,Low_Risk
CUST2275,35,Female,Divorced,University,Employed,149,243645,11,2,1,0.97,1,0,0,1,0.39,Low,Low_Risk
CUST2204,34,Male,Married,Secondary,Employed,5,767063,22,2,0,0.8,2,0,1,1,0.39,Medium,Low_Risk
CUST0619,49,Female,Single,Secondary,Self-employed,113,193362,18,3,0,0.84,0,1,0,1,0.39,Medium,Low_Risk
CUST0375,45,Male,Single,Primary,Employed,143,116573,15,3,0,0.9,0,1,1,1,0.39,Medium,Low_Risk
CUST2257,32,Male,Married,Primary,Unemployed,126,102651,18,2,2,0.78,1,1,0,1,0.39,Medium,Medium_Risk
CUST1237,41,Female,Divorced,Secondary,Employed,97,50282,24,2,0,0.79,3,1,0,1,0.39,Medium,Low_Risk
CUST2517,25,Male,Single,Secondary,Employed,139,53036,17,2,1,0.67,3,0,1,1,0.389,Medium,Medium_Risk
CUST0795,27,Male,Single,Secondary,Employed,114,310139,15,3,1,0.82,2,0,0,1,0.389,Medium,Low_Risk
CUST0337,18,Female,Married,Primary,Employed,63,491881,19,3,1,0.71,3,1,1,1,0.389,Medium,Medium_Risk
CUST0644,40,Male,Married,University,Employed,72,6115,29,2,0,0.51,1,1,0,1,0.389,High,Low_Risk
CUST0374,27,Female,Married,Primary,Employed,140,129222,15,3,0,0.77,3,1,0,1,0.388,Medium,Low_Risk
CUST0433,39,Male,Single,Secondary,Self-employed,42,632102,19,3,0,0.52,2,1,0,1,0.388,Medium,Low_Risk
CUST0965,43,Female,Married,University,Self-employed,156,189174,11,2,0,0.98,1,1,1,1,0.388,Low,Low_Risk
CUST2797,37,Male,Divorced,Secondary,Employed,118,362486,13,2,0,0.94,0,0,0,1,0.388,Medium,Low_Risk
CUST2018,31,Male,Divorced,Secondary,Employed,132,53922,18,3,0,0.51,0,1,0,1,0.388,Medium,Low_Risk
CUST0090,26,Female,Divorced,Secondary,Unemployed,119,146445,18,1,0,0.55,1,1,0,1,0.388,Medium,Low_Risk
CUST0355,32,Male,Single,Primary,Employed,165,35678,13,2,0,0.99,2,0,1,1,0.387,Medium,Low_Risk
CUST0938,31,Female,Divorced,Secondary,Employed,155,63403,14,2,0,0.56,3,1,0,1,0.387,Medium,Low_Risk
CUST1794,31,Male,Single,Primary,Employed,102,554987,11,1,0,0.77,2,1,0,1,0.387,Low,Low_Risk
CUST2724,37,Male,Single,University,Employed,107,263990,17,1,0,0.78,0,0,1,1,0.387,Low,Low_Risk
CUST0792,53,Male,Single,Secondary,Employed,146,81355,15,2,0,0.98,0,1,0,1,0.387,Medium,Low_Risk
CUST0721,44,Male,Married,Secondary,Employed,136,152630,15,4,1,0.86,5,0,0,1,0.387,Medium,Medium_Risk
CUST2792,55,Female,Married,Primary,Employed,142,24326,17,2,0,0.83,0,0,0,1,0.387,Medium,Low_Risk
CUST2169,18,Male,Married,Primary,Employed,125,269252,14,2,0,0.72,1,1,1,1,0.387,Medium,Low_Risk
CUST0646,37,Male,Married,Primary,Employed,155,59791,14,4,1,0.62,1,1,0,1,0.386,Medium,Low_Risk
CUST1893,39,Male,Married,Primary,Unemployed,120,172570,17,1,0,0.93,3,1,0,1,0.386,Low,Low_Risk
CUST0277,35,Female,Single,University,Employed,173,19100,12,1,0,0.84,0,1,1,1,0.386,Low,Low_Risk
CUST1070,31,Female,Single,Primary,Employed,114,86976,20,3,0,0.71,4,1,0,1,0.386,Medium,Low_Risk
CUST2672,27,Male,Married,,Employed,144,50119,16,3,1,0.66,0,1,0,1,0.386,Medium,Low_Risk
CUST0528,23,Male,Married,,Employed,119,218798,16,1,0,0.77,0,0,0,1,0.385,Low,Low_Risk
CUST1324,42,Female,Single,University,Employed,47,374515,24,2,1,0.9,0,1,0,1,0.385,Medium,Low_Risk
CUST0785,38,Male,Divorced,Primary,Self-employed,147,150711,13,3,0,0.72,1,1,0,1,0.385,Medium,Low_Risk
CUST0863,29,Male,Married,,Self-employed,138,129137,15,3,1,0.62,1,0,0,1,0.385,Medium,Low_Risk
CUST2947,20,Male,Single,Secondary,Employed,50,352162,24,2,0,0.52,1,0,0,1,0.385,Medium,Low_Risk
CUST0201,38,Female,Married,Secondary,Employed,127,117641,17,2,1,0.81,1,1,1,1,0.385,Medium,Low_Risk
CUST1726,43,Male,Married,University,Self-employed,167,14687,13,2,1,0.58,3,0,1,1,0.385,Medium,Medium_Risk
CUST1470,41,Male,Married,Primary,Self-employed,159,154927,11,3,0,0.99,1,1,0,1,0.385,Medium,Low_Risk
CUST1737,35,Female,Married,University,Unemployed,146,28933,16,1,0,0.59,1,1,0,1,0.384,Low,Low_Risk
CUST1551,40,Male,Single,University,Self-employed,82,339344,19,1,0,0.72,1,1,0,1,0.384,Medium,Low_Risk
CUST1227,29,Male,Single,Primary,Employed,137,47302,17,1,0,0.56,4,1,1,1,0.384,Low,Low_Risk
CUST0964,40,Male,Married,Primary,Employed,98,568391,11,1,1,0.8,3,1,0,1,0.384,Low,Medium_Risk
CUST0896,30,Female,Divorced,University,Employed,151,34809,15,2,0,0.93,0,0,0,1,0.384,Medium,Low_Risk
CUST2786,21,Male,Married,Primary,Employed,116,19659,21,3,0,0.98,2,1,0,1,0.384,Medium,Low_Risk
CUST2094,42,Male,Single,University,Employed,139,162028,14,4,0,0.7,2,1,1,1,0.384,Medium,Low_Risk
CUST1299,33,Male,Single,,Employed,137,4752,18,4,0,0.71,1,1,0,1,0.384,High,Low_Risk
CUST0814,34,Male,Married,University,Employed,143,172181,13,1,0,0.78,1,1,0,1,0.383,Low,Low_Risk
CUST1973,50,Male,Married,Secondary,Self-employed,37,899628,13,1,0,0.69,1,1,1,1,0.383,Low,Low_Risk
CUST1325,38,Male,Single,Secondary,Self-employed,163,34900,13,1,0,0.77,3,0,1,1,0.383,Low,Low_Risk
CUST1429,38,Male,Married,Secondary,Self-employed,179,8972,11,3,0,0.85,1,0,0,1,0.383,Medium,Low_Risk
CUST2294,34,Male,Married,Secondary,Employed,104,15408,23,2,1,0.73,1,1,1,1,0.383,Medium,Low_Risk
CUST2938,52,Male,Single,Primary,Employed,172,225863,7,1,0,0.93,0,1,0,1,0.383,Low,Low_Risk
CUST0137,43,Female,Married,Secondary,Unemployed,173,46469,11,1,0,0.78,1,0,0,1,0.382,Low,Low_Risk
CUST1486,28,Male,Married,University,Employed,57,545430,18,4,0,0.85,1,0,0,1,0.382,High,Low_Risk
CUST0193,19,Female,Divorced,Secondary,Unemployed,138,158256,14,2,1,0.57,1,1,1,1,0.382,Medium,Low_Risk
CUST0552,40,Male,Married,University,Employed,156,77329,13,1,1,0.63,0,0,0,1,0.382,Low,Low_Risk
CUST1937,28,Female,Married,University,Unemployed,133,61410,17,2,2,0.67,3,1,0,1,0.381,Medium,Medium_Risk
CUST1809,20,Male,Married,Secondary,Employed,139,275004,11,2,0,0.81,4,1,0,1,0.381,Low,Low_Risk
CUST1883,58,Male,Single,Secondary,Employed,115,15376,21,3,0,0.56,3,1,1,1,0.381,Medium,Low_Risk
CUST1516,31,Female,Married,Secondary,Self-employed,79,432733,17,1,0,0.97,2,0,1,1,0.381,Low,Low_Risk
CUST1678,28,Female,Divorced,University,Unemployed,134,97977,16,1,0,0.58,1,1,0,1,0.381,Low,Low_Risk
CUST1096,34,Male,Single,University,Self-employed,91,134433,22,2,0,0.89,1,1,0,1,0.38,Medium,Low_Risk
CUST1662,35,Male,Married,Primary,Employed,121,13066,20,1,0,0.91,1,0,1,1,0.38,Medium,Low_Risk
CUST2741,23,Female,Married,Secondary,Unemployed,146,9432,16,2,0,0.63,1,1,0,1,0.38,Medium,Low_Risk
CUST0947,35,Male,Married,Primary,Self-employed,145,189270,12,1,0,0.73,1,1,1,1,0.38,Low,Low_Risk
CUST2056,37,Female,Single,University,Self-employed,117,294252,14,1,0,0.78,2,1,0,1,0.38,Low,Low_Risk
CUST0712,36,Female,Single,University,Employed,157,227522,9,4,0,0.81,2,0,1,1,0.379,Medium,Low_Risk
CUST1609,26,Female,Divorced,University,Employed,135,39364,17,1,0,0.81,1,1,1,1,0.379,Low,Low_Risk
CUST1351,43,Female,Divorced,Secondary,Self-employed,149,28630,15,3,0,0.62,2,1,0,1,0.379,Medium,Low_Risk
CUST2486,26,Female,Married,Primary,Unemployed,113,21091,21,3,1,0.51,0,0,1,1,0.379,Medium,Low_Risk
CUST0269,41,Female,Divorced,,Employed,134,2770,18,2,1,0.53,2,0,0,1,0.379,Medium,Low_Risk
CUST1658,29,Female,Married,Primary,Self-employed,108,177844,18,3,0,0.81,2,0,0,1,0.378,Medium,Low_Risk
CUST2365,38,Male,Married,University,Employed,154,32357,14,1,0,0.87,0,1,1,1,0.378,Low,Low_Risk
CUST1726,50,Male,Single,,Employed,121,217301,15,3,0,0.72,1,1,0,1,0.378,Medium,Low_Risk
CUST0547,41,Male,Married,University,Self-employed,119,145671,17,1,0,0.56,0,1,1,1,0.378,Low,Low_Risk
CUST0348,52,Female,Single,Secondary,Employed,116,377316,12,1,0,0.82,1,1,0,1,0.378,Low,Low_Risk
CUST1246,44,Male,Single,Primary,Employed,98,76338,22,1,0,0.63,2,1,1,1,0.378,Medium,Low_Risk
CUST0982,42,Male,Married,Primary,Self-employed,40,691441,17,3,0,0.72,0,1,1,1,0.378,Medium,Low_Risk
CUST0728,31,Male,Married,Secondary,Employed,168,63925,11,2,1,0.85,0,1,0,1,0.378,Low,Low_Risk
CUST0387,34,Male,Married,Secondary,Self-employed,147,162601,12,1,0,0.89,1,1,1,1,0.377,Low,Low_Risk
CUST2641,36,Female,Married,University,Employed,20,780610,18,1,0,0.88,1,1,0,1,0.377,Medium,Low_Risk
CUST1578,42,Female,Married,Primary,Employed,147,120526,13,2,0,0.58,1,0,1,1,0.377,Medium,Low_Risk
CUST2146,31,Male,Married,University,Employed,160,28180,13,2,1,0.73,0,1,0,1,0.377,Medium,Low_Risk
CUST1940,25,Female,Single,Secondary,Self-employed,168,100860,10,1,0,0.96,2,1,0,1,0.377,Low,Low_Risk
CUST2910,43,Male,Married,University,Employed,153,163266,11,2,0,0.8,2,1,0,1,0.377,Low,Low_Risk
CUST1454,44,Male,Married,Secondary,Employed,126,179404,15,2,1,0.59,1,0,1,1,0.377,Medium,Low_Risk
CUST1889,35,Female,Single,Secondary,Employed,124,62673,18,3,0,0.63,1,1,1,1,0.376,Medium,Low_Risk
CUST2162,27,Female,Married,Primary,Employed,131,12227,18,1,0,0.96,2,1,1,1,0.376,Medium,Low_Risk
CUST0708,18,Male,Single,Primary,Unemployed,94,53129,23,1,0,0.54,2,0,1,1,0.376,Medium,Low_Risk
CUST0443,40,Female,Married,Secondary,Self-employed,117,110887,18,1,0,0.74,1,1,1,1,0.376,Medium,Low_Risk
CUST1370,37,Male,Married,Secondary,Employed,71,381780,19,2,0,0.73,0,1,1,1,0.376,Medium,Low_Risk
CUST2765,29,Female,Single,Secondary,Employed,120,87910,18,1,0,0.73,3,0,0,1,0.376,Medium,Low_Risk
CUST1204,19,Male,Single,,Employed,138,5058,17,3,0,0.55,0,1,0,1,0.376,Medium,Low_Risk
CUST1656,31,Female,Married,Secondary,Self-employed,118,97928,18,1,2,0.94,0,1,0,1,0.375,Medium,Low_Risk
CUST2056,52,Female,Single,,Self-employed,96,122521,21,2,1,0.95,0,1,0,1,0.375,Medium,Low_Risk
CUST0009,52,Female,Single,,Unemployed,127,36069,18,2,0,0.74,1,1,0,1,0.375,Medium,Low_Risk
CUST0613,44,Male,Married,Secondary,Employed,84,333736,18,3,0,0.84,1,1,0,1,0.375,Medium,Low_Risk
CUST2994,24,Male,Single,Primary,Employed,132,129309,15,4,0,0.8,1,0,0,1,0.375,Medium,Low_Risk
CUST0988,39,Female,Single,,Employed,145,83941,14,3,0,0.58,2,1,0,1,0.375,Medium,Low_Risk
CUST0686,24,Female,Single,Secondary,Employed,115,290747,14,3,1,0.78,0,1,1,1,0.375,Medium,Low_Risk
CUST1827,39,Male,Single,Secondary,Employed,138,87517,15,1,0,0.62,2,1,0,1,0.375,Low,Low_Risk
CUST2585,37,Male,Single,University,Self-employed,129,107628,16,1,0,0.62,0,1,0,1,0.375,Low,Low_Risk
CUST2324,34,Female,Married,University,Employed,125,220090,14,2,1,0.71,1,1,1,1,0.375,Medium,Low_Risk
CUST1175,32,Male,Single,Secondary,Employed,116,68893,19,3,0,0.95,2,1,1,1,0.375,Medium,Low_Risk
CUST2202,44,Male,Single,Primary,Employed,157,338606,6,3,0,0.64,0,1,0,1,0.375,Low,Low_Risk
CUST1927,34,Female,Divorced,Secondary,Employed,162,3438,13,1,0,0.59,1,1,0,1,0.374,Low,Low_Risk
CUST0218,25,Female,Married,Primary,Employed,130,138463,15,1,0,0.95,3,0,0,1,0.374,Low,Low_Risk
CUST0408,18,Female,Divorced,Secondary,Self-employed,115,115227,18,2,0,0.88,1,0,0,1,0.374,Medium,Low_Risk
CUST1547,41,Male,Married,Secondary,Employed,159,280881,7,1,0,0.72,0,1,1,1,0.374,Low,Low_Risk
CUST1871,41,Female,Single,Secondary,Employed,92,315059,17,1,0,0.96,0,1,0,1,0.374,Low,Low_Risk
CUST0958,38,Female,Married,Secondary,Employed,70,383377,19,1,0,0.9,0,1,0,1,0.374,Medium,Low_Risk
CUST1005,32,Male,Married,Secondary,Employed,92,144058,21,2,2,0.52,3,1,1,1,0.374,Medium,Medium_Risk
CUST1532,28,Male,Married,University,Employed,117,60058,19,4,0,0.66,1,1,0,1,0.374,High,Low_Risk
CUST1220,52,Male,Married,Secondary,Employed,113,500,21,1,0,0.66,2,0,1,1,0.374,Medium,Low_Risk
CUST2879,33,Male,Single,University,Self-employed,169,83579,10,2,0,0.66,2,1,1,1,0.374,Low,Low_Risk
CUST0630,46,Male,Married,,Employed,161,10580,13,1,0,0.75,1,1,0,1,0.374,Low,Low_Risk
CUST2545,40,Male,Married,Secondary,Unemployed,66,579533,15,2,2,0.58,2,1,1,1,0.374,Medium,Medium_Risk
CUST2490,26,Female,Married,,Unemployed,138,630,17,1,0,0.51,2,1,1,1,0.374,Low,Low_Risk
CUST1413,39,Male,Married,Primary,Employed,146,25168,15,1,0,0.93,3,0,0,1,0.373,Low,Low_Risk
CUST0680,37,Female,Married,Secondary,Employed,158,27553,13,1,0,0.75,1,0,0,1,0.373,Low,Low_Risk
CUST0723,37,Female,Married,Secondary,Employed,149,2706,15,1,1,0.84,2,1,0,1,0.373,Low,Low_Risk
CUST0887,39,Male,Married,Secondary,Unemployed,100,425278,13,2,0,0.93,1,1,0,1,0.373,Medium,Low_Risk
CUST2461,30,Male,Married,University,Self-employed,122,103153,17,4,0,0.5,0,0,1,1,0.373,High,Low_Risk
CUST1335,18,Female,Single,University,Unemployed,86,268725,19,2,0,0.52,0,0,1,1,0.373,Medium,Low_Risk
CUST0907,39,Male,Divorced,Primary,Unemployed,174,1706,11,3,0,0.57,0,1,0,1,0.373,Medium,Low_Risk
CUST0751,36,Male,Married,Secondary,Employed,64,248202,23,2,0,0.58,1,1,1,1,0.373,Medium,Low_Risk
CUST0621,24,Male,Married,,Unemployed,171,65664,10,4,1,0.74,1,0,0,1,0.373,Medium,Low_Risk
CUST0413,32,Male,Divorced,Secondary,Employed,124,177383,15,3,2,0.72,0,0,0,1,0.373,Medium,Low_Risk
CUST1525,56,Male,Single,University,Self-employed,160,54282,12,3,0,0.96,0,1,1,1,0.373,Medium,Low_Risk
CUST0551,29,Female,Married,Primary,Employed,148,306492,8,1,1,0.73,1,0,0,1,0.373,Low,Low_Risk
CUST1714,37,Female,Single,Primary,Employed,135,144071,14,3,1,0.68,2,1,0,1,0.373,Medium,Low_Risk
CUST0099,46,Male,Single,Primary,Employed,105,135528,19,1,0,0.52,2,1,0,1,0.373,Medium,Low_Risk
CUST0539,31,Female,Single,University,Employed,93,7586,24,4,0,0.96,1,1,0,1,0.373,High,Low_Risk
CUST1256,33,Male,Married,,Self-employed,128,356100,10,2,1,0.7,1,0,1,1,0.372,Low,Low_Risk
CUST2905,42,Female,Married,Primary,Employed,136,4977,17,2,1,0.7,2,0,0,1,0.372,Medium,Low_Risk
CUST1083,45,Female,Single,Secondary,Self-employed,161,44900,12,2,0,0.81,0,1,0,1,0.372,Low,Low_Risk
CUST2971,48,Male,Single,Primary,Self-employed,120,28058,19,1,1,0.97,1,0,1,1,0.372,Medium,Low_Risk
CUST2260,25,Female,Married,Primary,Employed,147,97172,13,2,0,0.67,0,1,0,1,0.372,Medium,Low_Risk
CUST1703,29,Male,Married,Primary,Employed,103,143082,19,2,0,0.86,1,0,0,1,0.371,Medium,Low_Risk
CUST1021,47,Female,Single,University,Self-employed,110,390799,12,1,1,0.63,0,1,1,1,0.371,Low,Low_Risk
CUST0021,31,Female,Single,University,Employed,88,159302,21,1,1,0.74,2,1,0,1,0.371,Medium,Low_Risk
CUST1573,47,Male,Single,Primary,Employed,133,189116,13,2,1,0.56,2,1,0,1,0.371,Medium,Low_Risk
CUST1346,23,Female,Married,University,Self-employed,152,102667,12,2,0,0.91,1,0,0,1,0.371,Low,Low_Risk
CUST0708,18,Female,Single,Secondary,Employed,108,107267,19,2,1,0.52,0,1,0,1,0.371,Medium,Low_Risk
CUST2864,39,Male,Single,University,Employed,105,44112,21,1,0,0.9,0,0,0,1,0.371,Medium,Low_Risk
CUST2380,29,Female,Married,Secondary,Employed,122,218358,14,2,0,0.62,0,1,0,1,0.37,Medium,Low_Risk
CUST2668,21,Male,Single,Primary,Self-employed,40,954288,10,3,0,0.69,0,1,0,1,0.37,Medium,Low_Risk
CUST1389,40,Male,Married,Primary,Self-employed,105,210526,17,3,0,0.51,0,0,0,1,0.37,Medium,Low_Risk
CUST0992,40,Female,Married,Secondary,Employed,133,16457,17,4,0,0.56,1,1,1,1,0.37,High,Low_Risk
CUST0771,18,Male,Married,University,Employed,153,7779,14,3,0,0.97,1,1,0,1,0.37,Medium,Low_Risk
CUST0549,29,Female,Single,Secondary,Employed,123,337069,11,2,0,0.97,3,1,0,1,0.369,Low,Low_Risk
CUST1718,31,Male,Married,University,Self-employed,179,37549,9,1,0,0.88,1,0,0,1,0.369,Low,Low_Risk
CUST2961,25,Male,Single,Secondary,Unemployed,91,132605,21,2,1,0.67,1,1,0,1,0.369,Medium,Low_Risk
CUST0102,35,Male,Divorced,University,Employed,128,47686,17,2,0,0.93,0,1,0,1,0.369,Medium,Low_Risk
CUST2939,53,Male,Single,University,Self-employed,94,26185,23,1,0,0.68,2,0,0,1,0.369,Medium,Low_Risk
CUST0938,40,Female,Married,,Self-employed,127,223571,13,2,1,0.52,2,1,0,1,0.369,Medium,Low_Risk
CUST1881,36,Male,Married,Secondary,Self-employed,123,293171,12,1,0,0.54,2,1,0,1,0.369,Low,Low_Risk
CUST0250,20,Female,Married,Secondary,Employed,92,208062,19,2,0,0.72,0,1,0,1,0.369,Medium,Low_Risk
CUST0161,39,Female,Divorced,Primary,Employed,122,87885,17,1,0,0.91,0,1,0,1,0.369,Low,Low_Risk
CUST2326,43,Male,Married,Secondary,Employed,123,292236,12,1,0,0.8,3,0,0,1,0.369,Low,Low_Risk
CUST2742,33,Female,Married,Primary,Unemployed,140,7124,16,4,0,0.85,0,0,0,1,0.369,Medium,Low_Risk
CUST0440,25,Female,Single,Primary,Employed,118,73878,18,3,0,0.8,1,0,0,1,0.369,Medium,Low_Risk
CUST1440,36,Male,Divorced,Primary,Employed,117,163262,16,1,0,0.76,0,0,0,1,0.369,Low,Low_Risk
CUST1000,29,Male,Divorced,Secondary,Employed,104,210809,17,4,0,0.66,0,1,0,1,0.369,High,Low_Risk
CUST2302,41,Male,Single,,Employed,105,75683,20,1,0,0.67,0,1,0,1,0.368,Medium,Low_Risk
CUST0713,38,Female,Married,Secondary,Employed,136,31196,16,2,0,0.58,0,1,0,1,0.368,Medium,Low_Risk
CUST2280,38,Male,Single,Secondary,Self-employed,101,270363,16,1,0,0.62,1,1,1,1,0.368,Low,Low_Risk
CUST0374,37,Female,Single,Primary,Employed,98,120299,20,1,0,0.88,0,1,0,1,0.368,Medium,Low_Risk
CUST0014,29,Male,Single,Secondary,Self-employed,147,37587,14,1,0,0.95,2,1,0,1,0.368,Low,Low_Risk
CUST1508,34,Male,Married,University,Employed,131,22513,17,2,0,0.62,3,1,0,1,0.368,Medium,Low_Risk
CUST0006,18,Female,Single,Secondary,Employed,156,21652,13,2,0,0.74,1,0,1,1,0.368,Medium,Low_Risk
CUST0624,39,Female,Single,University,Unemployed,153,120218,11,1,0,0.53,1,0,0,1,0.367,Low,Low_Risk
CUST0692,37,Male,Married,Secondary,Employed,129,75195,16,3,0,0.94,2,1,0,1,0.367,Medium,Low_Risk
CUST2476,44,Male,Married,University,Self-employed,93,193116,19,4,1,0.81,2,1,0,1,0.367,High,Low_Risk
CUST1871,44,Male,Married,,Employed,132,12242,17,4,0,0.63,2,1,0,1,0.367,High,Low_Risk
CUST2369,23,Female,Single,Secondary,Unemployed,152,44935,13,2,0,0.65,2,0,1,1,0.367,Medium,Low_Risk
CUST0001,30,Female,Single,Primary,Self-employed,139,89313,14,3,0,0.82,0,0,1,1,0.367,Medium,Low_Risk
CUST2540,27,Female,Married,Secondary,Employed,99,110341,20,1,0,0.69,0,0,0,1,0.367,Medium,Low_Risk
CUST2687,27,Female,Single,University,Self-employed,82,392171,16,1,0,0.8,1,0,1,1,0.366,Low,Low_Risk
CUST2030,26,Female,Married,,Employed,142,24708,15,3,1,0.93,0,0,1,1,0.366,Medium,Low_Risk
CUST0255,39,Male,Married,Secondary,Employed,163,5364,12,4,0,0.86,0,1,0,1,0.366,Medium,Low_Risk
CUST2226,18,Female,Married,University,Employed,140,120207,13,1,0,0.63,3,1,0,1,0.366,Low,Low_Risk
CUST1789,31,Male,Single,Primary,Self-employed,112,15840,20,2,0,0.98,3,0,0,1,0.366,Medium,Low_Risk
CUST0201,35,Female,Single,Secondary,Employed,138,7845,16,2,0,0.6,1,1,0,1,0.366,Medium,Low_Risk
CUST0485,29,Female,Single,Secondary,Employed,135,199506,12,1,0,0.93,1,0,0,1,0.366,Low,Low_Risk
CUST1134,38,Female,Single,University,Unemployed,156,53336,12,2,0,0.75,1,0,0,1,0.366,Low,Low_Risk
CUST1035,46,Female,Single,Primary,Employed,100,56580,21,2,1,0.77,1,0,0,1,0.366,Medium,Low_Risk
CUST2524,40,Male,Single,Secondary,Self-employed,125,57052,17,1,1,0.63,1,1,1,1,0.366,Low,Low_Risk
CUST2115,32,Female,Single,Primary,Unemployed,71,510333,15,1,0,0.97,1,1,0,1,0.366,Low,Low_Risk
CUST0314,18,Male,Single,Primary,Employed,174,16005,10,3,1,0.54,0,1,1,1,0.366,Medium,Low_Risk
CUST0373,20,Male,Married,Secondary,Self-employed,63,435985,18,2,0,0.58,2,1,1,1,0.365,Medium,Low_Risk
CUST2407,59,Male,Single,Secondary,Self-employed,111,64420,19,1,0,0.53,0,1,0,1,0.365,Medium,Low_Risk
CUST1393,18,Male,Married,Secondary,Employed,110,197625,16,4,0,0.97,1,0,0,1,0.365,Medium,Low_Risk
CUST0918,32,Female,Married,,Unemployed,111,275589,14,1,0,0.6,0,0,0,1,0.365,Low,Low_Risk
CUST1296,22,Male,Single,,Employed,115,35711,19,1,0,0.77,3,1,1,1,0.365,Medium,Low_Risk
CUST2721,24,Male,Single,,Employed,110,108723,18,3,0,0.66,2,1,0,1,0.364,Medium,Low_Risk
CUST2648,25,Male,Divorced,Primary,Self-employed,133,118932,14,2,0,0.59,1,1,0,1,0.364,Medium,Low_Risk
CUST0820,42,Male,Single,Secondary,Employed,126,169274,14,2,0,0.71,0,0,0,1,0.364,Medium,Low_Risk
CUST0847,31,Male,Single,University,Self-employed,132,126184,14,2,0,0.95,1,0,1,1,0.364,Medium,Low_Risk
CUST1626,40,Male,Single,Secondary,Self-employed,123,62411,17,1,0,0.92,0,1,1,1,0.364,Low,Low_Risk
CUST0873,32,Female,Single,Primary,Employed,118,267199,13,1,0,0.97,1,1,1,1,0.364,Low,Low_Risk
CUST1660,26,Female,Married,Primary,Employed,117,400931,10,4,1,0.58,3,1,1,1,0.364,Medium,Medium_Risk
CUST0879,36,Female,Single,University,Employed,122,150383,15,1,1,0.89,1,1,1,1,0.363,Low,Low_Risk
CUST2212,41,Male,Married,University,Self-employed,107,209942,16,1,0,0.8,1,1,0,1,0.363,Low,Low_Risk
CUST2859,37,Male,Single,University,Employed,133,159580,13,1,0,0.53,0,1,1,1,0.363,Low,Low_Risk
CUST2778,40,Male,Single,University,Employed,174,45253,9,2,0,0.96,2,1,0,1,0.363,Low,Low_Risk
CUST0895,45,Male,Married,University,Employed,124,132977,15,3,0,0.91,0,1,1,1,0.363,Medium,Low_Risk
CUST2510,58,Male,Divorced,Secondary,Employed,132,251782,11,3,0,0.58,2,1,1,1,0.363,Medium,Low_Risk
CUST1897,32,Female,Married,Secondary,Employed,136,50697,15,1,1,0.55,0,0,0,1,0.363,Low,Low_Risk
CUST0258,36,Female,Married,University,Self-employed,129,16112,17,3,0,0.78,2,1,1,1,0.363,Medium,Low_Risk
CUST2466,38,Male,Married,Secondary,Employed,111,183144,16,2,0,0.52,0,1,1,1,0.363,Medium,Low_Risk
CUST2807,29,Male,Married,University,Self-employed,72,322761,19,2,0,0.94,2,1,0,1,0.363,Medium,Low_Risk
CUST2847,24,Female,Single,Primary,Employed,118,217238,14,3,0,0.75,0,0,0,1,0.363,Medium,Low_Risk
CUST0276,20,Female,Married,University,Self-employed,132,123012,14,2,0,0.65,2,0,0,1,0.363,Medium,Low_Risk
CUST2508,32,Female,Single,Primary,Employed,160,135941,9,3,0,0.88,2,1,0,1,0.362,Medium,Low_Risk
CUST2077,32,Male,Single,University,Employed,156,164603,9,4,0,0.84,2,1,1,1,0.362,Medium,Low_Risk
CUST1091,31,Male,Married,Secondary,Employed,162,167572,8,3,0,0.83,2,1,0,1,0.362,Medium,Low_Risk
CUST2018,18,Female,Single,,Self-employed,109,64585,19,1,0,0.94,0,0,0,1,0.362,Medium,Low_Risk
CUST2091,38,Female,Married,Secondary,Employed,105,5407,21,2,0,0.71,3,0,0,1,0.362,Medium,Low_Risk
CUST1786,25,Female,Single,University,Employed,110,140503,17,1,1,0.59,2,1,1,1,0.362,Low,Low_Risk
CUST1061,46,Female,Married,Secondary,Employed,118,44565,18,2,0,0.69,4,1,0,1,0.362,Medium,Low_Risk
CUST1234,39,Female,Married,Secondary,Employed,89,112066,21,2,0,0.87,1,1,0,1,0.361,Medium,Low_Risk
CUST2195,37,Male,Single,Secondary,Employed,137,37882,15,2,1,0.66,2,0,0,1,0.361,Medium,Low_Risk
CUST2304,32,Male,Single,Secondary,Employed,124,168877,14,2,0,0.73,0,1,1,1,0.361,Medium,Low_Risk
CUST2483,27,Male,Married,Primary,Employed,169,30646,10,3,0,0.98,1,1,0,1,0.361,Medium,Low_Risk
CUST0016,34,Female,Single,Secondary,Employed,86,132632,21,3,0,0.53,0,0,0,1,0.361,Medium,Low_Risk
CUST2477,27,Female,Married,University,Employed,107,29210,20,2,0,0.68,1,1,0,1,0.361,Medium,Low_Risk
CUST0673,55,Male,Single,,Employed,162,78517,10,2,0,0.72,2,1,0,1,0.361,Low,Low_Risk
CUST2991,39,Female,Divorced,Secondary,Employed,104,217729,16,2,0,0.55,3,1,1,1,0.36,Medium,Low_Risk
CUST0659,25,Female,Married,Secondary,Self-employed,102,147008,18,2,0,0.69,0,1,0,1,0.36,Medium,Low_Risk
CUST2687,42,Female,Single,University,Self-employed,68,254278,21,2,0,0.64,0,1,1,1,0.36,Medium,Low_Risk
CUST2404,47,Female,Single,Secondary,Self-employed,119,158226,15,2,0,0.97,0,0,0,1,0.36,Medium,Low_Risk
CUST1253,49,Female,Married,Secondary,Self-employed,78,307651,18,4,1,0.87,2,1,0,1,0.359,High,Low_Risk
CUST1328,22,Male,Married,Primary,Self-employed,151,102713,11,2,0,0.67,3,0,0,1,0.359,Low,Low_Risk
CUST2278,30,Female,Married,University,Employed,106,368374,12,1,1,0.64,0,1,0,1,0.359,Low,Low_Risk
CUST1243,18,Female,Married,Primary,Employed,137,29922,15,1,0,0.62,0,1,0,1,0.359,Low,Low_Risk
CUST0458,26,Male,Married,University,Employed,127,56458,16,2,0,0.88,0,1,1,1,0.359,Medium,Low_Risk
CUST2762,39,Male,Divorced,Primary,Employed,115,11780,19,3,0,0.66,1,0,1,1,0.359,Medium,Low_Risk
CUST1737,33,Male,Married,Primary,Self-employed,129,85191,15,1,1,0.69,2,1,0,1,0.359,Low,Low_Risk
CUST1014,48,Female,Married,Primary,Unemployed,111,81798,18,1,0,0.87,1,1,0,1,0.359,Medium,Low_Risk
CUST2123,18,Female,Married,Secondary,Self-employed,117,423458,9,1,0,0.68,0,1,0,1,0.359,Low,Low_Risk
CUST1341,27,Male,Single,Secondary,Unemployed,66,515760,15,3,0,0.91,0,0,0,1,0.358,Medium,Low_Risk
CUST0606,37,Male,Married,Secondary,Employed,140,47084,14,3,0,0.63,0,1,0,1,0.358,Medium,Low_Risk
CUST1865,26,Male,Married,University,Employed,126,144699,14,4,0,0.96,0,1,1,1,0.358,Medium,Low_Risk
CUST1911,42,Female,Married,University,Unemployed,99,160727,18,1,0,0.9,3,1,1,1,0.358,Medium,Low_Risk
CUST0372,39,Female,Married,Secondary,Self-employed,40,310054,24,2,0,1.0,0,0,0,1,0.358,Medium,Low_Risk
CUST1302,46,Female,Single,Secondary,Employed,111,34830,19,2,0,0.56,0,1,0,1,0.358,Medium,Low_Risk
CUST1336,37,Male,Married,University,Employed,130,117311,14,1,0,0.58,2,1,0,1,0.358,Low,Low_Risk
CUST1831,34,Male,Married,Secondary,Employed,131,17834,16,1,0,0.9,3,0,0,1,0.357,Low,Low_Risk
CUST0041,39,Female,Married,University,Employed,117,243581,13,1,0,0.8,1,0,1,1,0.357,Low,Low_Risk
CUST0876,31,Male,Single,Secondary,Self-employed,145,222296,9,1,0,0.74,0,0,0,1,0.357,Low,Low_Risk
CUST2867,47,Female,Married,,Employed,128,83337,15,2,0,0.88,1,0,0,1,0.357,Medium,Low_Risk
CUST1324,26,Male,Single,,Employed,57,485195,17,1,0,0.69,1,1,0,1,0.357,Low,Low_Risk
CUST0367,30,Female,Divorced,University,Employed,117,157003,15,2,0,0.99,1,0,0,1,0.357,Medium,Low_Risk
CUST0695,23,Male,Married,Secondary,Self-employed,105,70220,19,2,0,0.9,1,1,1,1,0.357,Medium,Low_Risk
CUST1008,35,Female,Single,Secondary,Employed,77,265542,19,1,0,0.67,1,1,0,1,0.357,Medium,Low_Risk
CUST2398,28,Male,Single,Primary,Employed,83,175701,20,3,0,0.77,3,1,1,1,0.356,Medium,Low_Risk
CUST0279,39,Male,Divorced,Secondary,Self-employed,117,366310,10,3,0,0.86,1,1,0,1,0.356,Medium,Low_Risk
CUST2543,35,Female,Married,Secondary,Unemployed,117,112066,16,4,1,0.51,0,0,0,1,0.356,Medium,Low_Risk
CUST0460,48,Male,Married,University,Employed,114,254236,13,2,0,0.67,2,1,0,1,0.355,Medium,Low_Risk
CUST2855,34,Male,Married,Primary,Employed,23,499672,22,4,0,0.71,0,1,0,1,0.355,High,Low_Risk
CUST0750,33,Female,Married,Secondary,Self-employed,151,44563,12,2,0,0.89,1,0,1,1,0.355,Low,Low_Risk
CUST0514,22,Male,Married,Primary,Self-employed,109,204331,15,2,0,0.85,0,1,0,1,0.355,Medium,Low_Risk
CUST0604,18,Male,Single,Primary,Self-employed,98,450160,11,2,0,0.68,0,1,0,1,0.355,Low,Low_Risk
CUST2808,51,Female,Single,Primary,Employed,142,148847,11,2,0,0.98,1,1,0,1,0.355,Low,Low_Risk
CUST1551,33,Female,Single,Secondary,Self-employed,134,76775,14,2,0,0.99,1,0,0,1,0.355,Medium,Low_Risk
CUST1021,42,Male,Single,University,Employed,142,103610,12,1,1,0.67,0,1,0,1,0.355,Low,Low_Risk
CUST2571,45,Male,Married,Secondary,Employed,105,141742,17,1,1,0.72,0,1,1,1,0.354,Low,Low_Risk
CUST2424,50,Female,Single,University,Employed,154,20151,12,1,0,0.65,3,1,0,1,0.354,Low,Low_Risk
CUST2698,32,Female,Married,Secondary,Employed,100,7585,21,3,2,0.57,1,1,0,1,0.354,Medium,Medium_Risk
CUST0810,18,Female,Married,Primary,Self-employed,84,118345,21,4,0,0.97,0,1,1,1,0.354,High,Low_Risk
CUST2620,41,Female,Married,Secondary,Employed,140,113482,12,2,1,0.51,1,1,0,1,0.354,Low,Low_Risk
CUST1590,25,Male,Married,Primary,Employed,72,244504,20,4,1,0.63,1,1,1,1,0.354,High,Low_Risk
CUST2991,47,Female,Married,University,Unemployed,146,32246,13,3,0,0.74,1,0,0,1,0.354,Medium,Low_Risk
CUST0961,18,Female,Married,Primary,Employed,138,1505,15,2,0,0.87,1,1,0,1,0.354,Medium,Low_Risk
CUST2511,40,Female,Married,,Self-employed,113,1506,19,4,0,0.91,1,0,0,1,0.353,High,Low_Risk
CUST2624,33,Female,Married,Secondary,Self-employed,58,335856,20,3,0,0.67,0,1,1,1,0.353,Medium,Low_Risk
CUST1792,35,Female,Married,Secondary,Employed,54,449623,18,1,0,0.51,2,0,1,1,0.353,Medium,Low_Risk
CUST0136,31,Female,Divorced,University,Employed,150,1326,13,1,0,0.83,0,1,1,1,0.353,Low,Low_Risk
CUST0832,28,Male,Divorced,Secondary,Self-employed,112,175797,15,2,1,0.76,0,0,0,1,0.353,Medium,Low_Risk
CUST2821,36,Female,Married,,Employed,87,391032,14,3,0,0.65,1,0,0,1,0.353,Medium,Low_Risk
CUST2279,47,Male,Married,University,Self-employed,135,17705,15,1,1,0.82,2,0,0,1,0.353,Low,Low_Risk
CUST2534,38,Female,Married,Primary,Employed,65,76819,25,4,0,0.94,1,1,0,1,0.353,High,Low_Risk
CUST2203,26,Male,Single,Secondary,Employed,91,406185,13,2,1,0.87,1,1,0,1,0.353,Medium,Low_Risk
CUST1852,23,Female,Married,Secondary,Employed,73,57010,24,3,1,0.8,0,0,1,1,0.352,High,Low_Risk
CUST0192,19,Female,Single,Secondary,Employed,126,77413,15,1,1,0.77,0,0,0,1,0.352,Low,Low_Risk
CUST0926,38,Female,Divorced,,Self-employed,137,43886,14,1,1,0.95,0,1,0,1,0.352,Low,Low_Risk
CUST0531,30,Male,Married,Secondary,Unemployed,83,327648,16,2,1,0.92,1,0,1,1,0.352,Medium,Low_Risk
CUST2057,32,Female,Single,Primary,Employed,118,89733,16,2,0,0.84,0,1,0,1,0.352,Medium,Low_Risk
CUST2292,24,Male,Divorced,Secondary,Employed,129,180893,12,2,0,0.7,1,1,0,1,0.352,Low,Low_Risk
CUST2140,34,Female,Single,,Self-employed,143,42742,13,1,0,0.53,0,1,1,1,0.352,Low,Low_Risk
CUST2873,26,Female,Married,Secondary,Unemployed,81,302617,17,2,0,0.91,0,1,0,1,0.352,Medium,Low_Risk
CUST0351,39,Male,Single,Secondary,Employed,134,15329,15,3,0,0.9,0,1,1,1,0.351,Medium,Low_Risk
CUST0727,25,Male,Married,Primary,Self-employed,93,256604,16,4,0,0.61,1,0,1,1,0.351,Medium,Low_Risk
CUST0660,39,Male,Married,Primary,Employed,136,4593,15,3,0,0.9,0,0,0,1,0.351,Medium,Low_Risk
CUST2439,31,Female,Single,University,Employed,121,359786,9,2,0,0.93,1,1,1,1,0.351,Low,Low_Risk
CUST0220,25,Female,Single,Primary,Employed,123,93806,15,2,0,0.69,0,1,0,1,0.351,Medium,Low_Risk
CUST0636,18,Female,Married,Secondary,Self-employed,116,55844,17,1,0,0.89,1,1,0,1,0.351,Low,Low_Risk
CUST0790,25,Male,Married,University,Self-employed,98,10916,21,3,0,0.64,2,0,0,1,0.351,Medium,Low_Risk
CUST2531,47,Female,Single,University,Unemployed,94,163330,18,4,0,0.65,0,1,0,1,0.351,High,Low_Risk
CUST0164,35,Female,Married,Primary,Unemployed,23,441790,23,3,0,0.78,1,1,0,1,0.351,High,Low_Risk
CUST2421,47,Female,Single,University,Employed,115,102097,16,1,0,0.64,1,1,0,1,0.35,Low,Low_Risk
CUST0374,45,Male,Single,Secondary,Self-employed,92,89235,20,1,0,0.8,1,1,0,1,0.35,Medium,Low_Risk
CUST0152,44,Male,Single,University,Employed,105,42243,19,4,0,0.81,0,1,1,1,0.35,High,Low_Risk
CUST0842,54,Male,Married,Primary,Self-employed,38,334114,23,3,0,0.75,3,0,1,1,0.35,High,Low_Risk
CUST0856,35,Male,Married,Primary,Employed,86,429953,13,2,0,0.84,1,1,0,1,0.35,Medium,Low_Risk
CUST1711,38,Male,Married,Primary,Employed,140,58032,13,4,0,0.96,0,1,1,1,0.35,Medium,Low_Risk
CUST2885,27,Male,Single,University,Unemployed,78,312387,17,2,0,0.94,3,0,1,1,0.35,Medium,Low_Risk
CUST1788,39,Female,Single,Secondary,Self-employed,150,73902,11,3,0,0.79,1,1,1,1,0.35,Medium,Low_Risk
CUST0915,31,Male,Married,Primary,Self-employed,99,35739,20,2,0,0.67,1,0,1,1,0.349,Medium,Low_Risk
CUST1406,36,Female,Married,Secondary,Employed,88,196677,18,1,0,0.57,1,1,0,1,0.349,Medium,Low_Risk
CUST2630,48,Female,Married,University,Self-employed,171,8238,9,1,0,0.67,0,0,0,1,0.349,Low,Low_Risk
CUST1825,33,Female,Married,University,Self-employed,145,17418,13,4,0,0.93,0,1,0,1,0.349,Medium,Low_Risk
CUST2352,36,Female,Divorced,Secondary,Employed,17,473798,23,1,0,0.8,0,0,0,1,0.349,Medium,Low_Risk
CUST0493,23,Female,Married,,Employed,139,10674,14,3,0,0.74,0,1,0,1,0.348,Medium,Low_Risk
CUST1474,30,Male,Single,University,Employed,80,37740,23,2,0,0.84,1,1,0,1,0.348,Medium,Low_Risk
CUST2081,32,Female,Married,Secondary,Employed,115,136952,15,1,0,0.75,1,1,0,1,0.348,Low,Low_Risk
CUST2368,48,Male,Married,Secondary,Self-employed,116,1598,18,2,1,0.92,2,0,1,1,0.348,Medium,Low_Risk
CUST0376,33,Male,Married,Secondary,Employed,113,148238,15,1,0,0.81,2,0,1,1,0.348,Low,Low_Risk
CUST0640,45,Female,Single,Secondary,Employed,128,4894,16,1,1,0.6,0,1,0,1,0.348,Low,Low_Risk
CUST2514,34,Male,Divorced,Secondary,Self-employed,74,207038,20,1,1,0.62,2,0,1,1,0.348,Medium,Low_Risk
CUST2527,42,Female,Single,Secondary,Employed,71,221898,20,2,0,0.58,0,1,0,1,0.347,Medium,Low_Risk
CUST2965,30,Female,Divorced,Primary,Unemployed,96,7555,21,1,0,0.61,1,1,1,1,0.347,Medium,Low_Risk
CUST0491,37,Male,Married,,Employed,116,38516,17,1,0,0.57,3,1,0,1,0.347,Low,Low_Risk
CUST2057,35,Female,Single,University,Employed,102,263841,14,3,0,0.59,1,0,0,1,0.347,Medium,Low_Risk
CUST1867,34,Male,Married,Secondary,Employed,88,18568,22,2,1,0.9,0,1,0,1,0.347,Medium,Low_Risk
CUST2220,29,Male,Single,University,Employed,115,387267,9,1,1,0.93,4,0,0,1,0.347,Low,Medium_Risk
CUST0458,31,Female,Married,University,Employed,144,52945,12,2,0,0.97,1,1,0,1,0.346,Low,Low_Risk
CUST2738,23,Male,Married,University,Employed,129,28970,15,1,1,0.86,1,0,0,1,0.346,Low,Low_Risk
CUST1472,44,Male,Married,University,Self-employed,133,131433,12,1,0,0.92,0,1,1,1,0.346,Low,Low_Risk
CUST2122,45,Female,Single,Primary,Self-employed,152,128372,9,3,0,0.93,1,1,0,1,0.346,Medium,Low_Risk
CUST0032,30,Female,Married,Primary,Employed,87,63375,21,1,0,0.99,1,0,0,1,0.346,Medium,Low_Risk
CUST0072,30,Female,Single,Secondary,Self-employed,139,3940,14,3,0,0.92,0,1,0,1,0.346,Medium,Low_Risk
CUST0693,45,Female,Single,Primary,Self-employed,127,3356,16,2,0,0.83,0,0,1,1,0.346,Medium,Low_Risk
CUST1634,46,Female,Divorced,Primary,Employed,106,231790,14,2,1,0.63,0,1,1,1,0.346,Medium,Low_Risk
CUST2246,56,Female,Married,Primary,Unemployed,104,76089,18,2,0,0.6,0,1,1,1,0.346,Medium,Low_Risk
CUST0636,34,Female,Married,University,Employed,4,805134,17,4,0,0.87,1,0,0,1,0.346,High,Low_Risk
CUST1758,30,Female,Married,Primary,Employed,159,287344,4,3,1,0.75,1,1,0,1,0.345,Low,Low_Risk
CUST1381,45,Female,Married,,Self-employed,130,18657,15,2,0,0.6,0,1,0,1,0.345,Medium,Low_Risk
CUST0711,24,Female,Married,Primary,Employed,98,450853,10,2,0,0.76,0,0,1,1,0.345,Low,Low_Risk
CUST1010,33,Male,Single,,Unemployed,156,93874,9,2,0,0.81,2,1,0,1,0.345,Low,Low_Risk
CUST0068,35,Female,Divorced,Secondary,Employed,122,31648,16,4,0,0.98,0,1,0,1,0.345,Medium,Low_Risk
CUST0315,33,Female,Single,Primary,Employed,117,65429,16,2,0,0.6,2,0,0,1,0.345,Medium,Low_Risk
CUST0908,35,Male,Single,Primary,Self-employed,107,91098,17,1,0,0.76,1,0,0,1,0.345,Low,Low_Risk
CUST1700,33,Male,Married,Secondary,Employed,124,61447,15,2,0,0.54,3,1,0,1,0.345,Medium,Low_Risk
CUST2991,39,Male,Married,University,Employed,93,63527,20,3,0,0.61,1,0,0,1,0.345,Medium,Low_Risk
CUST0454,49,Female,Single,Secondary,Employed,137,12134,14,3,0,0.56,0,1,0,1,0.345,Medium,Low_Risk
CUST1384,18,Female,Married,Primary,Employed,83,299693,16,4,0,0.51,1,0,1,1,0.345,Medium,Low_Risk
CUST2315,39,Male,Divorced,,Employed,110,239567,13,1,0,0.76,2,0,1,1,0.344,Low,Low_Risk
CUST2138,50,Male,Single,Primary,Unemployed,121,204534,12,1,1,0.53,1,1,1,1,0.344,Low,Low_Risk
CUST1784,33,Male,Married,Primary,Employed,102,36975,19,2,0,0.94,0,1,1,1,0.344,Medium,Low_Risk
CUST1888,35,Male,Married,Secondary,Self-employed,22,462055,22,3,0,0.54,2,0,0,1,0.344,High,Low_Risk
CUST0498,24,Female,Single,Secondary,Employed,78,33154,23,1,0,0.76,1,1,0,1,0.344,Medium,Low_Risk
CUST1471,40,Male,Married,,Employed,85,107238,20,1,0,0.61,1,1,1,1,0.343,Medium,Low_Risk
CUST2249,23,Female,Married,Secondary,Employed,104,233742,14,2,0,0.93,0,1,1,1,0.343,Medium,Low_Risk
CUST0793,28,Female,Married,Secondary,Employed,120,81698,15,4,0,0.68,1,1,0,1,0.343,Medium,Low_Risk
CUST0926,48,Male,Married,Secondary,Employed,97,279846,14,3,0,0.54,1,1,0,1,0.343,Medium,Low_Risk
CUST0350,46,Female,Married,,Self-employed,116,109792,15,1,1,0.78,2,0,0,1,0.343,Low,Low_Risk
CUST0005,36,Male,Single,,Employed,114,79788,16,2,0,0.94,0,1,1,1,0.343,Medium,Low_Risk
CUST2220,30,Female,Single,Secondary,Employed,73,191034,20,4,0,0.64,1,1,1,1,0.343,High,Low_Risk
CUST1330,43,Male,Single,Secondary,Employed,51,513002,16,1,0,0.69,0,1,0,1,0.343,Low,Low_Risk
CUST2301,38,Male,Married,Primary,Employed,86,273807,16,1,0,0.7,1,0,0,1,0.343,Low,Low_Risk
CUST0656,41,Female,Married,University,Employed,61,273034,20,1,1,0.55,0,0,0,1,0.343,Medium,Low_Risk
CUST0183,30,Female,Married,University,Unemployed,106,6824,19,4,0,0.92,1,1,0,1,0.343,High,Low_Risk
CUST2875,32,Male,Single,Primary,Employed,99,52014,19,2,0,0.61,2,1,0,1,0.342,Medium,Low_Risk
CUST1886,33,Male,Divorced,Secondary,Employed,84,112230,20,1,0,0.55,0,0,1,1,0.342,Medium,Low_Risk
CUST2383,25,Male,Married,University,Employed,103,25062,19,2,0,0.78,1,1,0,1,0.342,Medium,Low_Risk
CUST0886,19,Male,Married,Primary,Self-employed,106,45286,18,2,2,0.65,1,0,0,1,0.342,Medium,Medium_Risk
CUST1531,30,Male,Single,University,Employed,93,345820,13,2,0,0.69,2,1,0,1,0.342,Medium,Low_Risk
CUST1485,35,Female,Married,University,Self-employed,118,88517,15,2,0,0.74,0,0,0,1,0.342,Medium,Low_Risk
CUST1641,28,Female,Divorced,,Unemployed,84,195482,18,2,0,0.98,3,1,0,1,0.342,Medium,Low_Risk
CUST2149,25,Female,Married,University,Employed,76,422265,14,2,2,0.56,2,1,0,1,0.342,Medium,Medium_Risk
CUST2314,35,Female,Married,,Self-employed,130,6789,15,1,1,0.71,2,1,1,1,0.342,Low,Low_Risk
CUST2675,44,Male,Single,University,Self-employed,83,288594,16,1,0,0.96,0,1,0,1,0.342,Low,Low_Risk
CUST1991,18,Female,Married,,Self-employed,86,183190,18,4,1,0.84,1,1,1,1,0.342,High,Low_Risk
CUST2740,35,Male,Single,University,Self-employed,98,99067,18,1,0,0.92,0,1,0,1,0.342,Medium,Low_Risk
CUST0829,42,Male,Married,University,Employed,111,179041,14,2,0,0.55,1,1,0,1,0.342,Medium,Low_Risk
CUST1345,18,Female,Married,Primary,Employed,124,6134,16,3,1,0.66,0,1,0,1,0.342,Medium,Low_Risk
CUST0358,18,Male,Single,Secondary,Self-employed,121,28676,16,1,0,0.82,1,1,1,1,0.342,Low,Low_Risk
CUST0275,32,Male,Single,Secondary,Employed,97,358038,12,1,0,0.71,1,1,0,1,0.341,Low,Low_Risk
CUST1961,48,Male,Married,University,Employed,109,18395,18,2,1,0.52,0,1,0,1,0.341,Medium,Low_Risk
CUST1556,23,Male,Married,Primary,Employed,84,63996,21,3,0,0.62,0,1,0,1,0.341,Medium,Low_Risk
CUST0640,40,Male,Single,Primary,Employed,49,304045,21,3,0,0.74,0,1,0,1,0.341,Medium,Low_Risk
CUST2742,33,Female,Married,,Employed,88,375536,13,1,0,0.6,0,0,0,1,0.341,Low,Low_Risk
CUST1429,38,Female,Single,Secondary,Self-employed,74,263298,18,2,0,0.79,2,0,0,1,0.341,Medium,Low_Risk
CUST2874,29,Male,Married,University,Employed,78,448121,13,4,0,0.97,3,0,0,1,0.341,Medium,Low_Risk
CUST0191,21,Female,Divorced,Secondary,Employed,88,75355,20,2,0,0.95,4,1,0,1,0.34,Medium,Low_Risk
CUST0213,36,Male,Single,Primary,Self-employed,100,79327,18,2,2,0.82,0,1,0,1,0.34,Medium,Low_Risk
CUST1023,32,Female,Married,Secondary,Employed,27,200376,27,1,0,0.8,3,1,1,1,0.34,Medium,Low_Risk
CUST2933,38,Female,Single,Secondary,Employed,64,368601,17,1,1,0.65,2,1,0,1,0.34,Low,Low_Risk
CUST0116,33,Female,Married,Primary,Employed,122,10546,16,2,0,0.81,1,1,0,1,0.34,Medium,Low_Risk
CUST0860,32,Female,Single,Primary,Self-employed,101,68279,18,1,0,0.97,4,1,1,1,0.339,Medium,Low_Risk
CUST0242,47,Female,Single,Primary,Self-employed,37,551954,17,2,0,0.98,2,1,1,1,0.339,Medium,Low_Risk
CUST1244,50,Female,Married,University,Unemployed,110,173229,14,4,1,0.64,1,1,1,1,0.339,Medium,Low_Risk
CUST0187,34,Male,Married,Primary,Employed,95,404720,11,4,0,0.53,0,1,0,1,0.339,Medium,Low_Risk
CUST2653,18,Female,Married,Secondary,Employed,146,11083,12,2,0,0.68,2,0,0,1,0.339,Low,Low_Risk
CUST0732,29,Female,Single,Secondary,Self-employed,109,98654,16,2,0,0.98,2,0,0,1,0.339,Medium,Low_Risk
CUST1465,45,Male,Married,Primary,Self-employed,130,250699,9,4,0,0.51,1,1,0,1,0.339,Medium,Low_Risk
CUST1454,59,Male,Married,University,Unemployed,137,118367,11,1,0,0.82,0,0,1,1,0.339,Low,Low_Risk
CUST0443,42,Female,Married,Primary,Unemployed,135,1750,14,1,0,0.75,1,1,0,1,0.339,Low,Low_Risk
CUST1874,49,Female,Single,,Employed,115,14354,17,1,1,0.69,0,1,0,1,0.339,Low,Low_Risk
CUST2437,31,Male,Married,Primary,Employed,107,66741,17,1,0,0.99,0,0,0,1,0.339,Low,Low_Risk
CUST0173,47,Female,Single,,Employed,116,44944,16,3,1,0.62,3,1,0,1,0.338,Medium,Medium_Risk
CUST2680,57,Male,Married,Secondary,Employed,86,208083,17,3,1,0.74,0,1,0,1,0.338,Medium,Low_Risk
CUST2824,46,Male,Married,Primary,Employed,147,41751,11,1,0,0.92,3,0,1,1,0.337,Low,Low_Risk
CUST0901,35,Male,Divorced,Primary,Self-employed,55,248052,21,4,1,0.71,1,1,0,1,0.337,High,Low_Risk
CUST2978,33,Female,Married,Secondary,Employed,99,29405,19,4,0,0.71,0,1,0,1,0.337,High,Low_Risk
CUST1962,30,Male,Single,,Employed,144,17247,12,1,0,0.74,1,1,1,1,0.337,Low,Low_Risk
CUST1255,33,Female,Divorced,University,Self-employed,146,47240,11,1,0,0.98,1,1,0,1,0.337,Low,Low_Risk
CUST0653,36,Female,Married,Secondary,Self-employed,115,5851,17,2,0,0.81,1,1,1,1,0.337,Medium,Low_Risk
CUST1449,34,Male,Married,Secondary,Unemployed,68,244487,19,1,2,0.75,1,1,0,1,0.337,Medium,Medium_Risk
CUST2767,27,Female,Single,Primary,Unemployed,86,205779,17,2,0,0.83,1,0,1,1,0.337,Medium,Low_Risk
CUST0937,43,Male,Married,Primary,Employed,51,275217,21,3,0,0.84,2,1,0,1,0.337,Medium,Low_Risk
CUST1303,54,Male,Married,Primary,Self-employed,131,63855,13,3,0,0.86,0,1,1,1,0.337,Medium,Low_Risk
CUST2981,43,Female,Single,Primary,Employed,40,693311,13,4,1,0.53,1,1,0,1,0.337,Medium,Low_Risk
CUST2925,33,Male,Married,Secondary,Employed,59,257395,20,1,1,0.67,2,0,0,1,0.336,Medium,Low_Risk
CUST2478,29,Female,Married,Secondary,Employed,79,205407,18,1,0,0.71,1,0,0,1,0.336,Medium,Low_Risk
CUST2339,40,Male,Married,,Employed,106,20295,18,1,0,0.69,1,0,0,1,0.336,Medium,Low_Risk
CUST0012,34,Female,Divorced,Primary,Employed,126,52673,14,2,1,0.57,1,1,0,1,0.336,Medium,Low_Risk
CUST1024,28,Female,Divorced,Secondary,Self-employed,132,13422,14,1,0,0.69,1,1,1,1,0.336,Low,Low_Risk
CUST1899,40,Female,Married,Primary,Employed,79,162155,19,2,0,0.86,1,1,0,1,0.336,Medium,Low_Risk
CUST0798,41,Male,Married,Secondary,Self-employed,98,202026,15,2,1,0.53,2,1,0,1,0.336,Medium,Low_Risk
CUST2685,40,Male,Single,Secondary,Employed,93,273905,14,2,1,0.57,1,1,1,1,0.335,Medium,Low_Risk
CUST1796,29,Male,Married,Secondary,Employed,82,351279,14,4,0,0.98,0,0,0,1,0.335,Medium,Low_Risk
CUST2729,20,Male,Divorced,University,Self-employed,136,20586,13,3,0,0.58,0,0,0,1,0.335,Medium,Low_Risk
CUST1779,23,Female,Married,Secondary,Employed,108,130868,15,1,0,0.69,4,0,1,1,0.335,Low,Low_Risk
CUST0624,42,Female,Married,,Employed,92,240247,15,1,0,0.76,1,1,0,1,0.335,Low,Low_Risk
CUST0170,19,Male,Single,Secondary,Employed,72,163918,20,3,0,0.81,0,0,0,1,0.335,Medium,Low_Risk
CUST0490,36,Male,Married,University,Employed,106,186311,14,2,1,0.97,3,0,1,1,0.335,Medium,Medium_Risk
CUST0491,41,Female,Divorced,Primary,Employed,48,202440,23,2,1,0.87,0,1,1,1,0.335,Medium,Low_Risk
CUST2972,52,Male,Divorced,University,Employed,82,54310,21,2,0,0.91,1,1,0,1,0.335,Medium,Low_Risk
CUST2997,37,Female,Single,Secondary,Self-employed,69,441954,14,1,1,0.55,1,1,0,1,0.335,Low,Low_Risk
CUST2414,22,Female,Single,Primary,Employed,95,302921,13,1,0,0.61,0,1,0,1,0.335,Low,Low_Risk
CUST0013,27,Male,Single,University,Self-employed,86,195059,17,1,0,0.63,1,1,1,1,0.335,Low,Low_Risk
CUST1415,21,Female,Married,Primary,Unemployed,99,19402,19,2,0,0.58,1,1,1,1,0.334,Medium,Low_Risk
CUST2708,43,Male,Single,Primary,Employed,150,7540,11,2,0,0.57,2,1,1,1,0.334,Low,Low_Risk
CUST1315,40,Male,Single,Secondary,Self-employed,66,116686,22,1,0,0.5,0,1,1,1,0.334,Medium,Low_Risk
CUST0035,25,Male,Married,Secondary,Employed,65,38633,24,4,1,0.61,1,1,0,1,0.334,High,Low_Risk
CUST0087,46,Female,Single,University,Self-employed,74,103110,21,2,0,0.67,0,1,0,1,0.334,Medium,Low_Risk
CUST1934,27,Female,Single,Secondary,Unemployed,101,46683,18,3,1,0.54,0,1,0,1,0.334,Medium,Low_Risk
CUST1420,29,Male,Married,Secondary,Self-employed,134,33234,13,2,0,0.58,2,1,1,1,0.334,Medium,Low_Risk
CUST2941,23,Female,Single,Primary,Self-employed,127,36500,14,1,0,0.65,2,1,0,1,0.334,Low,Low_Risk
CUST1462,30,Female,Married,University,Self-employed,62,60392,24,2,0,0.65,0,0,0,1,0.334,Medium,Low_Risk
CUST1478,42,Female,Married,University,Self-employed,143,54817,11,2,1,0.66,1,1,0,1,0.334,Low,Low_Risk
CUST2597,29,Female,Married,Primary,Self-employed,89,3257,21,4,0,0.68,1,1,0,1,0.334,High,Low_Risk
CUST0687,45,Female,Married,Secondary,Employed,104,151819,15,3,0,0.84,1,0,1,1,0.334,Medium,Low_Risk
CUST2764,32,Male,Single,Secondary,Self-employed,122,108560,13,3,0,0.58,0,0,1,1,0.333,Medium,Low_Risk
CUST2871,31,Male,Single,Secondary,Employed,144,3376,12,1,1,0.64,0,1,1,1,0.333,Low,Low_Risk
CUST2343,44,Male,Married,Primary,Employed,149,10474,11,1,1,0.76,0,0,0,1,0.333,Low,Low_Risk
CUST2578,29,Male,Married,University,Employed,85,364813,13,2,0,0.66,0,1,0,1,0.333,Medium,Low_Risk
CUST1663,32,Female,Single,Primary,Self-employed,117,103762,14,2,0,0.68,3,1,0,1,0.333,Medium,Low_Risk
CUST0220,28,Female,Single,,Self-employed,65,121002,22,1,0,0.55,0,1,0,1,0.333,Medium,Low_Risk
CUST0906,26,Female,Divorced,Secondary,Self-employed,48,152979,24,1,0,0.51,1,1,0,1,0.333,Medium,Low_Risk
CUST2694,34,Female,Single,Secondary,Employed,53,324562,19,1,0,0.85,0,1,0,1,0.332,Medium,Low_Risk
CUST2112,21,Male,Married,University,Self-employed,104,229059,13,3,0,0.68,1,1,0,1,0.332,Medium,Low_Risk
CUST1456,25,Male,Single,Secondary,Self-employed,114,205677,12,1,1,0.96,1,1,0,1,0.332,Low,Low_Risk
CUST1118,23,Male,Married,,Self-employed,56,348174,18,1,0,0.53,2,1,1,1,0.332,Medium,Low_Risk
CUST1676,26,Male,Divorced,,Employed,69,47500,23,2,0,0.77,1,1,0,1,0.332,Medium,Low_Risk
CUST2960,27,Male,Married,,Self-employed,87,177032,17,1,0,0.86,0,1,0,1,0.332,Low,Low_Risk
CUST1470,40,Male,Single,Primary,Employed,119,170206,12,2,0,0.51,0,0,0,1,0.332,Low,Low_Risk
CUST2983,36,Male,Single,Secondary,Employed,99,94671,17,1,0,0.61,1,1,1,1,0.332,Low,Low_Risk
CUST0807,44,Female,Married,Secondary,Employed,94,209856,15,2,0,0.54,0,0,0,1,0.331,Medium,Low_Risk
CUST1548,41,Male,Married,University,Employed,121,25957,15,3,0,0.99,3,1,0,1,0.331,Medium,Low_Risk
CUST1382,40,Male,Married,,Employed,58,74539,24,1,0,0.88,1,0,0,1,0.331,Medium,Low_Risk
CUST0342,44,Female,Married,Secondary,Unemployed,99,175615,15,1,1,0.88,1,1,0,1,0.331,Low,Low_Risk
CUST2356,51,Female,Married,Secondary,Employed,93,303169,13,3,0,0.5,1,1,0,1,0.331,Medium,Low_Risk
CUST1611,25,Male,Single,University,Self-employed,92,92984,18,1,0,0.77,1,0,0,1,0.33,Medium,Low_Risk
CUST0387,36,Male,Married,,Employed,74,385522,14,3,0,0.98,2,1,0,1,0.33,Medium,Low_Risk
CUST2584,35,Female,Single,University,Employed,110,52974,16,1,0,0.61,0,0,1,1,0.33,Low,Low_Risk
CUST0694,50,Male,Divorced,Primary,Self-employed,45,332535,20,3,0,0.91,3,0,0,1,0.33,Medium,Low_Risk
CUST1960,37,Female,Married,,Employed,77,406588,13,1,0,0.72,0,0,0,1,0.33,Low,Low_Risk
CUST2023,18,Female,Single,Secondary,Unemployed,112,38056,16,4,0,0.79,2,1,0,1,0.33,Medium,Low_Risk
CUST0499,46,Female,Married,Primary,Self-employed,42,557905,15,1,0,0.54,1,1,1,1,0.329,Low,Low_Risk
CUST2924,39,Female,Single,Secondary,Employed,132,111313,11,1,0,0.9,0,1,0,1,0.329,Low,Low_Risk
CUST2903,33,Male,Divorced,Primary,Employed,94,285803,13,1,0,0.58,1,0,0,1,0.329,Low,Low_Risk
CUST0572,40,Male,Married,Primary,Employed,126,152068,11,1,0,0.84,1,1,1,1,0.329,Low,Low_Risk
CUST0845,37,Female,Married,Secondary,Self-employed,86,1146,21,1,0,0.85,0,1,0,1,0.329,Medium,Low_Risk
CUST1261,43,Male,Single,University,Employed,57,327802,18,4,0,0.51,1,0,0,1,0.329,High,Low_Risk
CUST2268,29,Male,Divorced,University,Self-employed,122,7321,15,1,0,0.74,1,1,0,1,0.329,Low,Low_Risk
CUST0752,42,Female,Married,,Employed,101,152087,15,1,0,0.72,1,0,0,1,0.329,Low,Low_Risk
CUST0958,44,Male,Single,Secondary,Employed,126,109075,12,1,0,0.89,0,0,1,1,0.329,Low,Low_Risk
CUST1955,26,Male,Single,Secondary,Self-employed,16,694935,16,2,1,0.52,2,0,0,1,0.329,Medium,Low_Risk
CUST2714,24,Female,Married,Secondary,Self-employed,134,10236,13,3,0,0.82,1,0,0,1,0.329,Medium,Low_Risk
CUST2465,38,Female,Single,Secondary,Self-employed,17,814390,13,1,0,0.88,2,1,0,1,0.328,Low,Low_Risk
CUST1186,44,Female,Single,Primary,Employed,94,411654,10,4,0,0.64,2,1,1,1,0.328,Medium,Low_Risk
CUST0610,22,Male,Single,University,Employed,40,696184,12,3,0,0.69,2,1,1,1,0.328,Medium,Low_Risk
CUST2909,35,Female,Married,University,Employed,153,216557,5,2,0,0.8,0,0,0,1,0.328,Low,Low_Risk
CUST2793,48,Male,Married,Primary,Self-employed,46,228719,22,3,0,0.8,3,1,0,1,0.328,High,Low_Risk
CUST2640,32,Female,Married,Primary,Employed,122,260116,9,4,0,0.96,0,1,1,1,0.328,Medium,Low_Risk
CUST1445,27,Female,Single,Secondary,Employed,87,33639,20,2,0,0.53,2,1,1,1,0.328,Medium,Low_Risk
CUST1536,44,Male,Married,University,Employed,122,89651,13,1,0,0.61,2,0,0,1,0.328,Low,Low_Risk
CUST1789,33,Male,Divorced,Secondary,Self-employed,123,77007,13,2,1,0.64,4,1,1,1,0.327,Medium,Medium_Risk
CUST0987,24,Male,Married,Secondary,Employed,128,45495,13,2,0,0.74,1,1,1,1,0.327,Medium,Low_Risk
CUST2882,18,Male,Married,Secondary,Employed,13,707803,16,1,0,0.86,1,1,0,1,0.327,Low,Low_Risk
CUST1869,28,Male,Married,Secondary,Employed,109,89959,15,1,0,0.87,2,1,1,1,0.327,Low,Low_Risk
CUST2117,32,Female,Single,Primary,Self-employed,72,344301,15,3,0,0.68,3,1,0,1,0.327,Medium,Low_Risk
CUST1059,45,Male,Single,University,Employed,91,86642,18,2,0,0.54,0,0,0,1,0.327,Medium,Low_Risk
CUST1464,35,Male,Single,,Self-employed,121,48838,14,3,0,0.72,1,0,1,1,0.327,Medium,Low_Risk
CUST0222,42,Female,Single,Primary,Employed,31,583766,16,4,0,0.63,1,1,0,1,0.327,Medium,Low_Risk
CUST0625,39,Female,Single,Primary,Employed,79,211547,17,2,0,0.74,0,1,1,1,0.327,Medium,Low_Risk
CUST0817,41,Female,Married,Secondary,Self-employed,128,928,14,1,0,0.82,2,0,0,1,0.327,Low,Low_Risk
CUST1658,28,Female,Married,Secondary,Self-employed,81,241999,16,2,0,0.57,2,1,0,1,0.327,Medium,Low_Risk
CUST2513,46,Male,Married,University,Employed,132,103705,11,1,0,0.86,1,0,0,1,0.327,Low,Low_Risk
CUST2181,27,Female,Married,University,Employed,128,39243,13,1,1,0.79,1,1,0,1,0.326,Low,Low_Risk
CUST2067,37,Female,Married,University,Employed,146,88270,9,1,0,0.74,0,1,1,1,0.326,Low,Low_Risk
CUST1590,18,Female,Married,University,Employed,27,439856,20,1,1,0.88,1,0,0,1,0.326,Medium,Low_Risk
CUST0136,27,Female,Married,Secondary,Employed,144,58703,10,4,1,0.81,1,1,0,1,0.326,Medium,Low_Risk
CUST1450,34,Female,Married,University,Employed,17,79960,30,2,0,0.91,1,0,0,1,0.325,High,Low_Risk
CUST2693,29,Female,Single,Secondary,Employed,79,76640,20,2,0,0.64,4,0,0,1,0.325,Medium,Low_Risk
CUST0282,29,Male,Divorced,Secondary,Employed,62,106752,22,1,0,0.81,0,0,0,1,0.325,Medium,Low_Risk
CUST0269,25,Male,Married,Secondary,Employed,60,248654,19,1,0,0.59,0,1,0,1,0.325,Medium,Low_Risk
CUST1637,26,Male,Single,Secondary,Self-employed,133,45056,12,3,0,0.63,1,1,1,1,0.325,Medium,Low_Risk
CUST2570,32,Female,Married,University,Employed,136,23913,12,3,0,0.91,2,1,0,1,0.325,Medium,Low_Risk
CUST1590,49,Female,Divorced,Primary,Self-employed,119,55293,14,1,0,0.82,1,0,0,1,0.325,Low,Low_Risk
CUST2638,59,Female,Married,Secondary,Employed,86,26773,20,1,0,0.7,0,0,1,1,0.325,Medium,Low_Risk
CUST0191,34,Male,Single,Secondary,Self-employed,72,80195,21,3,0,0.98,1,0,1,1,0.325,Medium,Low_Risk
CUST0625,37,Female,Married,Primary,Employed,79,371112,13,2,0,0.97,1,1,0,1,0.324,Medium,Low_Risk
CUST0290,31,Female,Married,Secondary,Employed,77,126975,19,2,0,0.99,2,1,0,1,0.324,Medium,Low_Risk
CUST2545,35,Male,Married,,Unemployed,132,6547,13,1,0,0.79,2,0,0,1,0.324,Low,Low_Risk
CUST1518,40,Male,Single,Secondary,Employed,137,12543,12,4,0,0.83,2,1,0,1,0.324,Medium,Low_Risk
CUST2390,27,Female,Married,Primary,Employed,56,19642,25,4,1,0.92,1,1,0,1,0.324,High,Low_Risk
CUST0789,34,Male,Single,University,Employed,79,327667,14,1,0,0.69,1,1,0,1,0.324,Low,Low_Risk
CUST2623,44,Female,Married,Secondary,Self-employed,118,14538,15,3,0,0.79,1,1,0,1,0.324,Medium,Low_Risk
CUST1547,32,Male,Single,University,Employed,134,72787,11,2,0,0.99,0,1,0,1,0.323,Low,Low_Risk
CUST0717,18,Male,Married,University,Employed,123,63040,13,1,0,0.69,0,1,0,1,0.323,Low,Low_Risk
CUST1838,26,Female,Single,University,Employed,114,251567,10,1,0,0.81,2,0,0,1,0.323,Low,Low_Risk
CUST2900,46,Male,Single,Primary,Employed,163,86136,6,4,0,0.56,1,1,0,1,0.323,Medium,Low_Risk
CUST1858,51,Male,Single,Secondary,Employed,70,173993,19,2,0,0.61,1,0,1,1,0.323,Medium,Low_Risk
CUST1849,33,Female,Married,Primary,Employed,124,56061,13,3,0,0.73,0,1,0,1,0.323,Medium,Low_Risk
CUST0756,43,Female,Married,Primary,Employed,41,26892,27,2,0,0.8,1,1,0,1,0.322,High,Low_Risk
CUST0719,26,Female,Married,Primary,Employed,120,37061,14,1,0,0.77,0,1,0,1,0.322,Low,Low_Risk
CUST1977,31,Male,Married,Secondary,Unemployed,135,19778,12,2,0,0.52,0,1,0,1,0.322,Low,Low_Risk
CUST2499,35,Male,Single,,Self-employed,130,96070,11,3,0,0.52,1,1,1,1,0.322,Medium,Low_Risk
CUST1053,36,Female,Married,Secondary,Self-employed,85,65262,19,4,0,0.74,1,1,1,1,0.322,High,Low_Risk
CUST0877,46,Female,Single,,Employed,162,2586,8,2,0,0.82,0,1,0,1,0.322,Low,Low_Risk
CUST0174,35,Female,Married,University,Employed,54,577890,12,1,1,0.52,1,1,0,1,0.322,Low,Low_Risk
CUST2157,36,Female,Married,,Employed,104,62124,16,1,0,0.59,2,1,0,1,0.322,Low,Low_Risk
CUST1743,52,Female,Married,,Self-employed,82,172282,17,1,0,0.95,0,1,0,1,0.322,Low,Low_Risk
CUST1079,34,Male,Married,Secondary,Employed,87,47256,19,3,0,0.87,0,0,0,1,0.321,Medium,Low_Risk
CUST2859,43,Male,Married,Primary,Self-employed,111,51529,15,3,0,0.88,3,0,1,1,0.321,Medium,Low_Risk
CUST1081,30,Male,Single,Secondary,Employed,59,453176,14,3,0,0.73,0,1,0,1,0.321,Medium,Low_Risk
CUST1317,51,Male,Single,Secondary,Employed,98,269913,12,1,0,0.92,3,1,0,1,0.321,Low,Low_Risk
CUST1350,20,Male,Single,Secondary,Employed,79,101076,19,1,0,0.95,3,1,0,1,0.321,Medium,Low_Risk
CUST1625,29,Female,Married,Primary,Self-employed,22,367096,22,2,0,0.7,0,1,0,1,0.321,Medium,Low_Risk
CUST1035,27,Male,Married,,Unemployed,74,179794,18,2,0,0.7,1,1,0,1,0.321,Medium,Low_Risk
CUST0056,38,Female,Married,University,Employed,109,109090,14,1,0,0.6,1,0,0,1,0.321,Low,Low_Risk
CUST2293,39,Male,Married,Secondary,Employed,123,10751,14,2,0,0.91,2,1,0,1,0.321,Medium,Low_Risk
CUST1141,18,Female,Divorced,,Employed,145,28915,10,1,0,0.71,3,1,0,1,0.321,Low,Low_Risk
CUST0041,34,Female,Married,,Employed,112,1996,16,1,0,0.81,1,0,0,1,0.321,Low,Low_Risk
CUST1073,49,Male,Divorced,Primary,Employed,90,277660,13,4,0,0.56,1,1,1,1,0.32,Medium,Low_Risk
CUST0898,31,Female,Single,University,Employed,100,165725,14,2,0,0.8,2,1,0,1,0.32,Medium,Low_Risk
CUST2894,46,Male,Married,,Self-employed,114,237740,10,2,0,0.83,1,0,1,1,0.32,Low,Low_Risk
CUST0972,46,Male,Married,Secondary,Employed,127,20671,13,2,0,0.58,0,0,0,1,0.32,Medium,Low_Risk
CUST2655,29,Female,Divorced,Secondary,Employed,135,50696,11,1,0,0.75,0,1,1,1,0.32,Low,Low_Risk
CUST0010,23,Female,Married,Primary,Employed,125,35001,13,1,1,0.77,0,0,1,1,0.32,Low,Low_Risk
CUST2847,27,Male,Single,University,Self-employed,86,5134,20,1,0,0.83,2,0,0,1,0.319,Medium,Low_Risk
CUST2908,35,Female,Single,,Employed,81,251947,15,1,0,0.64,2,1,0,1,0.319,Low,Low_Risk
CUST0469,45,Female,Single,Secondary,Self-employed,80,129389,18,1,0,0.77,0,0,0,1,0.319,Medium,Low_Risk
CUST0193,33,Male,Married,University,Employed,121,17752,14,1,0,0.87,2,1,1,1,0.319,Low,Low_Risk
CUST1524,35,Female,Married,Secondary,Employed,78,144601,18,2,0,0.95,2,1,0,1,0.319,Medium,Low_Risk
CUST2468,28,Female,Single,Secondary,Unemployed,99,126012,15,1,0,0.59,1,1,0,1,0.319,Low,Low_Risk
CUST1098,36,Male,Married,Secondary,Employed,104,90816,15,1,0,0.59,1,0,0,1,0.319,Low,Low_Risk
CUST0822,33,Female,Single,Primary,Unemployed,112,120752,13,1,0,0.89,2,0,0,1,0.319,Low,Low_Risk
CUST1022,40,Male,Single,,Self-employed,94,287315,12,1,0,0.71,0,1,1,1,0.319,Low,Low_Risk
CUST2624,20,Female,Single,Secondary,Self-employed,120,63859,13,4,0,0.87,0,0,0,1,0.318,Medium,Low_Risk
CUST2121,38,Male,Married,Primary,Unemployed,114,19404,15,1,0,0.92,2,0,0,1,0.318,Low,Low_Risk
CUST1146,47,Male,Single,University,Employed,99,78222,16,2,0,0.82,2,1,0,1,0.318,Medium,Low_Risk
CUST0030,21,Male,Divorced,Primary,Self-employed,100,243651,12,1,0,0.93,2,1,1,1,0.318,Low,Low_Risk
CUST2359,26,Male,Divorced,Primary,Unemployed,126,146819,10,1,0,0.69,2,1,0,1,0.318,Low,Low_Risk
CUST1296,18,Male,Married,Secondary,Self-employed,115,54610,14,2,0,0.59,1,0,0,1,0.318,Medium,Low_Risk
CUST2127,43,Female,Married,Primary,Employed,114,18660,15,3,0,0.6,0,1,0,1,0.318,Medium,Low_Risk
CUST0030,39,Male,Divorced,Secondary,Employed,108,188324,12,4,1,0.55,1,1,1,1,0.318,Medium,Low_Risk
CUST0058,47,Female,Single,Primary,Self-employed,91,92213,17,1,1,0.52,3,1,0,1,0.318,Low,Medium_Risk
CUST1754,34,Female,Single,Primary,Employed,84,138442,17,1,0,0.72,1,1,0,1,0.318,Low,Low_Risk
CUST1981,31,Female,Married,,Unemployed,24,252091,24,2,0,0.75,2,0,0,1,0.317,Medium,Low_Risk
CUST0119,29,Male,Married,Secondary,Employed,78,303607,14,1,0,0.68,0,1,1,1,0.317,Low,Low_Risk
CUST1874,46,Male,Married,University,Employed,125,64767,12,1,0,0.52,0,1,0,1,0.317,Low,Low_Risk
CUST1843,23,Female,Married,Secondary,Employed,97,46029,17,2,0,0.83,0,1,0,1,0.317,Medium,Low_Risk
CUST1434,37,Female,Married,Secondary,Employed,80,121904,18,1,0,0.87,2,1,1,1,0.317,Medium,Low_Risk
CUST0627,36,Male,Single,Primary,Self-employed,49,291972,19,2,0,0.54,0,1,1,1,0.317,Medium,Low_Risk
CUST2719,39,Female,Married,Primary,Unemployed,63,20049,23,1,0,0.78,0,0,1,1,0.316,Medium,Low_Risk
CUST0981,44,Female,Single,Primary,Employed,117,76125,13,3,1,0.86,3,1,1,1,0.316,Medium,Medium_Risk
CUST0481,39,Female,Married,Primary,Self-employed,107,16176,16,1,0,0.81,2,1,0,1,0.316,Low,Low_Risk
CUST1964,29,Male,Married,Secondary,Employed,59,175902,20,2,0,0.93,0,1,0,1,0.316,Medium,Low_Risk
CUST0866,18,Male,Single,Primary,Employed,109,46497,15,1,0,0.83,0,0,1,1,0.316,Low,Low_Risk
CUST0553,25,Female,Married,Secondary,Employed,106,109802,14,4,1,0.7,0,1,0,1,0.316,Medium,Low_Risk
CUST1736,24,Female,Single,Secondary,Employed,116,208858,10,1,0,0.85,3,1,0,1,0.316,Low,Low_Risk
CUST0108,35,Female,Single,Secondary,Employed,50,361888,17,1,0,0.53,0,1,1,1,0.315,Low,Low_Risk
CUST1349,40,Male,Single,Secondary,Self-employed,66,123244,20,1,0,0.64,0,0,1,1,0.315,Medium,Low_Risk
CUST0116,31,Male,Married,University,Employed,74,68505,20,2,0,0.62,0,1,1,1,0.315,Medium,Low_Risk
CUST0564,24,Male,Divorced,Primary,Employed,118,149075,11,1,0,0.57,1,0,0,1,0.315,Low,Low_Risk
CUST0132,61,Female,Single,Secondary,Employed,87,64324,18,1,0,0.6,1,1,0,1,0.315,Medium,Low_Risk
CUST1112,39,Male,Single,Secondary,Unemployed,85,77845,18,2,0,0.7,1,1,0,1,0.315,Medium,Low_Risk
CUST0662,34,Male,Single,Secondary,Self-employed,111,69393,14,1,0,0.53,2,0,0,1,0.315,Low,Low_Risk
CUST0050,31,Male,Single,Primary,Employed,62,108609,21,1,2,0.55,1,0,1,1,0.315,Medium,Medium_Risk
CUST2992,40,Male,Married,,Unemployed,56,490415,13,1,0,1.0,2,1,1,1,0.315,Low,Low_Risk
CUST0506,31,Male,Married,Secondary,Employed,75,186329,17,3,0,0.62,2,0,1,1,0.314,Medium,Low_Risk
CUST0779,40,Male,Married,,Employed,65,171135,19,2,1,0.88,0,0,1,1,0.314,Medium,Low_Risk
CUST0239,50,Female,Married,Primary,Employed,126,259188,7,3,0,0.55,1,1,0,1,0.314,Low,Low_Risk
CUST1058,21,Female,Married,University,Self-employed,6,362736,24,1,0,0.76,3,0,0,1,0.314,Medium,Low_Risk
CUST0796,42,Female,Single,University,Self-employed,21,729955,13,4,1,0.79,0,0,0,1,0.314,Medium,Low_Risk
CUST2255,51,Female,Married,Secondary,Employed,90,210366,14,4,0,0.94,1,0,1,1,0.314,Medium,Low_Risk
CUST2346,53,Male,Single,,Employed,61,113879,21,4,0,0.53,0,1,0,1,0.314,High,Low_Risk
CUST0002,27,Female,Married,,Self-employed,102,83647,15,3,0,0.91,0,0,1,1,0.314,Medium,Low_Risk
CUST2983,37,Female,Single,Primary,Unemployed,56,188184,20,1,0,0.98,2,0,0,1,0.314,Medium,Low_Risk
CUST1485,45,Male,Single,Primary,Employed,67,69277,21,3,2,0.57,2,0,0,1,0.314,Medium,Medium_Risk
CUST0617,43,Male,Single,Secondary,Self-employed,98,70294,16,1,0,0.83,0,1,1,1,0.314,Low,Low_Risk
CUST2022,34,Female,Married,Secondary,Employed,99,14958,17,1,0,0.57,1,1,1,1,0.313,Low,Low_Risk
CUST0121,31,Male,Married,Primary,Self-employed,49,571594,12,3,0,0.53,3,1,0,1,0.313,Medium,Low_Risk
CUST2917,41,Male,Single,Primary,Employed,35,542443,15,1,0,0.69,0,0,1,1,0.313,Low,Low_Risk
CUST0340,30,Female,Married,Primary,Self-employed,90,77243,17,1,0,0.5,1,1,1,1,0.313,Low,Low_Risk
CUST2187,28,Male,Single,Primary,Self-employed,76,133503,18,3,1,0.7,1,0,0,1,0.313,Medium,Low_Risk
CUST2077,40,Male,Married,Secondary,Employed,45,303387,19,4,2,0.97,1,1,0,1,0.313,High,Medium_Risk
CUST2983,34,Male,Single,Secondary,Employed,100,92746,15,3,0,0.75,0,1,0,1,0.313,Medium,Low_Risk
CUST1259,48,Female,Married,University,Employed,97,71981,16,4,0,0.82,0,0,1,1,0.313,Medium,Low_Risk
CUST0204,40,Female,Single,,Self-employed,91,73133,17,1,0,0.79,1,0,0,1,0.313,Low,Low_Risk
CUST0328,25,Male,Married,Secondary,Self-employed,114,166949,11,2,1,0.78,0,0,1,1,0.313,Low,Low_Risk
CUST1506,35,Female,Married,Primary,Employed,112,225929,10,4,0,0.83,0,0,1,1,0.313,Medium,Low_Risk
CUST1397,28,Male,Single,Primary,Self-employed,61,187641,19,2,0,0.87,0,1,0,1,0.312,Medium,Low_Risk
CUST1761,31,Female,Married,,Employed,107,125871,13,3,1,0.88,1,1,0,1,0.312,Medium,Low_Risk
CUST2742,34,Male,Married,Primary,Employed,95,41151,17,1,0,0.75,1,1,0,1,0.312,Low,Low_Risk
CUST2391,47,Female,Married,Primary,Employed,78,112964,18,1,0,0.84,0,1,0,1,0.312,Medium,Low_Risk
CUST0438,51,Female,Married,Secondary,Self-employed,104,21706,16,1,0,0.67,1,0,0,1,0.312,Low,Low_Risk
CUST0229,43,Male,Single,Primary,Self-employed,63,175325,19,2,0,0.57,0,0,0,1,0.312,Medium,Low_Risk
CUST2609,48,Female,Single,Primary,Employed,69,345462,14,1,0,0.51,2,0,0,1,0.312,Low,Low_Risk
CUST0094,38,Female,Single,Primary,Employed,100,260075,11,1,0,0.64,1,0,0,1,0.312,Low,Low_Risk
CUST2687,33,Male,Single,Secondary,Self-employed,124,9374,13,3,0,0.99,0,0,1,1,0.312,Medium,Low_Risk
CUST1370,33,Female,Single,Primary,Employed,36,191332,23,1,0,0.95,3,1,0,1,0.312,Medium,Low_Risk
CUST1021,33,Female,Single,Secondary,Self-employed,113,41997,14,4,0,0.8,3,0,1,1,0.312,Medium,Low_Risk
CUST0891,43,Female,Married,Secondary,Unemployed,82,507217,8,2,3,0.76,1,1,1,1,0.311,Low,Medium_Risk
CUST1042,48,Female,Single,Secondary,Employed,75,45845,20,1,1,0.66,1,1,0,1,0.311,Medium,Low_Risk
CUST1621,24,Female,Single,Secondary,Employed,71,29432,21,4,0,0.69,3,1,0,1,0.311,High,Low_Risk
CUST0750,58,Female,Single,Secondary,Employed,58,250265,18,1,0,0.62,4,1,0,1,0.311,Medium,Low_Risk
CUST1564,25,Female,Married,Secondary,Self-employed,72,323459,14,2,0,0.77,3,1,0,1,0.311,Medium,Low_Risk
CUST1607,32,Male,Single,Primary,Employed,94,339247,10,3,0,0.93,2,1,0,1,0.311,Medium,Low_Risk
CUST2217,32,Female,Single,,Employed,74,95609,19,4,0,0.77,0,0,0,1,0.311,High,Low_Risk
CUST0894,35,Female,Married,Primary,Employed,74,139552,18,1,1,0.64,3,1,0,1,0.311,Medium,Medium_Risk
CUST0128,51,Male,Single,Secondary,Self-employed,98,102182,15,3,0,0.94,4,0,0,1,0.311,Medium,Low_Risk
CUST0533,33,Male,Married,University,Employed,105,93675,14,3,1,0.57,2,0,0,1,0.311,Medium,Low_Risk
CUST2234,36,Male,Single,Primary,Employed,108,32921,15,2,0,0.57,0,0,0,1,0.311,Medium,Low_Risk
CUST1911,31,Male,Single,Primary,Employed,57,254248,18,2,0,0.57,1,1,0,1,0.311,Medium,Low_Risk
CUST2350,39,Male,Married,Secondary,Employed,115,24026,14,1,1,0.73,1,1,1,1,0.311,Low,Low_Risk
CUST0125,45,Male,Single,,Self-employed,22,326892,22,3,0,0.52,1,1,0,1,0.311,High,Low_Risk
CUST1096,21,Male,Married,,Employed,97,61682,16,4,0,0.54,0,0,0,1,0.31,Medium,Low_Risk
CUST1541,25,Female,Married,Secondary,Self-employed,84,63946,18,2,0,0.8,0,0,0,1,0.31,Medium,Low_Risk
CUST0217,42,Female,Single,Secondary,Employed,81,212061,15,1,1,0.53,1,0,0,1,0.31,Low,Low_Risk
CUST0690,18,Female,Single,Secondary,Employed,37,5954,27,1,1,0.7,2,0,1,1,0.31,Medium,Low_Risk
CUST2604,18,Female,Married,,Employed,36,481733,16,1,0,0.97,1,0,0,1,0.31,Low,Low_Risk
CUST0002,52,Female,Single,Primary,Self-employed,44,83725,24,1,2,0.98,2,0,0,1,0.31,Medium,Medium_Risk
CUST0912,25,Male,Single,Primary,Self-employed,111,6389,15,2,0,0.94,0,0,1,1,0.31,Medium,Low_Risk
CUST2009,26,Male,Married,Secondary,Employed,14,504169,19,2,0,0.69,0,0,0,1,0.31,Medium,Low_Risk
CUST0160,38,Female,Married,Secondary,Self-employed,108,21462,15,1,1,0.98,1,1,0,1,0.309,Low,Low_Risk
CUST1895,43,Male,Married,Secondary,Self-employed,125,75006,11,1,1,0.88,1,1,0,1,0.309,Low,Low_Risk
CUST1776,41,Male,Single,Primary,Employed,68,86793,20,4,0,0.89,1,1,0,1,0.309,High,Low_Risk
CUST2612,30,Male,Married,University,Self-employed,123,88372,11,2,0,0.61,0,1,0,1,0.309,Low,Low_Risk
CUST0031,26,Female,Single,Secondary,Employed,65,234948,17,3,0,0.93,1,1,1,1,0.309,Medium,Low_Risk
CUST2766,53,Male,Married,,Employed,62,128772,20,1,0,0.6,4,0,1,1,0.309,Medium,Low_Risk
CUST2082,44,Male,Single,Secondary,Employed,95,152607,14,3,1,0.53,0,0,0,1,0.308,Medium,Low_Risk
CUST2307,37,Male,Married,,Unemployed,34,487379,16,2,0,0.86,1,1,0,1,0.308,Medium,Low_Risk
CUST0260,41,Female,Married,Secondary,Self-employed,134,11628,11,1,0,0.5,1,1,0,1,0.308,Low,Low_Risk
CUST0949,37,Female,Married,Primary,Employed,113,26573,14,3,0,0.94,1,1,0,1,0.308,Medium,Low_Risk
CUST2593,26,Female,Divorced,Secondary,Employed,59,439575,13,2,0,0.53,1,0,1,1,0.308,Medium,Low_Risk
CUST0795,43,Male,Divorced,Primary,Employed,111,42480,14,3,1,0.53,0,0,1,1,0.308,Medium,Low_Risk
CUST2567,26,Male,Married,Secondary,Employed,53,272036,18,3,0,0.91,1,1,0,1,0.308,Medium,Low_Risk
CUST1366,47,Male,Single,,Self-employed,61,421948,13,1,0,0.6,3,1,1,1,0.307,Low,Low_Risk
CUST1258,22,Female,Single,Secondary,Self-employed,123,41126,12,2,0,0.68,2,0,1,1,0.307,Low,Low_Risk
CUST1201,29,Female,Married,Secondary,Employed,45,191989,21,2,0,0.6,1,1,0,1,0.307,Medium,Low_Risk
CUST2299,42,Male,Married,,Employed,5,598052,18,3,0,0.96,2,1,0,1,0.307,Medium,Low_Risk
CUST0910,18,Female,Married,Secondary,Employed,122,257033,7,2,0,0.56,4,0,0,1,0.307,Low,Low_Risk
CUST0042,29,Female,Married,Secondary,Self-employed,11,513794,19,3,0,0.6,1,1,0,1,0.307,Medium,Low_Risk
CUST0358,39,Female,Married,,Employed,129,82107,10,2,0,0.62,2,0,1,1,0.307,Low,Low_Risk
CUST0602,32,Male,Single,Secondary,Self-employed,108,59437,14,2,0,0.85,0,1,0,1,0.307,Medium,Low_Risk
CUST1142,32,Male,Single,University,Unemployed,66,135195,19,1,0,0.98,0,0,0,1,0.307,Medium,Low_Risk
CUST1207,25,Female,Married,Secondary,Self-employed,59,139887,20,1,1,0.71,0,1,0,1,0.307,Medium,Low_Risk
CUST2978,38,Female,Single,University,Unemployed,16,350992,22,1,1,0.71,0,0,1,1,0.307,Medium,Low_Risk
CUST2096,18,Female,Divorced,Secondary,Employed,17,427668,20,4,0,0.73,1,1,1,1,0.307,High,Low_Risk
CUST1559,28,Female,Married,Secondary,Employed,48,424556,15,1,0,0.75,1,1,0,1,0.306,Low,Low_Risk
CUST1672,40,Female,Married,University,Self-employed,92,80430,16,2,0,0.66,1,0,0,1,0.306,Medium,Low_Risk
CUST0525,49,Male,Divorced,Secondary,Self-employed,128,128770,9,3,1,0.74,1,1,0,1,0.306,Medium,Low_Risk
CUST0162,47,Male,Single,Primary,Self-employed,54,511355,12,1,1,0.72,2,1,0,1,0.306,Low,Low_Risk
CUST0257,34,Male,Married,Secondary,Self-employed,113,16999,14,4,1,0.75,1,1,1,1,0.306,Medium,Low_Risk
CUST2412,50,Male,Single,Secondary,Employed,16,344960,22,3,1,0.97,1,1,0,1,0.306,High,Low_Risk
CUST0911,18,Male,Single,University,Self-employed,122,43600,12,1,0,0.79,2,1,1,1,0.306,Low,Low_Risk
CUST1007,39,Male,Divorced,University,Employed,134,2600,11,2,0,0.51,0,1,0,1,0.306,Low,Low_Risk
CUST0090,22,Female,Married,Secondary,Employed,36,379470,18,3,0,0.83,3,0,0,1,0.306,Medium,Low_Risk
CUST1279,39,Male,Divorced,Secondary,Employed,140,39850,9,2,0,0.84,0,0,0,1,0.305,Low,Low_Risk
CUST2015,33,Female,Single,Primary,Self-employed,75,62371,19,3,0,0.66,0,1,0,1,0.305,Medium,Low_Risk
CUST2729,32,Female,Single,Primary,Employed,102,262252,10,1,0,0.7,0,1,0,1,0.305,Low,Low_Risk
CUST2135,32,Male,Divorced,University,Self-employed,80,157321,16,4,0,0.73,4,1,1,1,0.305,Medium,Low_Risk
CUST0693,18,Male,Married,Secondary,Employed,89,12075,18,1,0,0.57,1,0,0,1,0.305,Medium,Low_Risk
CUST1137,32,Female,Single,,Unemployed,87,278751,12,1,1,0.54,0,1,0,1,0.305,Low,Low_Risk
CUST2127,47,Male,Single,,Self-employed,83,10890,19,1,0,0.55,1,1,0,1,0.305,Medium,Low_Risk
CUST1465,53,Female,Single,Primary,Self-employed,90,4362,18,1,1,0.85,1,1,0,1,0.305,Medium,Low_Risk
CUST2910,27,Female,Single,Primary,Employed,43,368775,17,1,0,0.62,0,0,0,1,0.305,Low,Low_Risk
CUST0076,35,Female,Single,Secondary,Employed,142,28755,9,2,0,0.96,0,0,1,1,0.305,Low,Low_Risk
CUST2117,28,Male,Married,University,Employed,72,169556,17,1,1,0.8,0,1,0,1,0.305,Low,Low_Risk
CUST2099,36,Female,Single,Secondary,Self-employed,65,1498,22,1,0,0.51,0,1,0,1,0.304,Medium,Low_Risk
CUST1359,29,Female,Married,Primary,Employed,93,65270,16,2,0,0.67,3,0,0,1,0.304,Medium,Low_Risk
CUST2847,37,Male,Single,Secondary,Employed,79,160472,16,3,0,0.78,3,0,0,1,0.304,Medium,Low_Risk
CUST0770,39,Male,Single,University,Employed,88,139026,15,1,0,0.63,0,0,0,1,0.304,Low,Low_Risk
CUST2865,38,Male,Divorced,University,Self-employed,98,30348,16,2,0,0.84,2,1,0,1,0.304,Medium,Low_Risk
CUST0644,37,Female,Married,Secondary,Employed,90,82386,16,3,1,0.56,1,0,0,1,0.304,Medium,Low_Risk
CUST1204,37,Female,Single,University,Unemployed,49,446982,14,1,0,0.91,1,0,0,1,0.303,Low,Low_Risk
CUST0379,32,Male,Married,Secondary,Self-employed,79,240331,14,2,0,0.65,1,1,0,1,0.303,Medium,Low_Risk
CUST0151,40,Male,Married,,Employed,71,82437,19,2,0,0.53,1,1,0,1,0.303,Medium,Low_Risk
CUST0217,43,Female,Single,Secondary,Employed,118,14061,13,2,0,0.59,1,1,1,1,0.303,Medium,Low_Risk
CUST0244,21,Male,Married,Primary,Employed,78,161821,16,1,0,0.62,1,0,1,1,0.303,Low,Low_Risk
CUST0498,33,Female,Single,Secondary,Self-employed,69,353891,13,3,0,0.86,2,0,0,1,0.303,Medium,Low_Risk
CUST0343,24,Male,Married,Secondary,Unemployed,74,21064,20,3,0,0.91,1,1,0,1,0.303,Medium,Low_Risk
CUST2483,26,Male,Single,Secondary,Unemployed,125,10766,12,1,0,0.9,1,1,0,1,0.303,Low,Low_Risk
CUST1498,62,Female,Single,Secondary,Unemployed,62,396844,13,3,0,0.96,3,1,0,1,0.302,Medium,Low_Risk
CUST2910,46,Male,Single,Primary,Employed,12,653941,15,2,0,0.99,1,0,0,1,0.302,Medium,Low_Risk
CUST0068,37,Male,Single,Secondary,Self-employed,71,165456,17,1,0,0.52,1,1,0,1,0.302,Low,Low_Risk
CUST1464,18,Female,Single,Secondary,Self-employed,130,11327,11,1,0,0.73,1,1,1,1,0.302,Low,Low_Risk
CUST2684,50,Female,Single,Secondary,Employed,119,3107,13,1,0,0.68,1,1,1,1,0.302,Low,Low_Risk
CUST0178,20,Male,Divorced,Primary,Employed,72,157140,17,2,0,0.75,0,1,0,1,0.302,Medium,Low_Risk
CUST1496,29,Male,Married,Secondary,Employed,138,84736,8,2,1,0.54,1,1,0,1,0.302,Low,Low_Risk
CUST0656,31,Male,Married,Primary,Self-employed,24,572350,15,4,0,0.72,3,1,0,1,0.302,Medium,Low_Risk
CUST2315,21,Male,Divorced,University,Employed,43,14985,25,1,1,0.71,2,1,0,1,0.302,Medium,Low_Risk
CUST0714,47,Female,Divorced,Primary,Self-employed,134,27045,10,1,1,0.6,3,1,1,1,0.302,Low,Medium_Risk
CUST0140,33,Male,Married,Secondary,Unemployed,96,113562,14,1,0,0.9,3,0,0,1,0.301,Low,Low_Risk
CUST2723,38,Male,Married,Primary,Employed,118,50072,12,2,0,0.82,2,1,0,1,0.301,Low,Low_Risk
CUST2989,36,Female,Single,University,Self-employed,117,14253,13,2,0,0.81,0,1,0,1,0.301,Medium,Low_Risk
CUST1381,49,Male,Divorced,,Employed,71,32630,20,1,0,0.67,0,1,0,1,0.301,Medium,Low_Risk
CUST2828,36,Male,Single,Secondary,Self-employed,107,81047,13,2,1,0.78,1,0,1,1,0.301,Medium,Low_Risk
CUST1079,29,Female,Married,Primary,Self-employed,94,130856,14,3,0,0.59,1,0,0,1,0.301,Medium,Low_Risk
CUST1729,40,Male,Married,Primary,Employed,49,268443,18,2,1,0.9,0,1,0,1,0.301,Medium,Low_Risk
CUST0382,37,Female,Single,Primary,Employed,54,403429,14,4,0,0.62,0,0,0,1,0.301,Medium,Low_Risk
CUST2678,34,Male,Married,Secondary,Employed,96,28691,16,2,0,0.53,2,1,0,1,0.301,Medium,Low_Risk
CUST1369,48,Female,Single,University,Employed,74,307687,13,1,0,0.85,1,1,0,1,0.301,Low,Low_Risk
CUST2915,24,Male,Married,University,Self-employed,108,76673,13,4,0,0.79,1,1,0,1,0.301,Medium,Low_Risk
CUST0482,39,Female,Married,Secondary,Self-employed,124,3302,12,1,0,0.63,2,0,1,1,0.3,Low,Low_Risk
CUST2572,58,Female,Married,,Employed,71,197285,16,2,0,0.53,1,0,1,1,0.3,Medium,Low_Risk
CUST1104,31,Male,Single,Secondary,Employed,36,312560,19,3,1,0.77,0,0,0,1,0.3,Medium,Low_Risk
CUST1098,30,Female,Married,Secondary,Self-employed,109,149526,11,1,0,0.55,2,1,0,1,0.3,Low,Low_Risk
CUST2007,43,Male,Single,University,Self-employed,75,297635,13,1,1,0.82,1,1,0,1,0.3,Low,Low_Risk
CUST2700,39,Male,Single,Secondary,Self-employed,95,204302,12,1,0,0.87,2,1,0,1,0.3,Low,Low_Risk
CUST1768,43,Female,Divorced,University,Employed,60,20616,22,1,0,0.63,2,0,1,1,0.3,Medium,Low_Risk
CUST1803,20,Female,Married,Secondary,Self-employed,59,192773,18,1,0,0.96,1,1,0,1,0.299,Medium,Low_Risk
CUST1120,44,Female,Married,Secondary,Employed,60,15635,22,1,1,0.81,0,0,0,1,0.299,Medium,Low_Risk
CUST1912,37,Male,Single,University,Self-employed,145,24288,8,3,0,0.88,2,1,0,1,0.299,Medium,Low_Risk
CUST1154,56,Male,Married,Primary,Self-employed,134,15068,10,4,1,0.82,0,0,0,1,0.299,Medium,Low_Risk
CUST1950,35,Female,Married,,Self-employed,90,19670,17,1,2,0.97,1,0,0,1,0.299,Low,Medium_Risk
CUST2424,52,Male,Married,Secondary,Employed,95,70306,15,2,0,0.71,1,1,1,1,0.299,Medium,Low_Risk
CUST1331,29,Male,Married,Primary,Unemployed,55,306591,16,2,0,0.53,3,1,0,1,0.299,Medium,Low_Risk
CUST2491,33,Female,Single,Primary,Employed,89,28511,17,2,1,0.62,1,0,0,1,0.299,Medium,Low_Risk
CUST2375,29,Male,Married,Secondary,Self-employed,107,72357,13,2,0,0.58,1,1,0,1,0.299,Medium,Low_Risk
CUST2641,24,Female,Divorced,University,Self-employed,35,189133,22,1,0,0.52,1,1,0,1,0.299,Medium,Low_Risk
CUST2451,26,Female,Single,Secondary,Self-employed,64,195696,17,3,1,0.74,2,1,0,1,0.298,Medium,Low_Risk
CUST0104,35,Female,Married,Secondary,Self-employed,75,118232,17,3,0,0.56,0,1,0,1,0.298,Medium,Low_Risk
CUST0866,46,Male,Married,,Employed,69,32275,20,1,1,0.81,0,1,0,1,0.298,Medium,Low_Risk
CUST1315,37,Male,Divorced,Primary,Self-employed,59,315427,15,3,0,0.8,1,0,0,1,0.298,Medium,Low_Risk
CUST0686,25,Male,Married,Primary,Unemployed,86,215738,13,2,0,0.52,1,1,1,1,0.298,Medium,Low_Risk
CUST2416,33,Male,Married,Secondary,Employed,112,37204,13,1,0,0.67,1,0,0,1,0.298,Low,Low_Risk
CUST0445,34,Male,Single,University,Employed,28,527681,15,1,0,0.91,2,1,1,1,0.298,Low,Low_Risk
CUST1646,18,Female,Divorced,Secondary,Employed,117,500,13,1,2,0.86,1,0,0,1,0.298,Low,Medium_Risk
CUST2052,34,Male,Single,Secondary,Self-employed,105,82192,13,3,1,0.97,5,0,0,1,0.298,Medium,Medium_Risk
CUST2798,18,Female,Divorced,University,Employed,120,61573,11,1,0,0.62,1,1,1,1,0.297,Low,Low_Risk
CUST0782,20,Male,Single,,Employed,80,251975,13,4,0,0.93,1,1,0,1,0.297,Medium,Low_Risk
CUST0885,23,Female,Married,Secondary,Self-employed,64,107685,19,1,0,0.9,1,1,0,1,0.297,Medium,Low_Risk
CUST0569,36,Female,Single,Primary,Employed,22,140965,25,4,1,0.64,3,0,0,1,0.297,High,Medium_Risk
CUST2932,32,Female,Married,Secondary,Self-employed,41,221078,20,1,0,0.72,3,1,0,1,0.297,Medium,Low_Risk
CUST1247,37,Female,Single,University,Employed,61,380626,13,4,0,0.51,2,1,0,1,0.297,Medium,Low_Risk
CUST1391,33,Male,Single,Primary,Unemployed,83,19685,18,1,0,0.71,1,1,1,1,0.297,Medium,Low_Risk
CUST2065,34,Male,Single,Secondary,Self-employed,49,206179,19,1,0,0.88,2,1,0,1,0.296,Medium,Low_Risk
CUST2472,34,Female,Married,Secondary,Employed,107,17884,14,2,0,0.64,0,1,1,1,0.296,Medium,Low_Risk
CUST1846,24,Female,Married,Secondary,Employed,60,1410,22,2,0,0.59,1,1,1,1,0.296,Medium,Low_Risk
CUST2396,39,Female,Single,Secondary,Employed,108,10851,14,3,0,0.56,0,0,1,1,0.296,Medium,Low_Risk
CUST1134,27,Female,Married,Primary,Employed,106,26750,14,1,0,0.96,3,0,0,1,0.296,Low,Low_Risk
CUST2426,21,Female,Married,Primary,Employed,70,106030,18,1,0,0.7,2,1,1,1,0.296,Medium,Low_Risk
CUST2639,29,Male,Single,Secondary,Employed,37,75525,24,2,0,0.81,1,1,0,1,0.296,Medium,Low_Risk
CUST1736,24,Male,Single,,Employed,98,34394,15,2,0,0.93,0,0,0,1,0.295,Medium,Low_Risk
CUST2180,18,Male,Single,Secondary,Self-employed,52,267964,17,3,0,0.98,2,0,1,1,0.295,Medium,Low_Risk
CUST0885,20,Female,Married,Secondary,Employed,56,536133,10,3,0,0.77,2,0,0,1,0.295,Medium,Low_Risk
CUST0979,38,Female,Married,Secondary,Self-employed,40,262766,19,2,0,0.55,1,0,0,1,0.295,Medium,Low_Risk
CUST1415,45,Female,Single,Primary,Employed,99,26074,15,1,0,0.96,0,1,0,1,0.295,Low,Low_Risk
CUST2830,44,Female,Single,Secondary,Employed,138,100753,7,3,0,0.51,3,0,1,1,0.295,Low,Low_Risk
CUST0424,37,Female,Married,Primary,Employed,87,236020,12,2,0,0.68,1,1,0,1,0.295,Low,Low_Risk
CUST2986,33,Male,Married,Secondary,Employed,57,18205,22,3,0,0.99,3,1,0,1,0.295,High,Low_Risk
CUST0577,49,Male,Single,University,Self-employed,74,198660,15,3,0,0.56,0,1,1,1,0.295,Medium,Low_Risk
CUST0013,27,Male,Single,Primary,Employed,25,489601,16,2,0,0.93,2,0,0,1,0.294,Medium,Low_Risk
CUST0398,28,Female,Married,Primary,Unemployed,65,514172,9,1,0,0.78,2,1,0,1,0.294,Low,Low_Risk
CUST1161,44,Female,Married,Primary,Employed,68,237443,15,4,0,0.98,4,1,0,1,0.294,Medium,Low_Risk
CUST0408,32,Male,Single,University,Employed,121,86593,10,2,1,0.51,2,1,1,1,0.294,Low,Low_Risk
CUST2192,27,Male,Single,Primary,Employed,100,60953,14,1,0,0.62,0,0,1,1,0.294,Low,Low_Risk
CUST2967,29,Female,Married,Primary,Employed,68,152460,17,3,0,0.89,1,1,0,1,0.294,Medium,Low_Risk
CUST0916,18,Female,Married,Primary,Employed,105,108837,12,3,0,0.55,0,1,1,1,0.294,Medium,Low_Risk
CUST2753,35,Female,Single,Secondary,Self-employed,89,5739,17,1,1,0.7,1,1,0,1,0.294,Low,Low_Risk
CUST0340,44,Female,Married,Secondary,Employed,109,39980,13,3,0,0.89,1,1,0,1,0.294,Medium,Low_Risk
CUST2104,33,Female,Single,Primary,Self-employed,124,65026,10,1,1,0.98,2,1,0,1,0.294,Low,Low_Risk
CUST2510,26,Male,Married,Primary,Employed,78,127222,16,1,0,0.69,1,0,0,1,0.294,Low,Low_Risk
CUST1663,43,Male,Divorced,,Employed,70,96891,18,4,0,0.81,0,1,0,1,0.294,High,Low_Risk
CUST1868,36,Male,Married,Primary,Employed,7,316505,23,1,0,0.78,1,1,1,1,0.294,Medium,Low_Risk
CUST2898,18,Male,Married,Primary,Employed,107,53043,13,1,0,0.59,3,0,0,1,0.294,Low,Low_Risk
CUST2607,32,Male,Married,Primary,Self-employed,45,138705,21,2,2,0.82,3,0,0,1,0.294,Medium,Medium_Risk
CUST1553,18,Female,Divorced,Primary,Employed,81,229023,13,3,1,0.64,1,1,0,1,0.293,Medium,Low_Risk
CUST0359,35,Female,Divorced,Secondary,Self-employed,126,44181,10,2,0,0.64,1,1,0,1,0.293,Low,Low_Risk
CUST2650,45,Male,Single,Secondary,Self-employed,84,164907,14,3,1,0.69,0,1,0,1,0.293,Medium,Low_Risk
CUST1334,38,Male,Married,Secondary,Employed,98,66930,14,2,0,0.74,1,0,0,1,0.293,Medium,Low_Risk
CUST2132,32,Female,Single,University,Self-employed,107,50370,13,1,0,0.94,1,1,0,1,0.293,Low,Low_Risk
CUST0701,49,Female,Married,Secondary,Employed,106,225957,9,1,2,0.51,2,1,1,1,0.293,Low,Medium_Risk
CUST0022,37,Male,Married,Secondary,Employed,64,48729,20,2,0,0.59,5,0,0,1,0.293,Medium,Medium_Risk
CUST0120,32,Male,Single,Primary,Employed,88,93460,15,2,0,0.63,1,0,0,1,0.293,Medium,Low_Risk
CUST2008,38,Female,Single,Secondary,Self-employed,108,85604,12,2,1,0.68,0,1,0,1,0.293,Low,Low_Risk
CUST2288,28,Male,Married,Secondary,Employed,87,270992,11,1,0,0.52,0,0,1,1,0.293,Low,Low_Risk
CUST1178,18,Male,Single,University,Employed,84,162666,14,3,1,0.67,1,0,0,1,0.292,Medium,Low_Risk
CUST0925,28,Male,Single,Secondary,Employed,25,183592,23,4,0,0.9,0,1,0,1,0.292,High,Low_Risk
CUST2008,27,Male,Single,Secondary,Employed,21,382613,19,1,0,0.79,1,1,0,1,0.292,Medium,Low_Risk
CUST1437,26,Female,Single,,Employed,82,49113,17,2,0,0.57,2,1,0,1,0.292,Medium,Low_Risk
CUST1679,34,Female,Single,Secondary,Self-employed,87,181666,13,1,0,0.96,0,0,0,1,0.292,Low,Low_Risk
CUST0027,49,Female,Single,Secondary,Employed,34,123145,23,4,0,0.58,2,0,0,1,0.292,High,Low_Risk
CUST1248,35,Female,Single,,Employed,43,486873,13,1,2,0.82,2,0,0,1,0.292,Low,Medium_Risk
CUST0860,23,Male,Married,Primary,Self-employed,25,568153,14,3,1,0.55,0,1,0,1,0.292,Medium,Low_Risk
CUST1079,22,Female,Married,Secondary,Employed,97,23929,15,1,0,0.65,1,0,0,1,0.291,Low,Low_Risk
CUST2572,37,Female,Single,Secondary,Employed,81,92305,16,1,0,0.5,0,1,0,1,0.291,Low,Low_Risk
CUST1202,27,Male,Single,Primary,Employed,21,291604,21,2,0,0.77,1,1,0,1,0.291,Medium,Low_Risk
CUST1278,52,Male,Single,Secondary,Employed,115,28026,12,2,0,0.88,0,1,0,1,0.291,Low,Low_Risk
CUST2536,22,Male,Single,Primary,Self-employed,128,66870,9,2,0,0.85,0,1,0,1,0.291,Low,Low_Risk
CUST2404,52,Female,Married,Secondary,Employed,80,140620,15,2,0,0.8,1,1,1,1,0.291,Medium,Low_Risk
CUST2859,35,Male,Single,Secondary,Employed,25,522405,15,1,1,0.83,2,0,0,1,0.291,Low,Low_Risk
CUST0959,37,Female,Married,Secondary,Self-employed,96,26075,15,1,0,0.88,0,1,0,1,0.29,Low,Low_Risk
CUST0025,35,Male,Single,University,Employed,5,485891,19,1,1,0.85,1,0,0,1,0.29,Medium,Low_Risk
CUST2482,21,Female,Divorced,Secondary,Employed,10,324077,22,1,1,0.95,2,1,1,1,0.29,Medium,Low_Risk
CUST1324,34,Male,Single,,Self-employed,79,59212,17,2,0,0.88,0,0,0,1,0.29,Medium,Low_Risk
CUST0606,40,Female,Married,Primary,Employed,61,11912,21,3,0,0.65,1,0,0,1,0.29,Medium,Low_Risk
CUST0711,47,Male,Married,University,Employed,75,126088,16,1,1,0.92,1,1,1,1,0.289,Low,Low_Risk
CUST2345,36,Male,Single,,Self-employed,110,55112,12,3,0,0.92,1,0,0,1,0.289,Medium,Low_Risk
CUST1613,44,Male,Single,University,Self-employed,113,77391,11,3,0,0.95,3,1,0,1,0.289,Medium,Low_Risk
CUST1239,38,Male,Divorced,Primary,Unemployed,62,43548,20,3,0,0.57,3,0,1,1,0.289,Medium,Low_Risk
CUST0016,43,Male,Single,University,Self-employed,110,56205,12,1,0,0.74,2,0,1,1,0.289,Low,Low_Risk
CUST1895,34,Female,Married,Secondary,Self-employed,2,458886,20,2,0,0.55,0,0,0,1,0.289,Medium,Low_Risk
CUST2113,25,Male,Single,,Employed,104,12225,14,1,0,0.67,0,1,1,1,0.289,Low,Low_Risk
CUST0597,50,Female,Single,,Self-employed,63,166522,17,1,0,0.58,0,1,1,1,0.289,Low,Low_Risk
CUST0071,37,Male,Married,Primary,Self-employed,112,168214,9,1,0,0.86,2,1,0,1,0.289,Low,Low_Risk
CUST1116,25,Male,Divorced,Primary,Self-employed,122,94462,9,2,0,0.54,4,1,1,1,0.288,Low,Low_Risk
CUST2655,41,Male,Single,University,Employed,114,22575,12,2,0,0.85,2,1,1,1,0.288,Low,Low_Risk
CUST1099,39,Female,Single,Secondary,Employed,123,131252,8,3,1,0.54,0,0,0,1,0.288,Medium,Low_Risk
CUST1752,50,Female,Married,University,Employed,110,8472,13,1,1,0.68,1,1,0,1,0.288,Low,Low_Risk
CUST1006,33,Male,Married,Primary,Employed,39,327140,17,2,0,0.86,1,0,0,1,0.288,Medium,Low_Risk
CUST1514,46,Male,Single,Secondary,Employed,55,88110,20,1,0,0.55,1,1,1,1,0.288,Medium,Low_Risk
CUST2098,29,Male,Married,University,Employed,127,19676,10,1,0,0.9,1,1,0,1,0.288,Low,Low_Risk
CUST2612,34,Female,Divorced,Secondary,Employed,51,202013,18,4,0,0.77,1,1,0,1,0.288,High,Low_Risk
CUST2635,19,Male,Single,,Employed,58,237439,16,4,1,0.74,1,1,1,1,0.288,Medium,Low_Risk
CUST0399,29,Female,Married,University,Self-employed,84,104104,15,1,0,0.54,1,1,0,1,0.288,Low,Low_Risk
CUST2312,43,Female,Married,Primary,Unemployed,86,210214,12,1,0,0.98,1,0,0,1,0.287,Low,Low_Risk
CUST0737,26,Male,Single,Primary,Employed,51,198206,18,4,0,0.8,0,1,0,1,0.287,High,Low_Risk
CUST2033,33,Female,Single,University,Employed,67,88846,18,1,0,0.92,0,1,0,1,0.287,Medium,Low_Risk
CUST0381,47,Female,Single,Primary,Employed,78,222594,13,1,0,0.76,3,1,0,1,0.287,Low,Low_Risk
CUST2058,20,Male,Married,Primary,Employed,27,447142,16,1,0,0.74,0,1,0,1,0.287,Low,Low_Risk
CUST1323,40,Female,Married,University,Employed,95,151791,12,4,1,0.76,1,0,0,1,0.287,Medium,Low_Risk
CUST1464,46,Female,Single,Secondary,Employed,73,130629,16,1,0,0.84,3,0,0,1,0.287,Low,Low_Risk
CUST1327,50,Female,Single,Secondary,Self-employed,81,160000,14,3,1,0.6,1,0,0,1,0.287,Medium,Low_Risk
CUST2858,32,Male,Divorced,Primary,Employed,83,62101,16,4,1,0.86,0,1,0,1,0.287,Medium,Low_Risk
CUST2765,29,Female,Married,Secondary,Self-employed,54,263279,16,1,0,0.79,0,1,0,1,0.287,Low,Low_Risk
CUST1026,40,Female,Single,University,Employed,102,142278,11,1,0,0.54,2,1,1,1,0.287,Low,Low_Risk
CUST2611,34,Female,Married,University,Self-employed,93,77995,14,1,1,0.79,4,0,0,1,0.287,Low,Medium_Risk
CUST2760,42,Male,Married,Secondary,Employed,73,168346,15,2,1,0.95,0,1,0,1,0.286,Medium,Low_Risk
CUST0666,38,Female,Married,Primary,Employed,105,75770,12,3,0,0.56,2,1,0,1,0.286,Medium,Low_Risk
CUST1058,30,Female,Married,Secondary,Self-employed,23,259450,21,1,1,0.61,0,1,1,1,0.286,Medium,Low_Risk
CUST2329,31,Male,Divorced,University,Employed,34,309919,18,2,1,0.8,0,0,0,1,0.286,Medium,Low_Risk
CUST2074,32,Male,Single,,Employed,28,395311,17,1,1,0.88,2,1,1,1,0.286,Low,Low_Risk
CUST1646,19,Male,Single,Primary,Employed,54,173169,18,1,0,0.78,2,0,0,1,0.286,Medium,Low_Risk
CUST1797,37,Female,Married,University,Employed,104,39950,13,2,0,0.86,1,1,0,1,0.286,Medium,Low_Risk
CUST2646,29,Female,Single,Primary,Unemployed,108,51199,12,2,1,0.77,0,1,0,1,0.285,Low,Low_Risk
CUST1815,22,Female,Single,Primary,Unemployed,69,64178,18,2,0,0.62,0,1,0,1,0.285,Medium,Low_Risk
CUST2279,18,Male,Divorced,University,Employed,49,118940,20,2,0,0.74,1,0,0,1,0.285,Medium,Low_Risk
CUST2125,42,Female,Married,Primary,Unemployed,93,26378,15,2,0,0.91,2,0,0,1,0.285,Medium,Low_Risk
CUST2584,45,Female,Married,Secondary,Employed,71,220426,14,2,0,0.74,1,1,1,1,0.285,Medium,Low_Risk
CUST1415,36,Female,Married,Secondary,Employed,65,177966,16,1,0,0.88,1,0,0,1,0.285,Low,Low_Risk
CUST2644,39,Female,Single,Secondary,Self-employed,101,16360,14,1,0,0.94,1,0,0,1,0.285,Low,Low_Risk
CUST1770,43,Male,Single,University,Self-employed,79,37274,17,3,0,0.58,2,0,1,1,0.285,Medium,Low_Risk
CUST2440,28,Female,Single,University,Self-employed,131,22082,9,3,1,0.8,2,0,0,1,0.285,Medium,Low_Risk
CUST1448,23,Male,Single,University,Employed,42,416894,14,2,1,0.81,0,1,1,1,0.284,Medium,Low_Risk
CUST2986,32,Female,Single,Secondary,Employed,83,8327,17,2,0,0.94,1,1,0,1,0.284,Medium,Low_Risk
CUST0358,39,Male,Divorced,Primary,Employed,26,316590,19,2,0,0.56,1,0,1,1,0.284,Medium,Low_Risk
CUST2041,31,Male,Married,University,Employed,97,166558,11,2,0,0.79,0,1,0,1,0.284,Low,Low_Risk
CUST0280,44,Male,Married,Secondary,Self-employed,128,82011,8,1,3,0.59,1,1,1,1,0.284,Low,Medium_Risk
CUST2298,38,Female,Single,University,Self-employed,53,172997,18,2,0,0.79,0,0,0,1,0.284,Medium,Low_Risk
CUST1202,31,Female,Married,,Unemployed,66,123849,17,1,0,0.84,2,1,0,1,0.284,Low,Low_Risk
CUST2309,49,Female,Married,Primary,Employed,101,96195,12,2,0,0.93,2,1,0,1,0.284,Low,Low_Risk
CUST2871,18,Female,Married,Secondary,Employed,100,59072,13,1,1,0.78,2,1,0,1,0.284,Low,Low_Risk
CUST0297,36,Male,Single,Secondary,Employed,68,27927,19,3,0,0.57,0,1,0,1,0.284,Medium,Low_Risk
CUST1540,27,Female,Married,,Self-employed,59,132338,18,1,0,0.76,0,1,0,1,0.284,Medium,Low_Risk
CUST2605,52,Female,Single,University,Employed,10,382456,20,1,0,0.83,0,0,0,1,0.284,Medium,Low_Risk
CUST0995,57,Female,Single,Primary,Self-employed,119,15614,11,1,0,0.86,0,1,0,1,0.284,Low,Low_Risk
CUST1960,26,Female,Single,Primary,Unemployed,151,2896,6,2,0,0.55,1,1,0,1,0.283,Low,Low_Risk
CUST2734,39,Female,Married,Secondary,Employed,98,69212,13,2,1,0.58,2,0,0,1,0.283,Medium,Low_Risk
CUST2602,20,Male,Married,Primary,Employed,94,14323,15,3,0,0.6,1,0,0,1,0.283,Medium,Low_Risk
CUST2507,29,Male,Married,University,Employed,83,129511,14,1,1,0.79,2,1,0,1,0.283,Low,Low_Risk
CUST0129,30,Male,Married,Secondary,Employed,99,106640,12,4,1,0.61,2,1,1,1,0.283,Medium,Low_Risk
CUST1276,38,Male,Married,,Employed,3,510453,18,4,0,0.75,2,1,1,1,0.283,High,Low_Risk
CUST1153,28,Female,Single,Primary,Employed,70,177051,15,2,0,0.64,1,1,0,1,0.283,Medium,Low_Risk
CUST2826,44,Male,Divorced,Primary,Self-employed,97,119234,12,1,0,0.65,0,0,1,1,0.283,Low,Low_Risk
CUST0502,39,Female,Married,University,Self-employed,95,46136,14,2,0,0.54,0,1,0,1,0.282,Medium,Low_Risk
CUST1562,28,Female,Married,,Self-employed,119,6664,11,1,1,0.52,0,1,0,1,0.282,Low,Low_Risk
CUST2058,28,Female,Married,Primary,Employed,93,14397,15,3,0,0.5,2,1,0,1,0.282,Medium,Low_Risk
CUST0358,43,Male,Divorced,,Unemployed,111,20176,12,2,0,0.64,2,1,0,1,0.282,Low,Low_Risk
CUST0142,34,Female,Single,University,Self-employed,41,374036,15,1,0,0.78,0,1,0,1,0.282,Low,Low_Risk
CUST1333,18,Female,Single,Secondary,Self-employed,34,211118,20,1,0,0.71,3,0,1,1,0.282,Medium,Low_Risk
CUST0036,23,Female,Single,Primary,Employed,22,334089,19,4,0,0.64,1,1,0,1,0.282,High,Low_Risk
CUST0171,31,Male,Married,Secondary,Employed,111,18895,12,3,0,0.78,2,1,1,1,0.282,Medium,Low_Risk
CUST0416,18,Male,Married,University,Unemployed,133,78233,7,1,0,0.94,3,1,0,1,0.282,Low,Low_Risk
CUST2936,26,Male,Single,Secondary,Employed,82,6457,17,1,0,0.59,3,1,1,1,0.282,Low,Low_Risk
CUST0526,37,Male,Married,Secondary,Unemployed,87,99247,14,1,0,0.89,3,1,1,1,0.282,Low,Low_Risk
CUST2449,31,Male,Single,Secondary,Employed,73,321505,11,1,0,0.57,0,0,0,1,0.282,Low,Low_Risk
CUST1426,31,Male,Married,Secondary,Self-employed,25,394907,17,2,0,0.82,2,1,0,1,0.281,Medium,Low_Risk
CUST1055,37,Male,Married,Primary,Self-employed,87,51490,15,2,0,0.76,3,0,0,1,0.281,Medium,Low_Risk
CUST0481,42,Female,Married,Primary,Employed,80,100365,15,1,0,0.93,0,0,0,1,0.281,Low,Low_Risk
CUST0208,34,Male,Single,Secondary,Employed,124,54501,9,2,0,0.5,2,1,0,1,0.281,Low,Low_Risk
CUST2738,32,Female,Married,Secondary,Employed,70,127175,16,1,0,0.79,0,1,1,1,0.281,Low,Low_Risk
CUST1162,35,Male,Married,Secondary,Employed,111,57088,11,1,0,0.88,1,1,0,1,0.281,Low,Low_Risk
CUST1716,28,Female,Married,University,Self-employed,53,113835,19,2,0,0.61,2,0,0,1,0.28,Medium,Low_Risk
CUST2599,32,Male,Single,Secondary,Employed,96,71234,13,2,0,0.64,0,0,0,1,0.28,Medium,Low_Risk
CUST0375,46,Male,Married,Secondary,Self-employed,61,226114,15,3,0,0.61,2,1,0,1,0.28,Medium,Low_Risk
CUST2658,33,Male,Single,Primary,Employed,74,179685,14,3,0,0.99,0,1,1,1,0.28,Medium,Low_Risk
CUST1868,30,Female,Single,Secondary,Employed,86,14402,16,1,1,0.79,2,0,1,1,0.28,Low,Low_Risk
CUST0424,37,Female,Single,Secondary,Self-employed,69,45096,18,2,1,0.73,2,1,0,1,0.28,Medium,Low_Risk
CUST0578,42,Female,Married,University,Employed,27,461005,15,1,1,0.73,1,0,0,1,0.28,Low,Low_Risk
CUST1668,48,Male,Married,Secondary,Employed,92,185883,11,1,0,0.69,2,1,1,1,0.28,Low,Low_Risk
CUST2655,44,Male,Single,Secondary,Employed,72,68269,17,3,1,0.97,1,0,1,1,0.28,Medium,Low_Risk
CUST0318,52,Female,Married,Secondary,Self-employed,99,4526,14,2,1,0.94,1,1,0,1,0.279,Medium,Low_Risk
CUST0799,46,Male,Divorced,Primary,Unemployed,17,442300,17,4,1,0.79,0,1,0,1,0.279,High,Low_Risk
CUST1750,56,Female,Married,Primary,Unemployed,58,285118,14,2,0,0.59,1,0,0,1,0.279,Medium,Low_Risk
CUST2685,42,Female,Married,Secondary,Employed,54,61090,20,1,0,0.64,1,0,0,1,0.279,Medium,Low_Risk
CUST2940,39,Female,Single,Secondary,Self-employed,92,10885,15,1,0,0.58,1,1,0,1,0.279,Low,Low_Risk
CUST2806,35,Male,Single,,Employed,94,83079,13,1,0,0.94,1,0,0,1,0.279,Low,Low_Risk
CUST1462,32,Female,Single,Primary,Unemployed,7,169451,25,1,1,0.76,3,1,0,1,0.279,Medium,Medium_Risk
CUST1143,26,Male,Single,University,Employed,69,252632,13,4,0,0.86,2,0,1,1,0.279,Medium,Low_Risk
CUST0046,38,Male,Married,,Employed,87,85571,14,3,0,0.74,1,1,0,1,0.279,Medium,Low_Risk
CUST1933,34,Male,Single,Primary,Self-employed,54,102197,19,2,0,0.9,0,1,0,1,0.279,Medium,Low_Risk
CUST0716,43,Male,Married,Primary,Self-employed,55,95550,19,4,0,0.63,0,1,1,1,0.279,High,Low_Risk
CUST1704,42,Male,Single,University,Self-employed,35,274479,18,4,0,0.57,1,1,0,1,0.279,High,Low_Risk
CUST0208,50,Female,Single,Primary,Employed,43,178173,19,1,0,0.88,1,1,0,1,0.279,Medium,Low_Risk
CUST0261,39,Female,Married,Primary,Employed,34,367219,16,3,0,0.96,1,1,1,1,0.279,Medium,Low_Risk
CUST1833,21,Female,Single,Secondary,Employed,92,261628,9,1,0,0.52,1,0,0,1,0.278,Low,Low_Risk
CUST1283,31,Female,Divorced,Secondary,Employed,25,510459,14,3,1,0.87,1,1,0,1,0.278,Medium,Low_Risk
CUST2835,45,Female,Married,Primary,Self-employed,26,203783,21,2,1,0.83,1,1,1,1,0.278,Medium,Low_Risk
CUST0428,34,Male,Single,Secondary,Unemployed,81,37988,16,2,0,0.62,0,1,0,1,0.278,Medium,Low_Risk
CUST2024,46,Male,Single,Primary,Employed,77,25453,17,3,0,0.85,0,1,0,1,0.278,Medium,Low_Risk
CUST0385,21,Female,Single,Primary,Unemployed,13,338038,20,1,0,0.87,1,1,1,1,0.278,Medium,Low_Risk
CUST0639,21,Male,Single,,Employed,20,161568,23,2,0,0.79,0,0,0,1,0.278,Medium,Low_Risk
CUST2831,23,Female,Married,Secondary,Employed,47,147453,19,4,0,0.79,0,1,0,1,0.278,High,Low_Risk
CUST0259,46,Male,Married,Secondary,Employed,30,431752,15,3,0,0.8,1,1,0,1,0.278,Medium,Low_Risk
CUST1891,24,Female,Married,Secondary,Employed,43,345493,15,1,0,0.54,1,1,1,1,0.278,Low,Low_Risk
CUST1748,37,Male,Divorced,Secondary,Unemployed,115,17510,11,1,0,0.97,2,0,1,1,0.278,Low,Low_Risk
CUST2342,29,Female,Married,University,Self-employed,47,441580,12,2,0,0.92,0,1,0,1,0.278,Low,Low_Risk
CUST2465,37,Male,Single,University,Employed,90,188295,11,1,1,0.5,2,0,1,1,0.278,Low,Low_Risk
CUST1749,18,Female,Married,Primary,Employed,86,176545,12,1,0,0.94,1,0,1,1,0.278,Low,Low_Risk
CUST1842,53,Female,Married,Secondary,Unemployed,68,87756,17,4,0,0.69,1,1,1,1,0.278,High,Low_Risk
CUST0953,45,Male,Single,Secondary,Employed,85,136574,13,2,0,0.5,1,1,0,1,0.277,Medium,Low_Risk
CUST2371,44,Female,Single,Secondary,Employed,30,300937,18,1,0,0.77,0,0,0,1,0.277,Medium,Low_Risk
CUST1465,41,Male,Single,Secondary,Employed,77,149158,14,2,0,0.68,2,1,0,1,0.277,Medium,Low_Risk
CUST1015,48,Female,Married,Secondary,Self-employed,123,86291,8,3,1,0.99,0,0,0,1,0.277,Medium,Low_Risk
CUST1169,55,Female,Single,Secondary,Self-employed,83,20629,16,3,0,0.51,2,0,1,1,0.277,Medium,Low_Risk
CUST0820,24,Female,Divorced,Secondary,Employed,104,217168,8,1,0,0.93,0,1,0,1,0.277,Low,Low_Risk
CUST1102,31,Female,Married,University,Self-employed,73,175617,14,3,0,0.63,0,1,1,1,0.277,Medium,Low_Risk
CUST2584,37,Male,Married,Primary,Employed,48,90866,20,1,0,0.81,1,1,0,1,0.277,Medium,Low_Risk
CUST0353,38,Male,Single,Primary,Self-employed,96,58222,13,3,0,0.85,1,1,1,1,0.277,Medium,Low_Risk
CUST2880,30,Female,Single,University,Employed,42,260516,17,4,0,0.68,1,0,0,1,0.277,High,Low_Risk
CUST1992,37,Male,Married,University,Self-employed,120,21004,10,2,0,0.57,0,1,0,1,0.277,Low,Low_Risk
CUST2269,22,Male,Single,Secondary,Employed,21,147481,23,3,0,0.77,0,1,0,1,0.276,High,Low_Risk
CUST2692,46,Male,Married,Primary,Employed,88,193856,11,2,0,0.57,1,1,0,1,0.276,Low,Low_Risk
CUST0689,45,Male,Single,Secondary,Unemployed,17,640511,12,1,0,0.6,2,0,1,1,0.276,Low,Low_Risk
CUST1652,47,Male,Married,Primary,Unemployed,104,86337,11,3,0,0.55,1,1,1,1,0.276,Medium,Low_Risk
CUST2522,42,Female,Divorced,Secondary,Employed,58,442500,10,4,0,0.7,0,1,0,1,0.276,Medium,Low_Risk
CUST0935,34,Male,Single,Primary,Self-employed,60,6872,20,2,1,0.81,0,0,1,1,0.276,Medium,Low_Risk
CUST1541,48,Female,Married,Secondary,Employed,97,5214,14,1,1,0.63,1,0,1,1,0.276,Low,Low_Risk
CUST2567,23,Female,Married,Secondary,Self-employed,83,17314,16,4,0,0.79,1,1,0,1,0.276,Medium,Low_Risk
CUST0860,55,Male,Married,Primary,Employed,28,392250,16,2,1,0.86,0,0,0,1,0.275,Medium,Low_Risk
CUST2220,30,Female,Single,,Employed,55,122205,18,2,0,0.84,1,0,0,1,0.275,Medium,Low_Risk
CUST2235,30,Male,Single,Secondary,Employed,45,188075,18,4,0,0.66,1,0,1,1,0.275,High,Low_Risk
CUST2278,49,Male,Married,,Employed,68,69794,17,3,0,0.79,1,1,1,1,0.274,Medium,Low_Risk
CUST0765,31,Male,Single,Secondary,Employed,52,51557,20,2,0,0.72,0,0,0,1,0.274,Medium,Low_Risk
CUST0470,48,Female,Married,University,Employed,111,27273,11,3,0,0.84,1,1,1,1,0.274,Medium,Low_Risk
CUST0584,33,Male,Single,Primary,Self-employed,107,13512,12,1,0,0.94,1,1,0,1,0.274,Low,Low_Risk
CUST2415,41,Male,Single,University,Self-employed,82,58694,15,2,0,0.69,6,1,1,1,0.274,Medium,Medium_Risk
CUST0949,45,Male,Married,,Employed,72,42160,17,1,1,0.56,1,1,0,1,0.274,Low,Low_Risk
CUST0670,47,Male,Married,Primary,Unemployed,54,40509,20,4,0,0.52,1,1,0,1,0.274,High,Low_Risk
CUST0117,37,Male,Single,University,Employed,49,202055,17,4,1,0.52,0,1,0,1,0.274,High,Low_Risk
CUST0848,55,Female,Married,Primary,Employed,22,430393,16,1,0,0.91,1,1,0,1,0.274,Low,Low_Risk
CUST1046,50,Female,Married,University,Employed,102,92183,11,1,0,0.82,3,1,0,1,0.274,Low,Low_Risk
CUST0044,40,Male,Married,Secondary,Self-employed,102,130495,10,1,1,0.94,3,1,1,1,0.273,Low,Medium_Risk
CUST2244,20,Female,Single,Secondary,Employed,106,60587,11,1,0,0.87,1,1,0,1,0.273,Low,Low_Risk
CUST0688,24,Male,Married,Secondary,Employed,50,18114,21,1,0,0.91,0,1,1,1,0.273,Medium,Low_Risk
CUST2852,30,Male,Married,Primary,Employed,52,217550,16,2,0,0.75,3,0,0,1,0.273,Medium,Low_Risk
CUST2371,42,Male,Married,Primary,Employed,18,156540,23,1,0,0.84,1,1,1,1,0.273,Medium,Low_Risk
CUST2457,28,Female,Single,University,Employed,56,485037,9,4,0,0.63,4,1,0,1,0.272,Medium,Low_Risk
CUST2330,28,Male,Single,Primary,Self-employed,12,618655,13,1,0,0.95,1,0,1,1,0.272,Low,Low_Risk
CUST0613,46,Female,Married,Secondary,Employed,38,140506,20,3,0,0.88,2,1,0,1,0.272,Medium,Low_Risk
CUST2224,30,Male,Single,Primary,Unemployed,57,178264,16,2,0,0.71,2,1,1,1,0.272,Medium,Low_Risk
CUST2479,45,Male,Divorced,Secondary,Self-employed,87,143122,12,1,0,0.89,1,1,0,1,0.272,Low,Low_Risk
CUST1420,41,Male,Single,University,Employed,55,151175,17,2,0,0.71,0,1,1,1,0.272,Medium,Low_Risk
CUST2249,45,Female,Single,University,Employed,79,113973,14,4,0,0.73,0,1,1,1,0.272,Medium,Low_Risk
CUST0974,26,Female,Single,Secondary,Self-employed,75,225734,12,2,0,0.96,1,1,0,1,0.272,Low,Low_Risk
CUST1101,19,Female,Single,Primary,Self-employed,61,111094,17,3,0,0.99,3,0,0,1,0.272,Medium,Low_Risk
CUST0451,47,Female,Married,Secondary,Unemployed,87,17212,15,3,0,0.58,0,0,1,1,0.272,Medium,Low_Risk
CUST2179,38,Female,Married,Primary,Employed,86,106250,13,2,0,0.62,1,0,0,1,0.272,Medium,Low_Risk
CUST2862,40,Female,Single,Primary,Self-employed,74,142922,14,3,0,0.99,2,1,0,1,0.271,Medium,Low_Risk
CUST0278,26,Male,Married,Secondary,Unemployed,108,38952,11,3,0,0.96,3,0,1,1,0.271,Medium,Low_Risk
CUST1066,40,Female,Married,Secondary,Employed,41,73791,21,1,0,0.62,1,0,1,1,0.271,Medium,Low_Risk
CUST1772,37,Male,Married,Primary,Self-employed,53,286326,14,2,0,0.82,1,1,0,1,0.271,Medium,Low_Risk
CUST1597,25,Male,Married,Primary,Self-employed,8,88607,26,1,1,0.66,1,1,1,1,0.271,Medium,Low_Risk
CUST1107,35,Female,Divorced,Secondary,Self-employed,30,445971,14,1,0,0.9,0,1,0,1,0.271,Low,Low_Risk
CUST0829,32,Female,Single,Primary,Employed,103,29515,12,2,0,0.62,1,0,0,1,0.271,Low,Low_Risk
CUST0657,49,Female,Married,University,Unemployed,100,50008,12,4,0,0.61,1,1,0,1,0.271,Medium,Low_Risk
CUST0237,23,Female,Married,Secondary,Employed,104,20172,12,2,1,0.6,2,0,0,1,0.271,Low,Low_Risk
CUST1911,40,Female,Married,Primary,Self-employed,69,9371,18,2,0,0.7,1,1,0,1,0.271,Medium,Low_Risk
CUST1359,42,Male,Single,Primary,Employed,30,572666,11,1,1,0.86,2,1,0,1,0.271,Low,Low_Risk
CUST0509,34,Male,Married,Secondary,Self-employed,83,125452,13,1,0,0.79,1,1,0,1,0.271,Low,Low_Risk
CUST0489,49,Female,Married,University,Employed,91,27339,14,1,0,0.9,1,1,0,1,0.271,Low,Low_Risk
CUST2707,38,Male,Single,Secondary,Employed,86,232464,10,1,0,0.79,0,1,1,1,0.271,Low,Low_Risk
CUST2208,40,Male,Married,University,Employed,44,181234,18,1,2,0.84,1,1,1,1,0.271,Medium,Medium_Risk
CUST2710,24,Female,Single,Primary,Employed,7,388361,19,2,0,0.69,1,1,0,1,0.27,Medium,Low_Risk
CUST2938,35,Female,Married,Primary,Employed,29,363774,16,2,1,0.91,1,1,0,1,0.27,Medium,Low_Risk
CUST1577,43,Female,Single,University,Self-employed,54,106364,18,3,0,0.91,2,1,1,1,0.27,Medium,Low_Risk
CUST0428,31,Male,Single,Primary,Employed,99,8139,13,1,1,0.71,3,1,0,1,0.27,Low,Medium_Risk
CUST0749,46,Female,Single,Secondary,Self-employed,99,93254,11,1,0,0.73,0,1,1,1,0.27,Low,Low_Risk
CUST1558,33,Male,Single,Secondary,Self-employed,61,101604,17,1,0,0.87,1,1,1,1,0.27,Low,Low_Risk
CUST0668,29,Male,Single,Primary,Employed,86,8763,15,4,0,0.85,1,1,0,1,0.269,Medium,Low_Risk
CUST1436,41,Male,Married,University,Self-employed,63,251734,13,2,0,0.9,0,0,0,1,0.269,Medium,Low_Risk
CUST0693,33,Female,Married,Primary,Employed,52,161401,17,2,0,0.73,1,0,0,1,0.269,Medium,Low_Risk
CUST0442,40,Male,Single,Secondary,Employed,67,57402,17,2,0,0.99,0,1,0,1,0.269,Medium,Low_Risk
CUST1110,35,Female,Divorced,Primary,Self-employed,95,116745,11,2,1,0.71,1,1,0,1,0.269,Low,Low_Risk
CUST1776,35,Female,Married,Primary,Employed,58,201792,15,1,0,0.67,1,1,0,1,0.269,Low,Low_Risk
CUST1753,38,Male,Married,Secondary,Employed,43,262706,16,3,0,0.88,2,1,0,1,0.269,Medium,Low_Risk
CUST2747,42,Female,Single,Primary,Employed,37,262441,17,1,0,0.66,0,1,0,1,0.269,Low,Low_Risk
CUST0424,29,Female,Divorced,University,Employed,80,135722,13,1,0,0.98,2,1,0,1,0.269,Low,Low_Risk
CUST1713,50,Male,Single,Secondary,Employed,75,167334,13,1,0,0.6,0,0,1,1,0.268,Low,Low_Risk
CUST1114,42,Female,Single,Primary,Employed,73,10488,17,2,0,0.54,1,1,0,1,0.268,Medium,Low_Risk
CUST0180,33,Female,Single,Secondary,Employed,21,285222,19,4,0,0.97,5,1,0,1,0.268,High,Medium_Risk
CUST0858,51,Female,Married,Secondary,Employed,117,4733,10,1,0,0.94,1,0,0,1,0.268,Low,Low_Risk
CUST2391,49,Male,Single,Primary,Unemployed,96,148390,10,1,0,0.63,2,1,0,1,0.268,Low,Low_Risk
CUST0273,32,Female,Married,Secondary,Self-employed,50,127084,18,1,0,0.55,0,0,0,1,0.268,Medium,Low_Risk
CUST1347,31,Male,Single,University,Unemployed,45,33404,21,1,0,0.6,0,1,0,1,0.268,Medium,Low_Risk
CUST1005,38,Male,Single,University,Employed,38,423623,13,2,0,0.51,0,0,0,1,0.268,Medium,Low_Risk
CUST1918,45,Male,Single,Secondary,Self-employed,90,64679,13,4,0,0.81,3,1,0,1,0.268,Medium,Low_Risk
CUST0707,37,Male,Single,University,Self-employed,78,104421,14,2,0,0.78,2,0,0,1,0.268,Medium,Low_Risk
CUST0489,29,Male,Married,Secondary,Unemployed,10,276516,21,1,1,0.69,2,0,1,1,0.268,Medium,Low_Risk
CUST0902,18,Male,Married,Primary,Employed,17,184179,22,3,0,0.62,0,0,0,1,0.268,High,Low_Risk
CUST1916,33,Male,Single,Secondary,Employed,99,2943,13,2,2,0.76,1,0,1,1,0.268,Medium,Medium_Risk
CUST1618,37,Female,Married,,Self-employed,105,47467,11,1,0,0.9,1,1,1,1,0.268,Low,Low_Risk
CUST0771,38,Female,Single,Primary,Employed,55,7046,20,1,0,0.72,1,1,1,1,0.268,Medium,Low_Risk
CUST0175,45,Male,Married,Secondary,Employed,95,27148,13,1,0,0.81,0,1,0,1,0.267,Low,Low_Risk
CUST0025,39,Female,Married,University,Unemployed,52,64440,19,2,2,0.87,1,1,0,1,0.267,Medium,Medium_Risk
CUST2121,31,Female,Married,University,Employed,125,30643,8,1,0,0.8,0,0,0,1,0.267,Low,Low_Risk
CUST1883,24,Female,Single,University,Employed,69,76603,16,3,0,0.58,0,1,0,1,0.267,Medium,Low_Risk
CUST1285,19,Male,Married,Secondary,Employed,60,53505,18,2,0,0.56,1,1,0,1,0.267,Medium,Low_Risk
CUST2622,22,Female,Single,Secondary,Self-employed,31,339042,16,4,0,0.54,1,1,0,1,0.267,Medium,Low_Risk
CUST1575,37,Female,Single,Secondary,Employed,80,44947,15,2,1,0.58,0,1,0,1,0.267,Medium,Low_Risk
CUST1271,18,Male,Single,Primary,Employed,71,189930,13,1,0,0.55,2,1,1,1,0.267,Low,Low_Risk
CUST1007,25,Male,Single,Primary,Employed,62,209610,14,2,0,0.87,0,0,0,1,0.267,Medium,Low_Risk
CUST0676,31,Female,Single,Primary,Employed,117,517,10,2,0,0.82,1,1,0,1,0.267,Low,Low_Risk
CUST0344,18,Male,Single,Secondary,Unemployed,55,42087,19,3,0,0.69,3,1,0,1,0.266,Medium,Low_Risk
CUST1398,27,Female,Single,Secondary,Self-employed,35,51494,22,4,0,0.9,2,1,0,1,0.266,High,Low_Risk
CUST1033,36,Male,Single,,Self-employed,23,261365,19,1,0,0.94,1,0,0,1,0.266,Medium,Low_Risk
CUST1244,34,Male,Single,Secondary,Self-employed,79,214848,11,1,0,0.82,1,1,0,1,0.266,Low,Low_Risk
CUST0665,43,Female,Single,Secondary,Self-employed,35,305662,16,1,0,0.83,1,0,0,1,0.266,Low,Low_Risk
CUST0620,34,Female,Married,Secondary,Self-employed,50,161355,17,1,0,0.57,5,1,1,1,0.266,Low,Medium_Risk
CUST2961,24,Male,Single,University,Employed,17,134903,23,3,1,0.87,2,1,1,1,0.266,High,Low_Risk
CUST1095,32,Female,Divorced,Secondary,Employed,90,141291,11,3,1,0.6,2,1,1,1,0.266,Medium,Low_Risk
CUST2358,19,Female,Married,University,Unemployed,55,165538,16,2,0,0.77,0,1,1,1,0.265,Medium,Low_Risk
CUST2473,31,Female,Divorced,Primary,Employed,4,387269,19,2,0,0.81,0,1,0,1,0.265,Medium,Low_Risk
CUST2786,43,Male,Married,Secondary,Employed,65,140150,15,1,0,0.63,1,1,0,1,0.265,Low,Low_Risk
CUST0691,36,Male,Single,University,Employed,113,105584,8,1,0,0.9,0,1,0,1,0.265,Low,Low_Risk
CUST2329,30,Male,Single,Primary,Self-employed,57,277391,13,1,1,0.74,1,1,0,1,0.265,Low,Low_Risk
CUST1931,33,Female,Single,University,Self-employed,78,89959,14,3,1,0.68,1,0,0,1,0.265,Medium,Low_Risk
CUST1405,33,Female,Divorced,Secondary,Employed,76,191839,12,2,0,0.7,0,1,0,1,0.265,Low,Low_Risk
CUST2243,55,Male,Married,Primary,Self-employed,50,157707,17,3,0,0.75,1,1,0,1,0.265,Medium,Low_Risk
CUST1108,43,Male,Divorced,Secondary,Self-employed,9,182807,23,3,0,0.57,1,1,0,1,0.265,High,Low_Risk
CUST1479,43,Female,Married,Primary,Employed,37,161133,19,1,1,0.66,4,1,1,1,0.265,Medium,Medium_Risk
CUST2966,39,Female,Married,University,Self-employed,57,151552,16,4,0,0.63,1,1,0,1,0.265,Medium,Low_Risk
CUST0052,28,Female,Married,Primary,Employed,114,10654,10,1,0,0.91,2,1,0,1,0.264,Low,Low_Risk
CUST0773,41,Female,Single,Secondary,Employed,60,252839,13,1,1,0.69,3,1,1,1,0.264,Low,Medium_Risk
CUST2779,44,Female,Married,Primary,Employed,104,77683,10,1,0,0.65,0,1,0,1,0.264,Low,Low_Risk
CUST2944,22,Male,Single,Secondary,Self-employed,87,26240,14,3,1,0.87,0,0,1,1,0.264,Medium,Low_Risk
CUST2138,29,Female,Married,Primary,Self-employed,73,80389,15,4,0,0.69,1,0,1,1,0.264,Medium,Low_Risk
CUST2979,28,Male,Single,Primary,Employed,59,91109,17,3,1,0.71,0,1,0,1,0.264,Medium,Low_Risk
CUST1521,36,Female,Divorced,Secondary,Employed,110,35372,10,1,0,0.92,0,0,0,1,0.264,Low,Low_Risk
CUST2817,23,Female,Divorced,Secondary,Employed,95,53345,12,4,0,0.66,1,0,0,1,0.264,Medium,Low_Risk
CUST2753,29,Male,Married,Primary,Employed,19,154325,22,1,0,0.59,5,1,0,1,0.264,Medium,Medium_Risk
CUST2168,36,Female,Divorced,University,Employed,68,71662,16,3,1,0.99,2,1,0,1,0.264,Medium,Low_Risk
CUST1743,28,Female,Married,Secondary,Employed,50,107003,18,1,0,0.72,2,1,1,1,0.263,Medium,Low_Risk
CUST2812,35,Female,Married,Secondary,Self-employed,25,67016,23,1,0,0.86,2,1,0,1,0.263,Medium,Low_Risk
CUST2721,37,Female,Single,Secondary,Self-employed,44,359183,13,2,0,0.84,0,0,1,1,0.263,Medium,Low_Risk
CUST1113,24,Male,Married,Primary,Employed,70,222456,12,2,0,0.92,0,0,0,1,0.263,Low,Low_Risk
CUST1133,45,Male,Single,Secondary,Employed,66,292511,11,2,1,0.61,2,1,0,1,0.263,Low,Low_Risk
CUST0224,43,Male,Single,Primary,Unemployed,50,64796,19,1,0,0.78,2,1,1,1,0.263,Medium,Low_Risk
CUST0674,33,Male,Single,Primary,Unemployed,34,132166,20,1,0,0.77,0,1,0,1,0.263,Medium,Low_Risk
CUST0278,36,Male,Divorced,,Self-employed,28,44141,23,1,0,0.95,0,1,1,1,0.263,Medium,Low_Risk
CUST0440,36,Female,Married,Primary,Employed,42,35739,21,4,0,0.98,3,0,0,1,0.263,High,Low_Risk
CUST1987,31,Female,Married,Secondary,Self-employed,92,116152,11,1,0,0.9,2,1,0,1,0.263,Low,Low_Risk
CUST0695,35,Female,Single,Primary,Employed,22,428102,15,1,0,0.94,0,1,0,1,0.263,Low,Low_Risk
CUST1583,20,Female,Married,Primary,Employed,65,44689,17,1,0,0.68,0,0,0,1,0.263,Low,Low_Risk
CUST2435,37,Female,Single,Secondary,Employed,125,15292,8,2,0,0.75,1,1,1,1,0.263,Low,Low_Risk
CUST1318,32,Female,Married,Secondary,Employed,71,5026,17,2,0,0.54,1,1,1,1,0.263,Medium,Low_Risk
CUST1965,31,Male,Married,Secondary,Employed,50,16336,20,2,0,0.92,0,1,1,1,0.262,Medium,Low_Risk
CUST1322,38,Male,Married,Secondary,Self-employed,83,3790,15,3,0,0.91,2,1,0,1,0.262,Medium,Low_Risk
CUST1777,42,Female,Married,Secondary,Self-employed,38,142978,19,1,0,0.91,1,1,1,1,0.262,Medium,Low_Risk
CUST1017,31,Female,Single,Primary,Self-employed,22,550769,12,1,0,0.87,3,1,1,1,0.262,Low,Low_Risk
CUST2726,25,Female,Married,Secondary,Employed,88,52350,13,3,0,0.58,2,1,0,1,0.262,Medium,Low_Risk
CUST0542,27,Female,Divorced,University,Employed,4,162587,24,1,0,0.59,1,1,0,1,0.262,Medium,Low_Risk
CUST2860,30,Female,Married,Secondary,Employed,70,260363,11,1,1,0.87,0,1,0,1,0.262,Low,Low_Risk
CUST2192,37,Male,Married,University,Employed,16,464471,15,2,0,0.83,2,1,0,1,0.262,Medium,Low_Risk
CUST1360,18,Male,Married,Secondary,Self-employed,31,60883,22,2,0,0.95,1,1,0,1,0.262,Medium,Low_Risk
CUST0920,26,Female,Married,Secondary,Employed,55,111040,17,2,0,0.69,1,1,0,1,0.262,Medium,Low_Risk
CUST1944,36,Female,Married,Secondary,Self-employed,82,10272,15,1,0,0.93,0,1,1,1,0.262,Low,Low_Risk
CUST1973,18,Male,Single,Primary,Self-employed,74,150410,13,1,0,0.75,0,1,1,1,0.262,Low,Low_Risk
CUST2183,18,Female,Married,Primary,Employed,58,386588,10,2,0,0.74,1,0,1,1,0.262,Low,Low_Risk
CUST1880,39,Male,Married,Secondary,Self-employed,33,134485,20,1,1,0.68,2,1,1,1,0.262,Medium,Low_Risk
CUST2590,35,Male,Divorced,University,Employed,13,484035,15,1,0,0.58,2,1,0,1,0.262,Low,Low_Risk
CUST0117,28,Female,Single,,Employed,98,26068,12,2,0,0.83,2,1,1,1,0.262,Low,Low_Risk
CUST2545,19,Male,Married,Primary,Employed,58,46559,18,1,0,0.8,2,0,1,1,0.262,Medium,Low_Risk
CUST0110,54,Male,Single,Secondary,Self-employed,18,406534,16,2,0,0.54,2,0,0,1,0.262,Medium,Low_Risk
CUST0429,36,Female,Single,Secondary,Self-employed,72,207317,12,2,0,0.72,2,1,0,1,0.262,Low,Low_Risk
CUST0344,36,Female,Married,Secondary,Employed,96,80664,11,2,0,0.6,1,1,0,1,0.261,Low,Low_Risk
CUST0116,43,Male,Married,University,Employed,100,8847,12,1,0,0.58,0,0,0,1,0.261,Low,Low_Risk
CUST0630,21,Male,Married,University,Employed,97,70899,11,1,0,0.99,2,1,1,1,0.261,Low,Low_Risk
CUST1882,33,Female,Single,Primary,Self-employed,51,91659,18,2,0,0.85,1,1,1,1,0.261,Medium,Low_Risk
CUST0018,54,Male,Married,,Employed,63,137394,15,1,1,0.69,1,1,1,1,0.261,Low,Low_Risk
CUST0398,40,Female,Married,,Employed,80,16978,15,3,0,0.54,1,1,1,1,0.261,Medium,Low_Risk
CUST0127,36,Male,Married,Primary,Employed,71,74943,15,4,0,0.64,0,0,0,1,0.26,Medium,Low_Risk
CUST0843,36,Female,Married,Primary,Employed,64,124707,15,3,1,0.78,0,1,0,1,0.26,Medium,Low_Risk
CUST0511,40,Female,Single,Secondary,Unemployed,75,49028,15,1,0,0.73,0,0,0,1,0.26,Low,Low_Risk
CUST1465,35,Female,Married,Primary,Employed,71,74941,15,1,0,0.93,5,0,0,1,0.26,Low,Medium_Risk
CUST1932,34,Female,Married,University,Employed,51,258750,14,3,0,0.71,2,1,0,1,0.26,Medium,Low_Risk
CUST1163,37,Female,Single,Secondary,Self-employed,72,111961,14,1,0,0.84,1,0,0,1,0.26,Low,Low_Risk
CUST2853,32,Female,Married,Secondary,Employed,75,219288,11,3,0,0.55,0,0,0,1,0.26,Medium,Low_Risk
CUST2908,23,Male,Married,Primary,Employed,101,38866,11,3,0,0.86,1,1,0,1,0.26,Medium,Low_Risk
CUST0018,25,Male,Single,Primary,Unemployed,66,25849,17,1,0,0.79,3,0,0,1,0.26,Low,Low_Risk
CUST2162,36,Male,Married,University,Self-employed,114,77402,8,4,0,0.55,0,1,0,1,0.26,Medium,Low_Risk
CUST2850,44,Male,Single,Secondary,Unemployed,33,39725,22,3,0,0.84,0,1,0,1,0.26,High,Low_Risk
CUST1764,29,Female,Married,Secondary,Self-employed,59,199861,14,2,0,0.6,4,1,0,1,0.26,Medium,Low_Risk
CUST1018,33,Female,Single,Primary,Employed,49,141287,17,2,0,0.75,0,1,0,1,0.26,Medium,Low_Risk
CUST1123,20,Male,Single,Secondary,Employed,48,16824,20,2,0,0.89,1,1,1,1,0.259,Medium,Low_Risk
CUST1634,31,Female,Single,Primary,Employed,23,361594,16,1,0,0.83,2,1,1,1,0.259,Low,Low_Risk
CUST1448,21,Male,Single,Primary,Self-employed,33,123576,20,1,0,0.71,1,1,0,1,0.259,Medium,Low_Risk
CUST2725,18,Female,Married,,Unemployed,68,264493,11,2,0,0.98,0,1,0,1,0.259,Low,Low_Risk
CUST1135,31,Female,Single,Primary,Self-employed,25,129035,21,1,0,0.72,0,1,0,1,0.258,Medium,Low_Risk
CUST1193,43,Female,Married,Secondary,Employed,68,4305,17,2,0,0.54,1,0,0,1,0.258,Medium,Low_Risk
CUST0821,41,Male,Married,Primary,Employed,110,10813,10,1,0,0.92,3,1,0,1,0.258,Low,Low_Risk
CUST2436,38,Female,Divorced,Secondary,Unemployed,51,37864,19,4,0,0.76,1,1,0,1,0.258,High,Low_Risk
CUST1675,27,Female,Single,Primary,Unemployed,105,3797,11,3,1,0.77,2,1,0,1,0.258,Medium,Low_Risk
CUST2241,51,Male,Single,Secondary,Employed,56,1487,19,1,1,0.7,0,1,0,1,0.258,Medium,Low_Risk
CUST0319,43,Female,Single,,Employed,67,307525,10,3,0,0.93,0,0,0,1,0.258,Medium,Low_Risk
CUST2616,43,Female,Married,Secondary,Employed,87,170919,10,2,0,0.99,0,1,1,1,0.258,Low,Low_Risk
CUST2162,22,Female,Single,Secondary,Self-employed,84,106457,12,2,0,0.63,1,0,1,1,0.258,Low,Low_Risk
CUST0699,31,Female,Married,,Employed,48,15659,20,2,2,0.95,1,0,0,1,0.258,Medium,Medium_Risk
CUST0090,27,Male,Married,Secondary,Employed,18,473301,14,3,0,0.57,2,1,1,1,0.257,Medium,Low_Risk
CUST2564,51,Female,Married,University,Self-employed,50,292263,13,2,0,0.92,0,1,0,1,0.257,Medium,Low_Risk
CUST2864,19,Female,Single,,Employed,63,77317,16,2,0,0.76,0,1,0,1,0.257,Medium,Low_Risk
CUST0182,36,Female,Married,Primary,Employed,63,33588,17,2,0,0.56,0,0,0,1,0.257,Medium,Low_Risk
CUST2101,29,Male,Single,University,Self-employed,71,65535,15,2,0,0.56,0,1,0,1,0.257,Medium,Low_Risk
CUST1839,33,Male,Single,Secondary,Employed,55,173451,15,2,0,0.77,1,1,0,1,0.257,Medium,Low_Risk
CUST2611,39,Male,Single,University,Employed,72,142065,13,2,0,0.69,1,1,0,1,0.257,Medium,Low_Risk
CUST1402,31,Male,Married,Secondary,Employed,27,282323,17,2,1,0.95,1,0,1,1,0.257,Medium,Low_Risk
CUST1421,18,Male,Married,,Unemployed,74,171108,12,3,0,0.56,3,1,0,1,0.257,Medium,Low_Risk
CUST2445,36,Female,Divorced,Secondary,Employed,79,48962,14,1,0,1.0,0,0,0,1,0.256,Low,Low_Risk
CUST1549,40,Female,Single,Primary,Employed,108,187280,6,4,0,0.95,1,1,1,1,0.256,Medium,Low_Risk
CUST1589,21,Male,Single,,Self-employed,70,151340,13,1,0,0.64,0,1,0,1,0.256,Low,Low_Risk
CUST2078,31,Female,Married,,Employed,63,241772,12,2,0,0.59,3,0,0,1,0.256,Low,Low_Risk
CUST0891,22,Male,Divorced,University,Employed,53,227982,14,1,1,0.64,0,1,1,1,0.256,Low,Low_Risk
CUST0081,29,Male,Married,Primary,Employed,81,113214,12,1,0,0.53,1,1,0,1,0.255,Low,Low_Risk
CUST2134,29,Male,Married,Secondary,Self-employed,45,108060,18,4,0,0.95,1,0,0,1,0.255,High,Low_Risk
CUST2523,64,Female,Married,Primary,Employed,94,26274,12,1,0,0.98,1,0,0,1,0.255,Low,Low_Risk
CUST1606,46,Female,Married,Primary,Unemployed,71,183753,12,4,0,0.93,0,0,1,1,0.255,Medium,Low_Risk
CUST2886,39,Male,Single,Primary,Self-employed,36,211875,17,1,1,0.94,1,0,0,1,0.255,Low,Low_Risk
CUST2997,47,Male,Married,Secondary,Employed,63,198005,13,4,0,0.73,1,0,0,1,0.255,Medium,Low_Risk
CUST2815,18,Female,Married,Primary,Self-employed,62,201683,13,3,0,0.81,2,0,0,1,0.255,Medium,Low_Risk
CUST2286,34,Female,Married,,Employed,92,37988,12,1,0,0.85,0,0,1,1,0.255,Low,Low_Risk
CUST0873,18,Male,Married,University,Employed,57,149446,15,2,1,0.53,0,1,1,1,0.254,Medium,Low_Risk
CUST0524,43,Female,Married,Primary,Employed,66,86669,15,3,0,0.99,1,1,0,1,0.254,Medium,Low_Risk
CUST1448,40,Male,Married,Primary,Self-employed,34,95512,20,1,1,0.91,1,0,0,1,0.254,Medium,Low_Risk
CUST1999,49,Male,Single,University,Unemployed,11,250812,20,1,0,0.72,2,0,0,1,0.254,Medium,Low_Risk
CUST1954,33,Female,Divorced,Secondary,Employed,23,86723,22,2,0,0.79,1,0,1,1,0.254,Medium,Low_Risk
CUST2132,35,Female,Married,University,Employed,77,12662,15,1,0,0.85,1,1,0,1,0.254,Low,Low_Risk
CUST2687,27,Female,Married,University,Self-employed,66,86960,15,2,0,0.99,1,0,0,1,0.254,Medium,Low_Risk
CUST2936,31,Male,Married,Secondary,Employed,48,82806,18,2,0,0.6,2,0,0,1,0.254,Medium,Low_Risk
CUST1577,50,Female,Single,University,Self-employed,63,63698,16,2,0,0.68,0,0,0,1,0.254,Medium,Low_Risk
CUST2449,34,Male,Divorced,Secondary,Employed,78,88026,13,1,0,0.71,1,1,0,1,0.254,Low,Low_Risk
CUST0159,22,Male,Single,,Self-employed,26,361613,15,1,1,0.9,1,1,0,1,0.254,Low,Low_Risk
CUST0191,36,Female,Single,Secondary,Employed,52,99614,17,1,0,0.51,0,1,1,1,0.254,Low,Low_Risk
CUST2986,33,Female,Married,Secondary,Self-employed,69,63153,15,3,0,0.78,2,0,0,1,0.253,Medium,Low_Risk
CUST0989,35,Female,Single,Primary,Self-employed,33,182830,18,1,0,0.88,1,0,0,1,0.253,Medium,Low_Risk
CUST2977,25,Male,Single,,Employed,33,350174,14,3,1,0.78,3,1,0,1,0.253,Medium,Medium_Risk
CUST0982,35,Female,Single,Secondary,Employed,85,120433,11,3,1,0.86,1,0,0,1,0.253,Medium,Low_Risk
CUST2558,27,Female,Married,Primary,Employed,65,130605,14,2,0,0.7,1,1,0,1,0.253,Medium,Low_Risk
CUST1734,56,Male,Married,Primary,Employed,58,266915,12,4,0,0.96,0,1,0,1,0.253,Medium,Low_Risk
CUST2460,58,Male,Married,Secondary,Employed,67,75963,15,2,0,0.52,0,1,0,1,0.253,Medium,Low_Risk
CUST0605,21,Male,Married,Primary,Employed,84,1486,14,1,0,0.61,1,1,0,1,0.253,Low,Low_Risk
CUST2793,18,Male,Married,Primary,Employed,29,293208,16,1,0,0.79,3,1,1,1,0.253,Low,Low_Risk
CUST0065,37,Female,Married,Secondary,Employed,64,53204,16,2,0,0.67,4,1,0,1,0.253,Medium,Low_Risk
CUST2632,43,Male,Married,Secondary,Employed,70,51546,15,1,2,0.57,1,1,1,1,0.252,Low,Medium_Risk
CUST0797,46,Male,Single,University,Self-employed,55,69747,17,1,0,0.57,1,0,0,1,0.252,Low,Low_Risk
CUST2272,41,Female,Married,University,Employed,57,310898,11,2,0,0.64,0,0,0,1,0.252,Low,Low_Risk
CUST2911,19,Male,Single,University,Employed,41,39222,20,2,0,0.82,3,1,0,1,0.252,Medium,Low_Risk
CUST1428,31,Female,Married,,Employed,81,61642,13,3,0,0.56,1,1,0,1,0.252,Medium,Low_Risk
CUST2593,45,Female,Single,Secondary,Employed,56,190605,14,1,0,0.7,1,0,0,1,0.252,Low,Low_Risk
CUST0812,44,Female,Single,Primary,Unemployed,94,98711,10,2,0,0.56,0,1,0,1,0.252,Low,Low_Risk
CUST2049,28,Female,Divorced,University,Self-employed,1,186936,23,3,0,0.71,2,1,0,1,0.252,High,Low_Risk
CUST2187,55,Female,Married,Secondary,Self-employed,49,237374,14,3,0,0.73,0,0,0,1,0.252,Medium,Low_Risk
CUST2752,30,Female,Single,Secondary,Employed,35,420357,12,1,0,0.51,0,0,0,1,0.252,Low,Low_Risk
CUST0572,18,Female,Married,University,Employed,13,144315,22,2,0,0.95,1,0,1,1,0.252,Medium,Low_Risk
CUST2719,44,Female,Single,,Employed,53,38632,18,2,1,0.59,0,1,0,1,0.252,Medium,Low_Risk
CUST0974,28,Female,Married,Primary,Employed,38,59819,20,1,1,0.79,0,0,1,1,0.252,Medium,Low_Risk
CUST0642,44,Male,Single,Primary,Self-employed,75,10734,15,2,0,0.57,3,0,0,1,0.251,Medium,Low_Risk
CUST0668,34,Male,Married,,Self-employed,95,42868,11,1,0,0.88,0,1,0,1,0.251,Low,Low_Risk
CUST0997,44,Female,Married,University,Unemployed,8,432158,16,3,0,0.52,2,1,0,1,0.251,Medium,Low_Risk
CUST0494,54,Female,Single,Secondary,Employed,62,101692,15,4,1,0.54,2,1,0,1,0.251,Medium,Low_Risk
CUST2722,47,Female,Married,Secondary,Self-employed,56,14761,18,1,1,0.51,0,1,0,1,0.251,Medium,Low_Risk
CUST0431,43,Female,Married,Secondary,Self-employed,61,22305,17,2,0,0.98,0,0,1,1,0.251,Medium,Low_Risk
CUST2435,40,Female,Married,Primary,Employed,33,90746,20,2,0,0.99,0,1,1,1,0.251,Medium,Low_Risk
CUST2088,33,Female,Married,Secondary,Employed,42,322583,13,2,0,1.0,0,1,0,1,0.251,Medium,Low_Risk
CUST2430,33,Male,Married,Primary,Unemployed,85,26833,13,1,0,0.64,0,1,0,1,0.251,Low,Low_Risk
CUST2035,27,Female,Married,Primary,Self-employed,31,103006,20,2,0,0.98,0,1,0,1,0.251,Medium,Low_Risk
CUST1892,40,Female,Single,Primary,Employed,79,27664,14,3,1,0.89,0,1,1,1,0.251,Medium,Low_Risk
CUST0052,41,Male,Married,Primary,Employed,28,251819,17,3,1,0.69,1,0,1,1,0.251,Medium,Low_Risk
CUST2419,31,Female,Single,University,Employed,19,483778,13,1,0,0.79,0,1,0,1,0.251,Low,Low_Risk
CUST1203,38,Male,Single,,Employed,54,409389,9,2,0,0.77,1,0,0,1,0.25,Low,Low_Risk
CUST1913,37,Male,Married,Secondary,Employed,86,59204,12,1,0,0.69,0,1,0,1,0.25,Low,Low_Risk
CUST0881,49,Female,Married,Primary,Employed,42,191604,16,3,0,0.68,0,0,0,1,0.25,Medium,Low_Risk
CUST2000,26,Male,Married,Secondary,Self-employed,68,11720,16,3,0,0.79,1,0,0,1,0.25,Medium,Low_Risk
CUST1681,18,Male,Married,University,Unemployed,31,269569,16,2,0,0.9,1,1,0,1,0.25,Medium,Low_Risk
CUST0030,25,Female,Married,Primary,Unemployed,37,57537,20,3,0,0.62,1,1,0,1,0.25,Medium,Low_Risk
CUST2276,28,Female,Single,Primary,Employed,76,39131,14,4,0,0.87,1,1,0,1,0.249,Medium,Low_Risk
CUST1123,38,Female,Single,University,Employed,98,15864,11,1,0,0.97,1,1,1,1,0.249,Low,Low_Risk
CUST1929,49,Male,Married,Primary,Employed,82,83301,12,1,0,0.77,0,1,1,1,0.249,Low,Low_Risk
CUST2299,27,Female,Married,,Self-employed,45,81208,18,1,1,0.53,1,1,0,1,0.249,Medium,Low_Risk
CUST2591,55,Male,Single,Primary,Employed,42,102470,18,1,1,0.54,0,0,0,1,0.249,Medium,Low_Risk
CUST2049,39,Male,Single,University,Employed,80,95042,12,3,0,0.53,0,1,0,1,0.249,Medium,Low_Risk
CUST1744,49,Male,Married,Secondary,Employed,52,78805,17,1,0,0.8,0,0,0,1,0.249,Low,Low_Risk
CUST0211,44,Male,Divorced,Secondary,Self-employed,51,296696,12,1,1,0.57,0,1,0,1,0.249,Low,Low_Risk
CUST2743,18,Male,Married,Secondary,Unemployed,90,29909,12,1,0,0.5,2,1,1,1,0.249,Low,Low_Risk
CUST1683,44,Female,Married,Primary,Employed,111,9272,9,2,0,0.87,1,0,1,1,0.249,Low,Low_Risk
CUST2076,19,Female,Single,Secondary,Employed,17,277063,18,2,0,0.68,2,1,1,1,0.249,Medium,Low_Risk
CUST0251,37,Female,Married,Secondary,Employed,65,30445,16,1,0,0.8,2,0,1,1,0.249,Low,Low_Risk
CUST1096,34,Female,Married,University,Employed,73,104399,13,2,0,0.85,0,0,0,1,0.249,Medium,Low_Risk
CUST1448,44,Male,Married,Secondary,Employed,55,136252,15,3,0,0.71,0,1,0,1,0.248,Medium,Low_Risk
CUST1555,41,Male,Married,University,Self-employed,56,88660,16,1,0,0.9,2,1,0,1,0.248,Low,Low_Risk
CUST0027,47,Female,Married,Secondary,Employed,28,68224,21,1,1,0.88,1,1,0,1,0.248,Medium,Low_Risk
CUST0487,52,Male,Single,University,Employed,74,6637,15,2,0,0.55,0,1,0,1,0.248,Medium,Low_Risk
CUST0929,36,Male,Single,Primary,Employed,65,67558,15,1,0,0.98,2,0,0,1,0.248,Low,Low_Risk
CUST0730,49,Female,Single,,Employed,68,90276,14,1,0,0.51,0,0,1,1,0.248,Low,Low_Risk
CUST2764,30,Male,Single,Secondary,Unemployed,36,12920,21,2,0,0.73,3,0,0,1,0.248,Medium,Low_Risk
CUST0311,41,Female,Married,University,Employed,108,26844,9,3,0,0.55,2,1,0,1,0.248,Medium,Low_Risk
CUST2243,19,Female,Married,Primary,Employed,62,172994,13,1,0,0.98,1,1,0,1,0.248,Low,Low_Risk
CUST0609,41,Female,Married,University,Employed,18,350126,16,2,0,0.84,2,0,1,1,0.248,Medium,Low_Risk
CUST2059,61,Male,Single,Primary,Employed,35,270740,15,3,0,0.94,2,0,0,1,0.247,Medium,Low_Risk
CUST1373,21,Male,Married,University,Self-employed,97,99474,9,4,0,0.89,1,1,0,1,0.247,Medium,Low_Risk
CUST1041,31,Female,Single,Primary,Employed,61,93705,15,1,0,0.91,2,0,1,1,0.247,Low,Low_Risk
CUST2946,47,Female,Single,Secondary,Employed,50,81463,17,3,0,0.59,0,1,0,1,0.247,Medium,Low_Risk
CUST0750,45,Female,Married,Secondary,Self-employed,37,129951,18,1,0,0.67,0,0,0,1,0.247,Medium,Low_Risk
CUST0277,25,Male,Married,Primary,Employed,54,99842,16,2,0,0.95,3,0,0,1,0.247,Medium,Low_Risk
CUST0976,50,Male,Single,Primary,Employed,60,142998,14,1,0,0.96,2,1,1,1,0.247,Low,Low_Risk
CUST1045,21,Male,Married,Primary,Self-employed,75,81367,13,1,0,0.78,1,1,0,1,0.247,Low,Low_Risk
CUST0995,39,Male,Married,Secondary,Employed,47,18231,19,1,0,0.56,2,0,1,1,0.247,Medium,Low_Risk
CUST2708,39,Female,Divorced,Primary,Self-employed,24,6752,23,2,0,0.82,2,0,0,1,0.247,Medium,Low_Risk
CUST0489,32,Male,Single,,Employed,67,8023,16,2,0,0.66,1,0,1,1,0.247,Medium,Low_Risk
CUST2773,40,Female,Single,Secondary,Employed,69,121778,13,2,0,0.9,1,0,1,1,0.247,Medium,Low_Risk
CUST0351,54,Male,Single,University,Self-employed,30,172531,18,2,1,0.64,0,1,0,1,0.246,Medium,Low_Risk
CUST2457,32,Male,Married,Primary,Employed,47,141006,16,2,0,0.59,0,1,1,1,0.246,Medium,Low_Risk
CUST0568,44,Male,Single,Secondary,Employed,4,522988,14,2,0,0.77,3,1,0,1,0.246,Medium,Low_Risk
CUST1944,22,Female,Divorced,University,Employed,42,218958,15,2,0,0.8,2,1,0,1,0.246,Medium,Low_Risk
CUST2877,42,Female,Single,Secondary,Self-employed,56,78855,16,1,0,0.54,3,1,1,1,0.246,Low,Low_Risk
CUST0438,44,Female,Married,Primary,Self-employed,73,4868,15,2,0,0.62,0,1,0,1,0.246,Medium,Low_Risk
CUST1799,50,Male,Married,Secondary,Employed,55,170056,14,1,0,0.78,0,1,0,1,0.246,Low,Low_Risk
CUST0840,31,Male,Married,Secondary,Employed,23,52537,22,1,0,0.96,0,1,0,1,0.246,Medium,Low_Risk
CUST1814,50,Female,Divorced,Secondary,Employed,40,234519,15,1,0,0.89,2,1,0,1,0.246,Low,Low_Risk
CUST2221,39,Female,Single,Secondary,Employed,58,64320,16,2,0,0.7,1,1,0,1,0.246,Medium,Low_Risk
CUST1149,38,Male,Married,Secondary,Unemployed,40,15623,20,1,0,0.83,2,1,0,1,0.245,Medium,Low_Risk
CUST1126,40,Female,Married,University,Employed,72,177371,11,2,1,0.89,2,0,0,1,0.245,Low,Low_Risk
CUST1032,29,Female,Single,Secondary,Employed,61,167077,13,1,0,0.64,1,0,0,1,0.245,Low,Low_Risk
CUST2898,34,Female,Single,Secondary,Self-employed,49,166876,15,1,0,0.86,1,1,0,1,0.245,Low,Low_Risk
CUST0970,43,Female,Married,University,Employed,56,31873,17,3,0,0.59,0,1,0,1,0.245,Medium,Low_Risk
CUST2509,37,Female,Married,,Employed,5,920,26,1,0,0.65,1,0,0,1,0.245,Medium,Low_Risk
CUST0440,32,Female,Single,,Employed,54,45764,17,3,0,0.72,1,1,0,1,0.245,Medium,Low_Risk
CUST2486,49,Female,Married,University,Employed,35,93066,19,2,1,0.76,4,0,0,1,0.245,Medium,Medium_Risk
CUST1084,42,Female,Divorced,,Employed,23,387230,14,3,0,0.7,0,0,0,1,0.245,Medium,Low_Risk
CUST0241,29,Female,Married,Primary,Employed,31,157680,18,2,0,0.54,1,1,0,1,0.244,Medium,Low_Risk
CUST0912,25,Male,Married,Primary,Self-employed,77,11029,14,2,0,0.63,2,0,1,1,0.244,Medium,Low_Risk
CUST1003,25,Female,Divorced,Secondary,Self-employed,35,216056,16,1,1,0.64,2,1,1,1,0.244,Low,Low_Risk
CUST0632,28,Male,Married,Secondary,Employed,47,48513,18,1,0,0.59,0,1,0,1,0.244,Medium,Low_Risk
CUST1969,41,Female,Single,University,Self-employed,57,66672,16,1,0,0.84,0,0,0,1,0.244,Low,Low_Risk
CUST2969,18,Female,Married,Primary,Employed,47,93251,17,1,0,0.73,4,1,0,1,0.244,Low,Low_Risk
CUST1041,39,Male,Divorced,Primary,Employed,43,119788,17,1,0,0.67,0,0,1,1,0.244,Low,Low_Risk
CUST2766,37,Female,Married,University,Employed,92,34578,11,4,2,0.51,1,0,0,1,0.244,Medium,Medium_Risk
CUST2559,28,Female,Divorced,Secondary,Employed,82,21905,13,4,0,0.68,0,1,0,1,0.244,Medium,Low_Risk
CUST2260,52,Male,Single,University,Employed,38,277916,14,3,0,0.75,1,1,0,1,0.243,Medium,Low_Risk
CUST2322,26,Male,Divorced,Primary,Employed,31,493667,10,1,0,0.6,2,1,1,1,0.243,Low,Low_Risk
CUST1417,31,Male,Single,Secondary,Employed,65,132897,13,2,1,0.8,1,0,1,1,0.243,Medium,Low_Risk
CUST2194,19,Female,Single,Primary,Employed,38,235419,15,2,0,0.94,1,1,0,1,0.243,Medium,Low_Risk
CUST2435,42,Male,Married,Secondary,Employed,40,93292,18,1,0,0.74,1,1,0,1,0.243,Medium,Low_Risk
CUST2242,43,Female,Married,Secondary,Employed,65,4825,16,2,1,0.79,2,0,0,1,0.243,Medium,Low_Risk
CUST2124,40,Female,Single,Secondary,Employed,18,327304,16,2,1,0.83,0,1,0,1,0.243,Medium,Low_Risk
CUST0544,18,Female,Single,Secondary,Self-employed,33,11189,21,1,0,0.91,2,0,0,1,0.242,Medium,Low_Risk
CUST0294,21,Male,Single,Secondary,Employed,77,131619,11,3,0,0.99,1,1,0,1,0.242,Medium,Low_Risk
CUST0864,52,Female,Married,Secondary,Employed,67,115805,13,2,0,0.81,1,1,0,1,0.242,Medium,Low_Risk
CUST1579,37,Female,Divorced,University,Employed,59,84742,15,2,0,0.81,1,1,0,1,0.242,Medium,Low_Risk
CUST2967,46,Female,Married,Secondary,Unemployed,32,60401,20,1,0,0.68,1,0,1,1,0.242,Medium,Low_Risk
CUST0192,33,Female,Single,Secondary,Self-employed,22,297026,16,2,0,0.71,0,1,1,1,0.242,Medium,Low_Risk
CUST0548,34,Male,Married,University,Self-employed,63,57199,15,2,0,0.53,0,1,0,1,0.242,Medium,Low_Risk
CUST1778,18,Male,Married,University,Employed,76,182423,10,1,0,0.5,0,1,0,1,0.242,Low,Low_Risk
CUST2429,19,Female,Married,Primary,Employed,46,6858,19,2,0,0.57,0,1,1,1,0.242,Medium,Low_Risk
CUST1420,26,Male,Single,Primary,Self-employed,49,22264,18,3,0,0.84,1,1,0,1,0.241,Medium,Low_Risk
CUST0747,35,Female,Married,Primary,Self-employed,84,122566,10,1,0,0.83,1,1,1,1,0.241,Low,Low_Risk
CUST0365,36,Male,Married,Primary,Employed,82,93419,11,1,1,0.79,1,1,0,1,0.241,Low,Low_Risk
CUST1236,26,Female,Married,Secondary,Employed,17,285623,17,2,0,0.77,3,1,0,1,0.241,Medium,Low_Risk
CUST1538,22,Female,Single,Secondary,Unemployed,54,244518,12,1,0,0.97,0,0,0,1,0.241,Low,Low_Risk
CUST2739,33,Male,Single,Secondary,Self-employed,96,39481,10,1,0,0.94,1,1,0,1,0.241,Low,Low_Risk
CUST0297,34,Male,Married,Primary,Employed,57,8049,17,3,1,0.82,0,1,1,1,0.241,Medium,Low_Risk
CUST2100,36,Female,Married,University,Self-employed,84,34781,12,2,0,0.53,3,0,0,1,0.241,Low,Low_Risk
CUST1009,43,Female,Single,Secondary,Employed,29,330341,14,3,0,0.94,1,0,0,1,0.241,Medium,Low_Risk
CUST2662,44,Male,Single,Primary,Unemployed,114,126811,5,1,0,0.88,0,1,1,1,0.241,Low,Low_Risk
CUST2103,33,Male,Married,Secondary,Self-employed,6,192503,21,2,0,0.81,0,1,0,1,0.241,Medium,Low_Risk
CUST1457,53,Male,Married,Secondary,Self-employed,44,100627,17,2,0,0.69,1,0,0,1,0.241,Medium,Low_Risk
CUST2183,38,Female,Single,Primary,Self-employed,43,190117,15,3,0,0.92,3,0,1,1,0.241,Medium,Low_Risk
CUST1438,33,Female,Single,University,Employed,54,243480,12,3,0,0.57,1,1,1,1,0.241,Medium,Low_Risk
CUST1671,37,Female,Married,University,Employed,84,35352,12,2,0,0.74,1,1,1,1,0.241,Low,Low_Risk
CUST0457,37,Female,Single,,Employed,22,35900,22,3,0,0.63,4,1,0,1,0.24,High,Low_Risk
CUST0001,35,Male,Single,Secondary,Self-employed,29,413122,12,1,1,0.99,0,1,0,1,0.24,Low,Low_Risk
CUST2163,40,Female,Single,Primary,Employed,29,113400,19,2,0,0.93,2,1,0,1,0.24,Medium,Low_Risk
CUST0949,18,Female,Married,,Employed,69,51481,14,2,0,0.83,3,1,0,1,0.24,Medium,Low_Risk
CUST0307,33,Female,Single,University,Self-employed,16,201371,19,3,0,0.82,2,0,0,1,0.24,Medium,Low_Risk
CUST1226,30,Male,Married,University,Self-employed,50,11981,18,3,2,0.68,1,1,0,1,0.24,Medium,Medium_Risk
CUST1534,37,Male,Married,University,Self-employed,63,92772,14,2,1,0.86,0,1,1,1,0.24,Medium,Low_Risk
CUST0532,33,Female,Married,University,Employed,38,179922,16,4,1,0.74,1,1,0,1,0.24,Medium,Low_Risk
CUST1063,28,Female,Married,,Employed,20,217610,18,2,0,0.72,2,0,0,1,0.24,Medium,Low_Risk
CUST1489,45,Male,Divorced,Secondary,Employed,49,59192,17,2,1,0.63,3,1,0,1,0.24,Medium,Medium_Risk
CUST0064,40,Male,Married,Primary,Employed,33,254165,15,2,0,0.87,0,1,0,1,0.24,Medium,Low_Risk
CUST2483,23,Female,Married,Secondary,Employed,54,26622,17,3,1,0.68,0,1,0,1,0.24,Medium,Low_Risk
CUST0242,40,Female,Single,Secondary,Employed,33,250493,15,3,0,0.5,1,0,0,1,0.239,Medium,Low_Risk
CUST0220,53,Female,Divorced,Primary,Employed,42,233084,14,2,0,0.86,0,0,0,1,0.239,Medium,Low_Risk
CUST0162,43,Male,Divorced,Secondary,Employed,36,445441,10,1,0,0.76,2,1,0,1,0.239,Low,Low_Risk
CUST0639,22,Female,Single,University,Employed,7,602090,11,1,0,0.86,2,1,0,1,0.239,Low,Low_Risk
CUST0260,24,Male,Single,Primary,Employed,42,64026,18,1,0,0.63,2,1,0,1,0.239,Medium,Low_Risk
CUST2145,18,Male,Single,Secondary,Unemployed,40,34042,19,2,1,0.67,1,1,0,1,0.239,Medium,Low_Risk
CUST0106,41,Female,Married,Secondary,Employed,66,405911,6,4,0,0.54,0,1,0,1,0.239,Medium,Low_Risk
CUST1517,53,Female,Single,Secondary,Self-employed,30,145415,18,2,0,0.92,1,1,1,1,0.239,Medium,Low_Risk
CUST1506,41,Female,Single,Primary,Employed,23,22088,22,1,0,0.5,1,1,0,1,0.239,Medium,Low_Risk
CUST0587,50,Female,Married,Secondary,Employed,75,89505,12,2,0,0.69,2,1,0,1,0.239,Low,Low_Risk
CUST2985,33,Female,Married,Secondary,Unemployed,54,62712,16,1,0,0.98,1,1,0,1,0.238,Low,Low_Risk
CUST0539,23,Male,Married,Secondary,Employed,41,21024,19,1,1,0.62,0,1,0,1,0.238,Medium,Low_Risk
CUST0243,35,Male,Single,University,Employed,26,83990,20,2,0,0.83,3,0,0,1,0.238,Medium,Low_Risk
CUST0494,31,Male,Married,Secondary,Self-employed,74,9181,14,2,0,0.89,1,0,0,1,0.238,Medium,Low_Risk
CUST1614,33,Female,Single,Secondary,Employed,23,615316,8,1,1,0.59,2,1,0,1,0.238,Low,Low_Risk
CUST1739,44,Female,Single,Secondary,Unemployed,51,40303,17,1,0,0.84,0,0,0,1,0.238,Low,Low_Risk
CUST2514,47,Female,Single,Secondary,Employed,100,43384,9,2,1,0.9,0,1,1,1,0.238,Low,Low_Risk
CUST2653,52,Female,Married,Secondary,Employed,45,377014,10,2,1,0.81,1,0,0,1,0.238,Low,Low_Risk
CUST1193,19,Male,Single,Secondary,Self-employed,54,19647,17,2,0,0.99,1,1,0,1,0.238,Medium,Low_Risk
CUST2753,47,Male,Married,Primary,Self-employed,47,107190,16,4,0,0.76,2,0,1,1,0.238,Medium,Low_Risk
CUST1460,37,Male,Single,Secondary,Employed,5,483927,14,1,0,0.59,0,0,0,1,0.238,Low,Low_Risk
CUST1004,31,Female,Married,Primary,Employed,36,225456,15,2,0,0.97,2,1,0,1,0.238,Medium,Low_Risk
CUST2775,41,Female,Single,,Self-employed,52,75566,16,4,0,0.57,1,0,0,1,0.238,Medium,Low_Risk
CUST2378,35,Male,Married,Secondary,Employed,44,39818,18,3,0,0.8,3,0,0,1,0.237,Medium,Low_Risk
CUST1105,27,Female,Married,Secondary,Employed,59,278688,10,1,0,0.59,1,0,0,1,0.237,Low,Low_Risk
CUST0740,45,Male,Single,,Employed,54,100967,15,2,1,0.64,1,1,1,1,0.237,Medium,Low_Risk
CUST2764,30,Male,Divorced,,Self-employed,68,1892,15,4,0,0.61,1,0,0,1,0.237,Medium,Low_Risk
CUST0435,19,Male,Married,University,Employed,9,239804,19,3,1,0.97,1,1,0,1,0.237,Medium,Low_Risk
CUST0764,28,Female,Married,University,Unemployed,36,139152,17,2,0,0.63,1,0,0,1,0.237,Medium,Low_Risk
CUST1123,23,Male,Married,University,Employed,66,142376,12,2,1,0.94,0,1,1,1,0.237,Low,Low_Risk
CUST0742,42,Female,Single,Secondary,Self-employed,28,272787,15,3,0,0.53,2,0,0,1,0.236,Medium,Low_Risk
CUST0497,23,Female,Divorced,Primary,Employed,79,49819,12,1,0,0.74,4,1,0,1,0.236,Low,Low_Risk
CUST2728,24,Female,Married,University,Employed,18,173049,19,1,0,0.59,1,0,0,1,0.236,Medium,Low_Risk
CUST0016,40,Male,Married,Secondary,Employed,25,250438,16,1,0,0.5,0,0,1,1,0.236,Low,Low_Risk
CUST0334,49,Female,Married,Secondary,Employed,57,117609,14,1,1,0.51,0,1,0,1,0.236,Low,Low_Risk
CUST1913,26,Male,Single,Secondary,Employed,10,14291,24,1,0,0.62,0,0,1,1,0.236,Medium,Low_Risk
CUST1212,30,Female,Single,,Unemployed,55,87951,15,3,0,0.79,1,0,0,1,0.236,Medium,Low_Risk
CUST1435,34,Male,Single,University,Employed,82,30661,12,3,0,0.81,0,1,0,1,0.236,Medium,Low_Risk
CUST0997,42,Female,Married,Primary,Employed,8,198169,20,4,0,0.87,1,1,0,1,0.236,High,Low_Risk
CUST0784,48,Female,Married,Primary,Employed,31,297166,14,2,0,0.91,1,1,1,1,0.236,Medium,Low_Risk
CUST2403,18,Male,Divorced,Primary,Employed,55,43856,16,1,0,0.77,0,0,0,1,0.236,Low,Low_Risk
CUST0171,45,Male,Married,Secondary,Self-employed,70,154666,11,2,0,0.72,0,1,0,1,0.236,Low,Low_Risk
CUST0751,37,Female,Married,University,Employed,7,460720,14,2,0,0.62,2,1,1,1,0.236,Medium,Low_Risk
CUST1595,28,Male,Married,Secondary,Employed,26,73874,20,1,0,0.55,2,1,1,1,0.236,Medium,Low_Risk
CUST0853,33,Female,Married,Secondary,Employed,5,91007,23,3,1,0.63,2,0,0,1,0.236,High,Low_Risk
CUST0876,42,Male,Single,,Employed,7,243395,19,1,1,0.86,0,1,0,1,0.235,Medium,Low_Risk
CUST0930,27,Female,Married,Secondary,Employed,38,201820,15,2,0,0.81,1,1,0,1,0.235,Medium,Low_Risk
CUST0184,32,Female,Married,University,Employed,30,555207,8,1,0,0.97,2,0,0,1,0.235,Low,Low_Risk
CUST1612,31,Male,Married,Secondary,Employed,4,348303,17,1,1,0.63,1,1,1,1,0.235,Low,Low_Risk
CUST1215,34,Female,Married,Secondary,Unemployed,7,500507,13,4,0,0.83,0,0,1,1,0.235,Medium,Low_Risk
CUST2383,24,Female,Married,Secondary,Employed,63,31100,15,1,1,0.68,0,1,0,1,0.235,Low,Low_Risk
CUST1202,46,Male,Single,Primary,Employed,71,17232,14,1,0,0.86,0,1,0,1,0.235,Low,Low_Risk
CUST0407,44,Female,Married,Secondary,Employed,50,27586,17,3,0,0.59,0,1,1,1,0.234,Medium,Low_Risk
CUST2855,45,Male,Married,Primary,Employed,94,110618,8,1,0,0.54,1,0,0,1,0.234,Low,Low_Risk
CUST2166,32,Female,Married,Secondary,Self-employed,60,46971,15,3,0,0.86,0,0,0,1,0.234,Medium,Low_Risk
CUST0733,42,Male,Married,University,Self-employed,68,76716,13,3,0,0.78,1,1,1,1,0.234,Medium,Low_Risk
CUST2393,23,Male,Single,Primary,Employed,86,35118,11,4,0,0.93,2,1,1,1,0.234,Medium,Low_Risk
CUST1101,43,Male,Married,Secondary,Unemployed,21,186622,18,1,0,0.66,1,1,1,1,0.234,Medium,Low_Risk
CUST0018,42,Male,Single,Primary,Employed,90,9347,11,3,0,0.57,2,0,0,1,0.234,Medium,Low_Risk
CUST2372,54,Female,Married,University,Self-employed,75,195303,9,1,0,0.73,0,1,1,1,0.234,Low,Low_Risk
CUST0869,30,Female,Single,Secondary,Unemployed,26,280482,15,3,0,0.85,1,1,0,1,0.234,Medium,Low_Risk
CUST1401,39,Female,Married,Secondary,Employed,67,77568,13,1,1,0.74,1,1,0,1,0.233,Low,Low_Risk
CUST2121,37,Female,Single,University,Employed,83,178967,8,3,0,0.69,3,0,1,1,0.233,Medium,Low_Risk
CUST2593,42,Female,Married,Primary,Self-employed,25,112499,19,1,3,0.98,0,0,0,1,0.233,Medium,Medium_Risk
CUST1384,30,Male,Single,Primary,Employed,57,61831,15,2,0,0.72,0,1,0,1,0.233,Medium,Low_Risk
CUST0829,31,Female,Single,Secondary,Employed,29,169859,17,2,0,0.68,0,1,0,1,0.233,Medium,Low_Risk
CUST0456,21,Male,Single,,Self-employed,36,208780,15,4,0,0.8,1,1,0,1,0.233,Medium,Low_Risk
CUST1482,40,Female,Single,Secondary,Employed,64,225296,10,2,0,0.64,2,1,1,1,0.233,Low,Low_Risk
CUST0594,40,Female,Married,Secondary,Employed,41,256990,13,2,0,1.0,1,1,0,1,0.233,Medium,Low_Risk
CUST1751,28,Female,Married,Primary,Employed,50,26873,17,4,0,0.72,1,0,0,1,0.233,High,Low_Risk
CUST0964,27,Male,Married,Primary,Employed,82,58954,11,1,0,0.94,0,1,0,1,0.233,Low,Low_Risk
CUST0969,25,Male,Divorced,Secondary,Self-employed,59,260514,10,2,0,0.73,4,1,1,1,0.233,Low,Low_Risk
CUST2264,27,Male,Married,Secondary,Self-employed,62,26155,15,1,1,0.68,2,1,0,1,0.233,Low,Low_Risk
CUST0966,34,Female,Single,Secondary,Self-employed,4,384195,16,1,0,0.75,1,1,0,1,0.233,Low,Low_Risk
CUST1257,40,Female,Married,Primary,Employed,47,2887,18,4,0,0.9,2,1,0,1,0.233,High,Low_Risk
CUST0128,33,Male,Married,University,Self-employed,56,70732,15,4,0,0.89,1,0,0,1,0.233,Medium,Low_Risk
CUST2894,36,Female,Married,Secondary,Self-employed,65,51537,14,1,0,0.51,0,1,0,1,0.233,Low,Low_Risk
CUST2507,43,Female,Single,Secondary,Self-employed,17,34926,22,2,0,0.51,1,1,1,1,0.232,Medium,Low_Risk
CUST1517,27,Female,Married,Primary,Employed,51,55427,16,2,0,0.52,0,1,1,1,0.232,Medium,Low_Risk
CUST0570,27,Female,Married,Primary,Self-employed,18,69874,21,3,0,0.63,1,0,0,1,0.232,Medium,Low_Risk
CUST0797,21,Male,Married,Secondary,Self-employed,11,35854,23,2,0,0.9,0,1,1,1,0.232,Medium,Low_Risk
CUST1815,44,Male,Married,Secondary,Employed,38,102409,17,1,0,0.69,1,1,0,1,0.232,Low,Low_Risk
CUST2728,20,Male,Single,Secondary,Employed,36,30909,19,3,0,0.69,1,1,0,1,0.232,Medium,Low_Risk
CUST1361,18,Male,Single,Secondary,Employed,43,240395,13,2,0,0.54,1,0,0,1,0.232,Medium,Low_Risk
CUST2257,44,Female,Divorced,Secondary,Employed,70,139174,11,2,0,0.87,1,1,0,1,0.232,Low,Low_Risk
CUST0330,35,Female,Married,University,Employed,57,17278,16,1,0,0.97,2,0,0,1,0.232,Low,Low_Risk
CUST2987,40,Male,Married,University,Employed,41,126156,16,1,0,0.52,1,0,0,1,0.232,Low,Low_Risk
CUST1811,49,Male,Married,Primary,Employed,51,183830,13,3,0,0.82,0,0,0,1,0.232,Medium,Low_Risk
CUST1578,40,Male,Married,Primary,Employed,71,47792,13,2,0,0.66,0,0,1,1,0.232,Medium,Low_Risk
CUST1594,54,Male,Married,Primary,Employed,65,89187,13,1,0,0.68,2,0,0,1,0.232,Low,Low_Risk
CUST1289,41,Male,Divorced,Secondary,Self-employed,83,6023,12,2,1,0.67,1,0,1,1,0.232,Low,Low_Risk
CUST1039,55,Male,Married,,Employed,26,184608,17,1,0,0.99,2,0,0,1,0.232,Low,Low_Risk
CUST1210,24,Male,Single,Secondary,Employed,39,140238,16,3,1,0.74,2,1,0,1,0.232,Medium,Low_Risk
CUST0050,30,Female,Single,Secondary,Employed,35,208211,15,3,0,0.8,0,1,0,1,0.232,Medium,Low_Risk
CUST2968,21,Female,Single,Primary,Employed,89,172592,7,3,0,0.83,1,1,0,1,0.231,Low,Low_Risk
CUST0950,43,Male,Divorced,Secondary,Unemployed,25,105199,19,1,0,0.64,0,1,1,1,0.231,Medium,Low_Risk
CUST2306,46,Female,Married,Secondary,Employed,46,170359,14,4,0,0.87,2,0,0,1,0.231,Medium,Low_Risk
CUST0689,18,Female,Married,University,Employed,22,83032,20,3,0,0.89,1,1,0,1,0.231,Medium,Low_Risk
CUST0382,46,Male,Married,University,Self-employed,44,186562,14,3,0,0.86,1,1,0,1,0.231,Medium,Low_Risk
CUST0215,44,Female,Single,Secondary,Employed,42,201632,14,1,1,0.94,1,1,1,1,0.231,Low,Low_Risk
CUST1505,27,Female,Married,Secondary,Self-employed,56,61085,15,4,0,0.65,2,1,1,1,0.231,Medium,Low_Risk
CUST1585,37,Male,Divorced,Secondary,Self-employed,26,267540,15,2,0,0.56,0,0,0,1,0.231,Medium,Low_Risk
CUST1401,37,Female,Married,,Employed,21,260029,16,3,0,0.73,2,0,0,1,0.231,Medium,Low_Risk
CUST0745,18,Female,Single,Primary,Employed,54,328643,9,3,0,0.98,2,1,0,1,0.231,Medium,Low_Risk
CUST0951,24,Male,Married,Secondary,Employed,14,178621,19,2,0,0.81,2,1,1,1,0.231,Medium,Low_Risk
CUST0630,26,Female,Single,Primary,Employed,62,62110,14,4,0,0.95,0,0,0,1,0.231,Medium,Low_Risk
CUST0613,18,Female,Married,Secondary,Self-employed,48,68025,16,1,0,0.51,0,1,0,1,0.23,Low,Low_Risk
CUST2784,42,Male,Married,Secondary,Self-employed,43,19885,18,1,0,0.58,0,0,1,1,0.23,Medium,Low_Risk
CUST1610,36,Male,Married,Secondary,Employed,58,125914,13,2,0,0.96,0,0,0,1,0.23,Medium,Low_Risk
CUST1851,42,Male,Divorced,Primary,Employed,48,70869,16,3,0,0.78,1,1,0,1,0.23,Medium,Low_Risk
CUST0691,32,Male,Single,,Employed,56,99176,14,2,1,0.93,1,1,0,1,0.23,Medium,Low_Risk
CUST1063,26,Male,Married,University,Employed,19,94572,20,3,0,0.87,0,1,0,1,0.229,Medium,Low_Risk
CUST0725,43,Female,Married,Secondary,Employed,26,301282,14,2,0,0.92,0,0,0,1,0.229,Medium,Low_Risk
CUST1248,41,Male,Single,Secondary,Employed,48,65846,16,3,1,0.63,0,0,0,1,0.229,Medium,Low_Risk
CUST0025,27,Male,Single,Primary,Self-employed,28,161861,17,1,0,0.69,0,1,0,1,0.229,Low,Low_Risk
CUST0161,31,Female,Married,University,Unemployed,37,14032,19,1,1,0.74,0,1,1,1,0.229,Medium,Low_Risk
CUST2610,42,Male,Single,,Employed,14,42621,22,2,0,0.8,1,1,1,1,0.229,Medium,Low_Risk
CUST0159,32,Female,Divorced,Primary,Employed,15,419706,13,2,0,0.6,1,1,0,1,0.229,Medium,Low_Risk
CUST2116,29,Male,Single,Secondary,Employed,50,8411,17,1,1,0.52,0,0,0,1,0.229,Low,Low_Risk
CUST1684,18,Female,Single,Secondary,Self-employed,87,10457,11,2,1,0.77,1,0,0,1,0.229,Low,Low_Risk
CUST0569,35,Female,Single,Secondary,Unemployed,62,11025,15,2,0,0.88,1,1,1,1,0.229,Medium,Low_Risk
CUST0642,41,Male,Married,University,Self-employed,16,112190,20,3,0,0.65,1,1,0,1,0.228,Medium,Low_Risk
CUST0393,34,Female,Married,Primary,Employed,59,25878,15,4,0,0.67,1,1,0,1,0.228,Medium,Low_Risk
CUST0249,45,Male,Single,Primary,Self-employed,24,56067,20,2,0,0.73,2,1,1,1,0.228,Medium,Low_Risk
CUST0875,38,Male,Single,Secondary,Employed,73,17363,13,1,1,0.96,1,1,0,1,0.228,Low,Low_Risk
CUST1971,46,Female,Married,,Employed,60,105298,13,1,0,0.69,0,0,0,1,0.228,Low,Low_Risk
CUST1529,29,Female,Married,University,Employed,6,222831,19,3,1,0.68,0,1,0,1,0.228,Medium,Low_Risk
CUST2026,43,Male,Single,University,Employed,12,265703,17,1,0,0.64,0,0,0,1,0.228,Low,Low_Risk
CUST1752,18,Male,Married,Primary,Employed,56,6469,16,3,0,0.84,3,0,1,1,0.228,Medium,Low_Risk
CUST1548,43,Male,Married,Secondary,Self-employed,20,40411,21,1,0,0.74,0,1,1,1,0.228,Medium,Low_Risk
CUST0384,34,Female,Single,University,Self-employed,83,116250,9,1,0,0.66,1,1,1,1,0.228,Low,Low_Risk
CUST0377,39,Female,Married,Primary,Self-employed,23,62068,20,2,0,0.51,2,1,0,1,0.228,Medium,Low_Risk
CUST2961,45,Female,Married,,Unemployed,48,17677,17,1,0,0.64,1,1,0,1,0.228,Low,Low_Risk
CUST0665,19,Male,Single,Primary,Employed,16,318505,15,1,0,0.74,0,0,1,1,0.227,Low,Low_Risk
CUST0019,28,Male,Married,University,Employed,55,95628,14,1,1,0.52,2,1,0,1,0.227,Low,Low_Risk
CUST0498,39,Female,Married,Primary,Employed,11,269008,17,2,0,0.92,0,1,0,1,0.227,Medium,Low_Risk
CUST2084,34,Male,Married,Secondary,Employed,44,41094,17,1,0,0.52,1,1,0,1,0.227,Low,Low_Risk
CUST1251,27,Female,Married,Secondary,Employed,55,177343,12,1,0,0.98,3,0,0,1,0.227,Low,Low_Risk
CUST1964,18,Male,Married,Secondary,Employed,37,345288,11,3,0,0.9,2,1,1,1,0.227,Medium,Low_Risk
CUST1491,50,Male,Married,Primary,Employed,30,182289,16,2,0,0.7,0,0,0,1,0.227,Medium,Low_Risk
CUST2932,32,Female,Married,Primary,Employed,90,23621,10,2,0,0.55,1,0,1,1,0.227,Low,Low_Risk
CUST0553,45,Male,Single,Primary,Employed,33,162015,16,1,0,1.0,0,1,1,1,0.227,Low,Low_Risk
CUST2996,24,Male,Single,Primary,Unemployed,54,16383,16,2,0,0.84,1,1,0,1,0.227,Medium,Low_Risk
CUST2387,36,Female,Divorced,,Employed,52,27099,16,1,0,0.52,1,1,1,1,0.226,Low,Low_Risk
CUST1758,18,Male,Married,Primary,Employed,56,209512,11,1,0,0.89,0,1,0,1,0.226,Low,Low_Risk
CUST2434,42,Male,Married,University,Self-employed,66,183375,10,3,0,0.97,5,1,0,1,0.226,Medium,Medium_Risk
CUST2518,35,Female,Married,,Employed,57,159653,12,1,0,0.67,1,1,1,1,0.226,Low,Low_Risk
CUST0362,35,Female,Single,Secondary,Employed,55,132128,13,3,0,0.92,0,1,0,1,0.226,Medium,Low_Risk
CUST2990,26,Male,Single,Primary,Self-employed,98,90081,7,2,1,0.82,0,1,0,1,0.226,Low,Low_Risk
CUST0462,31,Female,Single,Secondary,Employed,85,12024,11,1,0,0.87,0,0,0,1,0.226,Low,Low_Risk
CUST2931,18,Female,Married,Secondary,Employed,16,188253,18,1,0,0.78,0,0,1,1,0.226,Medium,Low_Risk
CUST0560,35,Male,Married,University,Employed,68,83832,12,3,0,0.86,1,0,0,1,0.226,Medium,Low_Risk
CUST0670,33,Male,Married,Primary,Unemployed,60,98396,13,1,0,0.65,1,1,1,1,0.226,Low,Low_Risk
CUST0054,34,Female,Married,Primary,Employed,54,8519,16,1,0,0.54,0,1,1,1,0.225,Low,Low_Risk
CUST2008,29,Male,Single,Secondary,Employed,36,88142,17,2,1,0.64,0,1,1,1,0.225,Medium,Low_Risk
CUST1256,24,Female,Single,,Employed,11,90675,21,2,0,0.53,0,1,1,1,0.225,Medium,Low_Risk
CUST2031,31,Male,Single,Primary,Unemployed,24,500,21,3,0,0.59,1,0,0,1,0.225,Medium,Low_Risk
CUST1430,24,Female,Married,Secondary,Self-employed,33,193515,15,3,0,0.81,1,1,0,1,0.225,Medium,Low_Risk
CUST2435,33,Male,Married,Primary,Employed,38,118038,16,4,0,0.68,0,1,1,1,0.225,Medium,Low_Risk
CUST0680,25,Female,Single,University,Employed,16,100245,20,4,1,0.91,0,1,0,1,0.225,High,Low_Risk
CUST1158,36,Male,Single,Primary,Employed,100,71414,7,1,1,0.56,0,0,0,1,0.225,Low,Low_Risk
CUST1434,41,Female,Single,Primary,Employed,21,66454,20,2,0,0.95,0,1,0,1,0.225,Medium,Low_Risk
CUST0011,30,Male,Single,University,Unemployed,71,103498,11,3,1,0.56,1,1,0,1,0.225,Medium,Low_Risk
CUST0965,55,Female,Married,Primary,Employed,40,20228,18,3,0,0.87,0,1,1,1,0.225,Medium,Low_Risk
CUST1949,25,Female,Single,Primary,Employed,12,209252,18,2,0,0.95,1,1,1,1,0.224,Medium,Low_Risk
CUST0816,35,Male,Single,Secondary,Employed,10,305722,16,1,0,0.92,0,0,1,1,0.224,Low,Low_Risk
CUST2625,31,Male,Married,Primary,Employed,16,433430,12,3,0,0.88,0,1,0,1,0.224,Medium,Low_Risk
CUST1968,39,Male,Single,University,Employed,47,94642,15,2,0,0.71,1,1,0,1,0.224,Medium,Low_Risk
CUST0207,22,Female,Single,,Self-employed,50,75318,15,1,0,0.63,0,0,0,1,0.224,Low,Low_Risk
CUST0151,27,Female,Single,Secondary,Self-employed,2,401537,15,4,0,0.6,1,0,1,1,0.223,Medium,Low_Risk
CUST1630,38,Female,Married,Primary,Employed,60,85386,13,1,0,0.53,2,1,1,1,0.223,Low,Low_Risk
CUST1289,20,Male,Married,Primary,Self-employed,60,1106,15,1,0,0.86,2,0,0,1,0.223,Low,Low_Risk
CUST1823,22,Male,Married,,Unemployed,57,147641,12,1,0,0.69,1,1,1,1,0.223,Low,Low_Risk
CUST1821,38,Male,Married,Secondary,Self-employed,23,86609,19,3,1,0.54,3,1,0,1,0.223,Medium,Medium_Risk
CUST1349,30,Female,Single,Primary,Employed,34,221279,14,4,0,0.9,1,0,1,1,0.223,Medium,Low_Risk
CUST0552,29,Male,Married,Secondary,Employed,50,22964,16,3,0,0.63,2,1,0,1,0.222,Medium,Low_Risk
CUST2082,30,Male,Single,University,Self-employed,53,44719,15,1,1,0.74,0,1,0,1,0.222,Low,Low_Risk
CUST0794,39,Male,Single,University,Employed,85,77492,9,2,0,0.67,3,1,1,1,0.222,Low,Low_Risk
CUST2521,31,Male,Single,Secondary,Employed,34,133116,16,1,0,0.62,0,1,0,1,0.222,Low,Low_Risk
CUST1590,21,Male,Married,Secondary,Unemployed,81,20786,11,1,0,0.8,0,1,1,1,0.222,Low,Low_Risk
CUST0635,42,Male,Married,Primary,Employed,77,48993,11,3,0,0.56,2,0,0,1,0.222,Medium,Low_Risk
CUST0515,27,Male,Married,Primary,Employed,83,6535,11,1,1,0.61,2,1,0,1,0.222,Low,Low_Risk
CUST1729,23,Female,Single,University,Employed,50,108379,14,4,0,0.8,0,1,0,1,0.222,Medium,Low_Risk
CUST2285,31,Female,Married,Secondary,Employed,33,51187,18,3,0,0.94,0,1,0,1,0.221,Medium,Low_Risk
CUST0788,40,Male,Married,Secondary,Self-employed,72,80433,11,1,0,0.95,0,1,1,1,0.221,Low,Low_Risk
CUST2472,31,Male,Single,Primary,Employed,56,20881,15,2,0,0.66,1,1,0,1,0.221,Medium,Low_Risk
CUST2334,36,Male,Married,,Employed,44,60474,16,3,0,0.93,2,1,0,1,0.221,Medium,Low_Risk
CUST2524,41,Male,Divorced,Primary,Employed,15,389009,13,4,0,0.95,0,0,1,1,0.221,Medium,Low_Risk
CUST2810,27,Female,Married,,Self-employed,67,27967,13,1,0,0.66,1,1,1,1,0.221,Low,Low_Risk
CUST0014,26,Female,Married,Primary,Employed,76,11425,12,2,0,0.94,0,1,1,1,0.221,Low,Low_Risk
CUST2480,38,Male,Single,University,Employed,46,2281,17,2,0,0.54,0,1,0,1,0.221,Medium,Low_Risk
CUST2285,39,Male,Married,Secondary,Employed,52,1682,16,1,0,0.57,2,0,0,1,0.22,Low,Low_Risk
CUST2203,41,Male,Married,Secondary,Self-employed,51,8752,16,1,0,1.0,2,1,1,1,0.22,Low,Low_Risk
CUST1331,42,Female,Married,University,Employed,63,11205,14,1,0,0.56,2,1,0,1,0.22,Low,Low_Risk
CUST2801,43,Female,Single,,Employed,21,297440,14,1,0,0.61,2,1,0,1,0.22,Low,Low_Risk
CUST2718,42,Female,Married,Secondary,Self-employed,37,148245,15,1,0,0.6,3,1,0,1,0.22,Low,Low_Risk
CUST0333,28,Male,Divorced,Secondary,Employed,5,152544,20,1,0,0.92,0,0,0,1,0.22,Medium,Low_Risk
CUST2134,53,Female,Married,University,Employed,79,28227,11,2,1,0.78,0,1,0,1,0.22,Low,Low_Risk
CUST2656,40,Male,Married,Primary,Employed,57,134782,12,2,0,0.82,1,1,0,1,0.22,Low,Low_Risk
CUST2586,52,Male,Married,University,Employed,38,135189,15,1,1,0.85,0,0,0,1,0.219,Low,Low_Risk
CUST1123,34,Male,Married,Secondary,Employed,49,17479,16,2,1,0.59,0,1,0,1,0.219,Medium,Low_Risk
CUST1110,32,Female,Married,Primary,Employed,61,61481,13,2,0,0.96,2,1,0,1,0.219,Medium,Low_Risk
CUST1512,41,Male,Single,Secondary,Unemployed,43,56513,16,1,1,0.72,1,1,0,1,0.219,Low,Low_Risk
CUST2148,44,Female,Married,Secondary,Employed,18,146440,18,1,0,0.6,0,0,0,1,0.219,Medium,Low_Risk
CUST0351,34,Male,Married,Primary,Employed,20,3459,21,4,0,0.69,2,1,0,1,0.219,High,Low_Risk
CUST1139,39,Female,Single,Primary,Self-employed,35,65542,17,4,0,0.53,3,0,0,1,0.218,High,Low_Risk
CUST2781,40,Male,Single,Primary,Employed,81,133192,8,2,0,0.67,0,0,0,1,0.218,Low,Low_Risk
CUST0301,37,Male,Married,Secondary,Employed,45,127492,14,4,0,0.55,0,1,0,1,0.218,Medium,Low_Risk
CUST0575,50,Male,Married,Secondary,Employed,20,255627,15,1,0,0.91,4,1,0,1,0.218,Low,Low_Risk
CUST2518,40,Male,Single,,Unemployed,37,181335,14,3,0,0.69,0,1,0,1,0.218,Medium,Low_Risk
CUST2516,38,Male,Married,Secondary,Self-employed,51,212567,11,1,1,0.84,0,1,1,1,0.218,Low,Low_Risk
CUST0931,41,Female,Married,,Employed,20,128299,18,4,0,0.87,3,0,0,1,0.218,High,Low_Risk
CUST1985,38,Female,Single,Primary,Employed,14,43210,21,1,0,0.9,0,0,0,1,0.218,Medium,Low_Risk
CUST1184,46,Female,Single,Secondary,Employed,81,134163,8,2,0,0.65,1,0,1,1,0.218,Low,Low_Risk
CUST0191,53,Female,Married,Primary,Unemployed,38,84405,16,1,0,0.83,1,1,0,1,0.217,Low,Low_Risk
CUST1569,27,Male,Single,Primary,Employed,36,312241,11,3,0,0.87,1,1,1,1,0.217,Medium,Low_Risk
CUST1829,36,Male,Single,Secondary,Self-employed,62,46597,13,1,0,0.55,1,1,0,1,0.217,Low,Low_Risk
CUST2819,29,Male,Single,Secondary,Self-employed,34,113706,16,2,0,0.79,0,1,0,1,0.217,Medium,Low_Risk
CUST0694,25,Female,Single,Primary,Self-employed,29,145894,16,1,0,0.63,0,0,1,1,0.217,Low,Low_Risk
CUST2288,39,Female,Single,Primary,Unemployed,47,235612,11,2,0,0.67,1,0,1,1,0.217,Low,Low_Risk
CUST1579,29,Male,Married,Primary,Employed,37,5249,18,2,0,0.79,0,1,0,1,0.217,Medium,Low_Risk
CUST2389,38,Male,Married,Primary,Unemployed,61,266938,8,1,1,0.73,1,1,1,1,0.217,Low,Low_Risk
CUST0290,37,Female,Married,Secondary,Employed,54,18387,15,1,1,0.85,2,0,0,1,0.217,Low,Low_Risk
CUST1375,37,Female,Single,Secondary,Employed,61,9877,14,1,0,1.0,0,1,1,1,0.217,Low,Low_Risk
CUST0580,25,Female,Married,Secondary,Employed,22,189134,16,2,1,0.77,1,1,1,1,0.216,Medium,Low_Risk
CUST0931,24,Male,Married,Secondary,Self-employed,33,29441,18,2,0,0.55,3,1,1,1,0.216,Medium,Low_Risk
CUST0209,34,Female,Single,,Employed,38,249696,12,1,1,0.7,1,0,1,1,0.216,Low,Low_Risk
CUST1083,37,Male,Married,Secondary,Self-employed,81,39993,10,2,1,0.72,2,0,0,1,0.216,Low,Low_Risk
CUST1880,55,Female,Single,Primary,Self-employed,45,32549,16,3,0,0.55,1,0,1,1,0.216,Medium,Low_Risk
CUST2148,34,Female,Single,Secondary,Employed,78,59860,10,1,0,0.78,0,0,0,1,0.216,Low,Low_Risk
CUST0067,30,Female,Single,University,Employed,65,190495,9,3,0,0.73,2,1,0,1,0.216,Medium,Low_Risk
CUST0655,41,Female,Divorced,,Employed,40,23260,17,4,0,0.56,1,0,0,1,0.216,High,Low_Risk
CUST0549,30,Male,Married,Primary,Self-employed,59,62150,13,1,0,0.61,1,1,0,1,0.216,Low,Low_Risk
CUST1747,19,Female,Divorced,Secondary,Unemployed,66,16568,13,1,0,0.95,0,1,0,1,0.216,Low,Low_Risk
CUST0802,31,Female,Single,Secondary,Employed,56,85707,13,2,0,0.99,0,1,1,1,0.216,Medium,Low_Risk
CUST0277,24,Male,Married,Primary,Employed,25,210569,15,1,2,0.98,3,0,0,1,0.215,Low,Medium_Risk
CUST2761,35,Male,Single,Secondary,Self-employed,31,81243,17,1,1,0.69,1,1,0,1,0.215,Low,Low_Risk
CUST2998,27,Female,Married,Primary,Employed,35,311548,11,2,1,0.62,3,1,0,1,0.215,Low,Medium_Risk
CUST0467,29,Male,Divorced,Secondary,Employed,86,500,10,2,0,0.8,1,1,1,1,0.215,Low,Low_Risk
CUST1308,48,Male,Married,Primary,Self-employed,24,2298,20,1,0,0.66,2,1,0,1,0.215,Medium,Low_Risk
CUST2371,37,Female,Single,University,Unemployed,41,96807,15,2,0,0.82,0,0,1,1,0.215,Medium,Low_Risk
CUST0903,51,Female,Single,University,Employed,3,103661,21,1,0,0.95,2,1,0,1,0.215,Medium,Low_Risk
CUST1839,18,Female,Single,Primary,Employed,37,84268,16,2,0,0.54,1,1,0,1,0.215,Medium,Low_Risk
CUST1045,42,Male,Single,Secondary,Employed,27,26584,19,1,0,0.81,1,1,0,1,0.215,Medium,Low_Risk
CUST1680,37,Male,Married,,Employed,50,375169,7,3,0,0.64,1,0,0,1,0.215,Low,Low_Risk
CUST0930,36,Female,Married,Primary,Employed,39,112150,15,1,1,0.96,0,1,1,1,0.215,Low,Low_Risk
CUST1349,32,Male,Single,Secondary,Employed,72,7878,12,1,0,0.73,1,1,0,1,0.214,Low,Low_Risk
CUST1915,35,Female,Single,University,Employed,28,99645,17,1,0,0.5,1,1,0,1,0.214,Low,Low_Risk
CUST1941,21,Female,Single,Primary,Employed,74,35653,11,1,0,0.91,0,1,1,1,0.214,Low,Low_Risk
CUST1170,38,Female,Single,Primary,Self-employed,23,303694,13,1,0,0.61,0,0,0,1,0.214,Low,Low_Risk
CUST1424,39,Male,Single,Secondary,Employed,19,118763,18,3,0,0.93,0,1,0,1,0.214,Medium,Low_Risk
CUST2514,18,Male,Married,Secondary,Self-employed,73,1821,12,1,0,0.75,2,1,0,1,0.214,Low,Low_Risk
CUST0373,18,Male,Single,Primary,Employed,58,21137,14,2,0,0.95,0,1,1,1,0.214,Medium,Low_Risk
CUST0421,27,Male,Single,University,Employed,56,33772,14,2,0,0.5,0,1,1,1,0.214,Medium,Low_Risk
CUST0563,41,Male,Married,Primary,Self-employed,22,267380,14,2,0,0.93,2,0,0,1,0.214,Medium,Low_Risk
CUST2673,36,Male,Married,Secondary,Employed,42,130469,14,2,0,0.76,2,1,0,1,0.214,Medium,Low_Risk
CUST0963,44,Female,Married,Primary,Self-employed,41,4803,17,1,0,0.56,0,1,1,1,0.213,Low,Low_Risk
CUST2083,18,Male,Single,Secondary,Employed,67,79130,11,4,1,0.68,1,1,0,1,0.213,Medium,Low_Risk
CUST0929,42,Female,Single,Primary,Employed,36,125116,15,4,0,0.68,1,0,0,1,0.213,Medium,Low_Risk
CUST0988,22,Female,Married,University,Employed,83,13818,10,3,0,0.61,1,1,1,1,0.213,Medium,Low_Risk
CUST0577,40,Female,Married,Primary,Unemployed,47,4516,16,1,0,0.66,1,1,0,1,0.213,Low,Low_Risk
CUST2901,28,Male,Married,,Self-employed,21,13953,20,1,0,0.99,0,1,0,1,0.213,Medium,Low_Risk
CUST1299,35,Male,Single,Secondary,Employed,12,162415,18,2,0,0.93,1,1,0,1,0.213,Medium,Low_Risk
CUST1678,31,Female,Married,,Employed,78,177343,7,1,0,0.72,1,0,1,1,0.213,Low,Low_Risk
CUST1774,39,Female,Single,Primary,Employed,78,3780,11,2,1,0.96,1,0,0,1,0.213,Low,Low_Risk
CUST1297,48,Female,Married,Secondary,Employed,34,95611,16,3,1,0.61,1,1,0,1,0.213,Medium,Low_Risk
CUST0514,37,Female,Married,Primary,Self-employed,47,134108,13,1,0,0.76,2,1,0,1,0.213,Low,Low_Risk
CUST1088,39,Female,Married,Secondary,Self-employed,36,77383,16,3,0,0.98,1,1,0,1,0.212,Medium,Low_Risk
CUST1710,33,Female,Single,Primary,Employed,11,121365,19,2,2,0.66,1,0,1,1,0.212,Medium,Medium_Risk
CUST1296,27,Male,Married,,Employed,45,100142,14,2,0,0.69,2,1,0,1,0.212,Medium,Low_Risk
CUST1194,34,Male,Married,Primary,Employed,57,103029,12,1,0,0.8,0,0,1,1,0.212,Low,Low_Risk
CUST0620,40,Female,Single,Secondary,Self-employed,43,159337,13,1,0,0.91,2,1,0,1,0.212,Low,Low_Risk
CUST1568,21,Male,Single,Primary,Self-employed,32,149856,15,1,0,0.72,0,0,0,1,0.212,Low,Low_Risk
CUST0873,52,Male,Married,Secondary,Employed,52,11692,15,1,0,0.93,1,1,1,1,0.212,Low,Low_Risk
CUST1618,35,Female,Married,Secondary,Employed,37,113835,15,1,1,0.55,0,1,1,1,0.212,Low,Low_Risk
CUST2722,36,Female,Married,Secondary,Unemployed,6,112881,20,1,1,0.76,1,0,0,1,0.212,Medium,Low_Risk
CUST0974,30,Male,Single,University,Employed,34,91146,16,3,0,0.99,2,1,0,1,0.212,Medium,Low_Risk
CUST2318,40,Male,Single,Secondary,Self-employed,3,137089,20,1,0,0.78,2,1,0,1,0.212,Medium,Low_Risk
CUST1008,38,Male,Single,Secondary,Employed,55,33309,14,4,0,0.52,1,0,0,1,0.212,Medium,Low_Risk
CUST2512,41,Female,Single,University,Self-employed,31,152121,15,3,0,0.93,2,0,1,1,0.211,Medium,Low_Risk
CUST2115,36,Female,Married,,Employed,11,203408,17,3,0,0.92,0,1,0,1,0.211,Medium,Low_Risk
CUST1481,38,Female,Divorced,University,Employed,31,25089,18,1,1,0.99,1,0,0,1,0.211,Medium,Low_Risk
CUST2078,37,Male,Married,Primary,Self-employed,35,121403,15,2,0,0.79,2,1,0,1,0.211,Medium,Low_Risk
CUST0234,23,Male,Married,Primary,Employed,9,173851,18,3,0,0.94,2,1,0,1,0.211,Medium,Low_Risk
CUST1294,30,Male,Married,Primary,Self-employed,69,14807,12,3,0,0.87,2,0,0,1,0.211,Medium,Low_Risk
CUST0266,22,Male,Married,Secondary,Self-employed,52,2794,15,1,0,1.0,0,1,0,1,0.21,Low,Low_Risk
CUST1787,37,Female,Single,University,Employed,35,75767,16,3,2,0.68,2,0,0,1,0.21,Medium,Medium_Risk
CUST1158,45,Female,Married,Primary,Employed,53,164193,11,4,0,0.55,3,1,0,1,0.21,Medium,Low_Risk
CUST1506,32,Male,Married,Primary,Employed,15,45585,20,4,0,0.58,0,1,0,1,0.21,High,Low_Risk
CUST0631,35,Female,Married,Primary,Self-employed,43,150824,13,2,0,0.69,2,1,0,1,0.21,Medium,Low_Risk
CUST2353,49,Female,Single,Secondary,Self-employed,56,57935,13,3,0,0.71,0,1,0,1,0.21,Medium,Low_Risk
CUST1429,21,Female,Divorced,Primary,Employed,31,103719,16,1,0,0.6,0,1,1,1,0.21,Low,Low_Risk
CUST1501,32,Female,Married,Secondary,Employed,57,222255,9,2,2,0.85,1,1,1,1,0.21,Low,Medium_Risk
CUST1436,57,Male,Married,University,Employed,35,201632,13,1,1,0.99,1,0,0,1,0.209,Low,Low_Risk
CUST1151,26,Female,Married,Secondary,Employed,81,10292,10,1,0,0.73,1,1,0,1,0.209,Low,Low_Risk
CUST1437,42,Female,Divorced,University,Employed,88,4740,9,1,0,0.95,0,0,1,1,0.209,Low,Low_Risk
CUST0617,33,Female,Married,,Employed,47,31686,15,1,1,0.51,1,1,0,1,0.209,Low,Low_Risk
CUST2202,27,Male,Married,University,Employed,10,30380,21,1,0,0.73,2,1,0,1,0.209,Medium,Low_Risk
CUST2228,49,Male,Married,Secondary,Employed,14,176159,17,3,0,0.93,1,0,0,1,0.209,Medium,Low_Risk
CUST1404,31,Male,Married,,Employed,57,49251,13,2,0,0.6,1,0,0,1,0.209,Medium,Low_Risk
CUST2437,35,Male,Single,,Employed,32,137096,15,2,0,0.59,2,1,1,1,0.209,Medium,Low_Risk
CUST1197,48,Male,Married,Primary,Unemployed,82,46143,9,1,0,0.5,1,1,0,1,0.209,Low,Low_Risk
CUST1661,29,Male,Single,Primary,Self-employed,18,358892,12,2,0,0.73,1,0,0,1,0.209,Low,Low_Risk
CUST0056,19,Male,Married,Primary,Employed,43,13590,16,1,0,0.88,2,1,0,1,0.208,Low,Low_Risk
CUST0783,25,Male,Divorced,Primary,Self-employed,43,15060,16,2,0,0.8,1,0,1,1,0.208,Medium,Low_Risk
CUST0096,39,Male,Single,Primary,Employed,47,27007,15,2,0,0.65,0,0,0,1,0.208,Medium,Low_Risk
CUST2923,33,Male,Single,Secondary,Self-employed,64,36709,12,1,0,0.52,2,0,1,1,0.208,Low,Low_Risk
CUST1656,39,Male,Married,University,Self-employed,2,297481,16,1,1,0.83,2,1,1,1,0.208,Low,Low_Risk
CUST2496,36,Female,Married,,Employed,77,33634,10,1,1,0.7,1,1,0,1,0.208,Low,Low_Risk
CUST1474,20,Male,Divorced,Primary,Unemployed,11,147690,18,1,0,0.66,0,1,1,1,0.208,Medium,Low_Risk
CUST2014,18,Female,Married,Primary,Employed,68,9862,12,1,0,0.57,1,0,0,1,0.208,Low,Low_Risk
CUST1169,35,Male,Married,Primary,Employed,59,199474,9,3,0,0.77,2,1,0,1,0.208,Medium,Low_Risk
CUST2511,40,Female,Single,Secondary,Employed,7,347067,14,1,1,0.69,1,1,0,1,0.208,Low,Low_Risk
CUST2741,43,Female,Married,Secondary,Self-employed,60,18454,13,2,0,0.93,0,0,0,1,0.207,Medium,Low_Risk
CUST2369,44,Male,Divorced,Primary,Self-employed,2,122695,20,1,0,0.62,2,1,0,1,0.207,Medium,Low_Risk
CUST1216,35,Male,Single,Primary,Self-employed,21,159743,16,3,0,0.86,2,1,0,1,0.207,Medium,Low_Risk
CUST2706,19,Male,Single,Secondary,Employed,37,177438,13,1,0,0.83,2,0,0,1,0.207,Low,Low_Risk
CUST2455,36,Female,Single,Secondary,Employed,2,247351,17,3,0,0.53,0,1,0,1,0.207,Medium,Low_Risk
CUST0216,25,Male,Single,Primary,Employed,77,30072,10,1,1,0.85,0,1,0,1,0.207,Low,Low_Risk
CUST1051,31,Male,Married,,Self-employed,50,4727,15,2,1,0.89,2,0,1,1,0.207,Medium,Low_Risk
CUST0114,18,Male,Single,Primary,Self-employed,61,57310,12,1,0,0.89,2,0,0,1,0.207,Low,Low_Risk
CUST0456,36,Male,Married,Primary,Self-employed,33,203342,13,1,0,0.71,0,1,1,1,0.206,Low,Low_Risk
CUST1391,55,Male,Single,Secondary,Self-employed,59,21296,13,1,0,0.63,1,1,1,1,0.206,Low,Low_Risk
CUST0651,29,Male,Single,University,Employed,37,342785,9,1,0,0.55,1,0,1,1,0.206,Low,Low_Risk
CUST0931,33,Female,Single,,Self-employed,34,63805,16,3,0,0.92,2,1,0,1,0.205,Medium,Low_Risk
CUST0914,18,Male,Single,University,Employed,27,70566,17,1,0,0.63,0,1,1,1,0.205,Low,Low_Risk
CUST2714,35,Female,Married,Primary,Employed,38,37165,16,1,0,0.63,1,0,0,1,0.205,Low,Low_Risk
CUST0872,37,Female,Married,Secondary,Self-employed,37,296178,10,4,0,0.76,2,1,0,1,0.205,Medium,Low_Risk
CUST1740,33,Male,Single,University,Self-employed,13,81992,19,4,1,0.59,0,1,1,1,0.205,High,Low_Risk
CUST1019,38,Male,Married,,Employed,55,45699,13,2,1,0.92,0,1,0,1,0.205,Medium,Low_Risk
CUST2730,21,Female,Single,University,Employed,48,136628,12,1,0,0.71,0,1,0,1,0.205,Low,Low_Risk
CUST2721,34,Male,Married,,Employed,30,217175,13,1,0,0.79,2,1,0,1,0.205,Low,Low_Risk
CUST0354,38,Female,Married,Primary,Employed,36,8317,17,2,0,0.97,0,0,1,1,0.205,Medium,Low_Risk
CUST1690,47,Male,Single,Secondary,Employed,46,151765,12,3,0,0.84,1,1,0,1,0.205,Medium,Low_Risk
CUST0045,40,Female,Married,University,Self-employed,76,112042,8,2,0,0.98,0,1,1,1,0.205,Low,Low_Risk
CUST0637,38,Male,Single,Secondary,Employed,72,13484,11,2,0,0.79,1,0,1,1,0.205,Low,Low_Risk
CUST1648,40,Male,Single,Secondary,Employed,46,149796,12,1,1,0.78,0,1,0,1,0.205,Low,Low_Risk
CUST2957,47,Female,Married,University,Self-employed,34,107407,15,1,0,0.71,1,1,0,1,0.205,Low,Low_Risk
CUST2207,28,Female,Single,,Employed,28,230217,13,1,0,0.74,4,1,0,1,0.205,Low,Low_Risk
CUST1698,34,Female,Single,Secondary,Unemployed,21,24635,19,1,0,0.51,0,1,0,1,0.205,Medium,Low_Risk
CUST1797,28,Male,Single,Secondary,Employed,61,6168,13,3,1,0.76,1,1,0,1,0.205,Medium,Low_Risk
CUST0786,22,Male,Married,Primary,Self-employed,74,81406,9,2,0,0.93,1,1,1,1,0.204,Low,Low_Risk
CUST2679,35,Male,Divorced,University,Employed,20,112237,17,3,0,0.83,1,1,0,1,0.204,Medium,Low_Risk
CUST2256,45,Male,Married,University,Employed,43,39790,15,4,0,0.92,0,1,0,1,0.204,Medium,Low_Risk
CUST0872,27,Male,Married,Secondary,Employed,15,103415,18,1,0,0.84,0,1,0,1,0.204,Medium,Low_Risk
CUST1152,18,Male,Married,University,Self-employed,7,73654,20,2,0,0.87,2,1,1,1,0.204,Medium,Low_Risk
CUST1482,28,Male,Single,Primary,Unemployed,65,15840,12,1,0,0.81,0,1,0,1,0.204,Low,Low_Risk
CUST0582,27,Female,Divorced,Secondary,Employed,46,19586,15,4,0,0.9,0,0,0,1,0.204,Medium,Low_Risk
CUST1684,50,Female,Married,University,Self-employed,43,124079,13,1,0,0.72,1,1,0,1,0.204,Low,Low_Risk
CUST0447,42,Male,Single,University,Employed,7,118908,19,1,0,0.7,1,0,0,1,0.204,Medium,Low_Risk
CUST1132,42,Male,Single,Secondary,Employed,71,101354,9,3,0,0.8,1,0,0,1,0.204,Medium,Low_Risk
CUST2917,56,Female,Married,,Unemployed,40,104622,14,1,0,0.66,0,1,1,1,0.204,Low,Low_Risk
CUST0914,37,Female,Married,Secondary,Employed,65,14644,12,2,0,0.6,0,1,0,1,0.204,Low,Low_Risk
CUST1911,18,Female,Single,Secondary,Self-employed,31,78175,16,2,0,0.55,1,0,0,1,0.204,Medium,Low_Risk
CUST2562,39,Male,Single,Primary,Employed,15,232580,15,4,0,0.76,1,1,0,1,0.204,Medium,Low_Risk
CUST1751,35,Male,Single,Secondary,Employed,85,6186,9,1,0,0.56,2,0,0,1,0.204,Low,Low_Risk
CUST1062,31,Male,Married,Secondary,Self-employed,14,64214,19,1,0,0.84,1,1,0,1,0.203,Medium,Low_Risk
CUST0647,18,Female,Married,Primary,Employed,34,97270,15,3,0,0.58,2,1,1,1,0.203,Medium,Low_Risk
CUST1684,18,Male,Married,Secondary,Employed,9,228363,16,1,0,0.93,0,1,0,1,0.203,Low,Low_Risk
CUST2199,25,Female,Married,Secondary,Employed,51,21399,14,1,0,0.67,2,1,0,1,0.203,Low,Low_Risk
CUST2624,27,Male,Married,Secondary,Employed,45,21551,15,3,0,0.53,3,0,1,1,0.203,Medium,Low_Risk
CUST1689,36,Female,Single,Secondary,Employed,38,111067,14,2,0,0.76,1,1,1,1,0.203,Medium,Low_Risk
CUST1453,26,Male,Married,Primary,Unemployed,39,104637,14,3,0,0.58,0,1,0,1,0.203,Medium,Low_Risk
CUST1075,25,Female,Married,Primary,Self-employed,33,18642,17,2,0,0.78,1,0,0,1,0.203,Medium,Low_Risk
CUST2358,23,Female,Married,University,Employed,40,99564,14,1,0,0.77,2,0,1,1,0.203,Low,Low_Risk
CUST0467,48,Female,Single,University,Employed,12,36020,20,2,1,0.79,3,1,1,1,0.203,Medium,Medium_Risk
CUST0527,18,Male,Married,Secondary,Self-employed,51,22116,14,2,0,0.66,0,1,0,1,0.203,Medium,Low_Risk
CUST2266,18,Female,Married,University,Self-employed,32,24580,17,3,1,0.63,1,1,0,1,0.203,Medium,Low_Risk
CUST2977,33,Male,Married,Secondary,Self-employed,67,38712,11,4,0,0.79,0,0,0,1,0.203,Medium,Low_Risk
CUST0153,27,Male,Divorced,Secondary,Employed,61,35299,12,1,0,0.75,0,0,0,1,0.202,Low,Low_Risk
CUST1650,49,Male,Married,Secondary,Employed,16,130785,17,4,0,0.51,1,1,0,1,0.202,High,Low_Risk
CUST0231,36,Female,Single,Secondary,Employed,63,106244,10,1,0,0.6,2,1,0,1,0.202,Low,Low_Risk
CUST2653,44,Male,Married,,Employed,33,15606,17,2,0,0.92,1,1,0,1,0.202,Medium,Low_Risk
CUST2200,46,Male,Single,University,Employed,32,108051,15,1,0,0.76,0,1,0,1,0.202,Low,Low_Risk
CUST2893,31,Female,Single,Secondary,Employed,76,58696,9,2,0,0.89,2,1,1,1,0.202,Low,Low_Risk
CUST2627,50,Male,Divorced,Primary,Employed,89,55997,7,4,0,0.85,1,1,1,1,0.202,Medium,Low_Risk
CUST1160,34,Male,Single,,Employed,59,49275,12,4,0,0.53,1,1,0,1,0.202,Medium,Low_Risk
CUST1209,32,Female,Married,Secondary,Self-employed,50,154369,11,1,0,0.66,1,0,1,1,0.202,Low,Low_Risk
CUST0712,32,Male,Single,University,Employed,5,252309,16,2,0,0.7,0,0,0,1,0.202,Medium,Low_Risk
CUST2166,35,Female,Single,Secondary,Self-employed,14,144106,17,1,1,0.87,2,0,0,1,0.202,Low,Low_Risk
CUST2701,27,Female,Married,University,Employed,30,31048,17,2,0,0.73,1,1,0,1,0.201,Medium,Low_Risk
CUST2896,40,Male,Single,Secondary,Employed,9,220165,16,2,0,0.92,0,0,0,1,0.201,Medium,Low_Risk
CUST1791,30,Female,Married,,Employed,11,77937,19,1,0,0.62,0,1,0,1,0.201,Medium,Low_Risk
CUST0626,43,Male,Single,Primary,Unemployed,70,11478,11,2,0,0.84,0,0,0,1,0.201,Low,Low_Risk
CUST1543,42,Female,Single,Primary,Self-employed,43,25253,15,1,0,0.7,2,1,0,1,0.201,Low,Low_Risk
CUST2751,20,Male,Married,Primary,Unemployed,48,75665,13,3,0,0.68,0,1,0,1,0.201,Medium,Low_Risk
CUST2533,40,Female,Divorced,Primary,Self-employed,48,120162,12,3,1,0.91,1,1,0,1,0.201,Medium,Low_Risk
CUST1033,36,Male,Married,University,Employed,4,166222,18,1,0,0.79,0,1,0,1,0.201,Medium,Low_Risk
CUST2808,34,Female,Single,Secondary,Employed,37,109623,14,2,0,0.97,0,1,1,1,0.201,Medium,Low_Risk
CUST0298,36,Female,Divorced,Secondary,Employed,13,275300,14,1,0,0.77,0,1,0,1,0.201,Low,Low_Risk
CUST2785,30,Female,Single,Secondary,Self-employed,56,65953,12,3,0,0.83,3,1,0,1,0.201,Medium,Low_Risk
CUST0026,48,Female,Married,University,Employed,14,139977,17,1,0,0.74,1,1,0,1,0.201,Low,Low_Risk
CUST0903,36,Male,Married,Primary,Employed,40,3838,16,2,0,0.72,0,1,1,1,0.201,Medium,Low_Risk
CUST0336,41,Male,Single,University,Employed,21,10401,19,1,0,0.93,3,1,0,1,0.201,Medium,Low_Risk
CUST0471,22,Female,Divorced,Secondary,Employed,28,168133,14,1,1,0.88,0,0,0,1,0.2,Low,Low_Risk
CUST1155,25,Male,Divorced,Secondary,Self-employed,32,182770,13,2,0,0.82,2,1,0,1,0.2,Medium,Low_Risk
CUST0972,29,Female,Married,,Employed,26,99482,16,1,0,0.63,0,0,0,1,0.2,Low,Low_Risk
CUST1134,35,Female,Single,Primary,Employed,47,163819,11,1,0,0.95,4,0,0,1,0.2,Low,Low_Risk
CUST0807,37,Male,Single,Primary,Unemployed,9,46462,20,1,0,0.73,2,1,0,1,0.2,Medium,Low_Risk
CUST2276,32,Male,Married,Secondary,Employed,9,2140,21,2,0,0.64,1,1,0,1,0.2,Medium,Low_Risk
CUST2311,28,Male,Married,Primary,Employed,17,30299,19,1,0,0.83,1,0,0,1,0.2,Medium,Low_Risk
CUST0143,35,Female,Divorced,Secondary,Employed,31,19780,17,1,1,0.69,2,1,1,1,0.2,Low,Low_Risk
CUST1428,36,Female,Single,Primary,Self-employed,59,38979,12,1,1,0.57,3,0,0,1,0.2,Low,Medium_Risk
CUST2198,27,Female,Married,Secondary,Employed,70,6039,11,1,0,0.62,1,1,1,1,0.2,Low,Low_Risk
CUST2463,32,Male,Divorced,Primary,Employed,13,57001,19,2,0,0.97,0,1,0,1,0.199,Medium,Low_Risk
CUST0141,25,Female,Married,Secondary,Employed,17,28852,19,4,0,0.85,2,0,0,1,0.199,High,Low_Risk
CUST0686,44,Male,Single,Primary,Self-employed,7,224009,16,3,0,0.7,1,1,0,1,0.199,Medium,Low_Risk
CUST0985,47,Female,Single,Primary,Self-employed,26,95163,16,1,1,0.64,1,0,0,1,0.199,Low,Low_Risk
CUST1842,25,Male,Single,Secondary,Employed,58,130009,10,1,0,0.97,2,0,1,1,0.199,Low,Low_Risk
CUST1544,18,Female,Married,,Employed,62,187293,8,3,0,0.65,0,0,1,1,0.199,Medium,Low_Risk
CUST2984,55,Female,Married,Secondary,Employed,11,281513,14,1,0,0.74,1,1,1,1,0.199,Low,Low_Risk
CUST2193,33,Male,Married,Secondary,Self-employed,18,149577,16,1,0,0.98,2,1,0,1,0.199,Low,Low_Risk
CUST0296,46,Female,Married,,Employed,62,17161,12,1,0,0.91,0,1,0,1,0.199,Low,Low_Risk
CUST1214,31,Female,Married,Secondary,Employed,15,85127,18,1,0,0.84,1,1,0,1,0.199,Medium,Low_Risk
CUST2486,37,Male,Married,University,Employed,21,168355,15,2,0,0.7,1,0,0,1,0.199,Medium,Low_Risk
CUST1442,41,Male,Single,Secondary,Employed,19,182712,15,1,0,0.81,1,1,0,1,0.199,Low,Low_Risk
CUST1111,49,Female,Single,Secondary,Employed,47,117631,12,1,0,0.86,2,1,0,1,0.199,Low,Low_Risk
CUST0707,18,Male,Married,Secondary,Employed,31,186826,13,1,0,0.93,2,1,0,1,0.199,Low,Low_Risk
CUST1382,20,Female,Married,Secondary,Employed,42,112133,13,4,0,0.89,0,1,0,1,0.199,Medium,Low_Risk
CUST0937,33,Male,Single,Secondary,Employed,45,46503,14,1,0,0.86,1,1,0,1,0.199,Low,Low_Risk
CUST2482,27,Male,Married,University,Employed,41,30290,15,1,0,0.67,0,1,0,1,0.198,Low,Low_Risk
CUST1643,42,Male,Single,Primary,Employed,20,46981,18,3,0,0.97,0,0,0,1,0.198,Medium,Low_Risk
CUST1364,50,Female,Married,Primary,Employed,33,124395,14,2,0,0.67,0,0,0,1,0.198,Medium,Low_Risk
CUST2966,36,Female,Single,Secondary,Employed,31,97801,15,1,0,0.75,1,1,0,1,0.198,Low,Low_Risk
CUST0286,46,Male,Married,Secondary,Self-employed,48,24778,14,1,0,0.7,1,1,1,1,0.198,Low,Low_Risk
CUST1998,46,Male,Married,Secondary,Employed,33,169279,13,1,0,0.67,4,0,0,1,0.198,Low,Low_Risk
CUST0017,39,Female,Married,Secondary,Self-employed,17,152501,16,3,0,0.8,0,1,1,1,0.198,Medium,Low_Risk
CUST0625,28,Male,Single,Primary,Self-employed,35,26869,16,3,1,0.81,0,1,0,1,0.198,Medium,Low_Risk
CUST2291,30,Male,Single,Secondary,Self-employed,50,137235,11,1,1,0.97,0,1,0,1,0.198,Low,Low_Risk
CUST2040,28,Male,Married,Primary,Employed,51,46014,13,2,0,0.68,3,0,0,1,0.198,Medium,Low_Risk
CUST0165,32,Female,Divorced,Primary,Employed,20,254617,13,3,0,0.79,1,1,1,1,0.197,Medium,Low_Risk
CUST1308,25,Female,Single,Secondary,Employed,94,82758,5,2,0,0.99,0,0,0,1,0.197,Low,Low_Risk
CUST2292,28,Male,Divorced,Secondary,Self-employed,5,102613,19,1,1,0.88,2,1,0,1,0.197,Medium,Low_Risk
CUST1088,42,Male,Divorced,University,Self-employed,23,235317,13,2,0,0.9,2,0,0,1,0.197,Medium,Low_Risk
CUST0967,46,Female,Married,Primary,Unemployed,9,34284,20,1,0,0.68,4,0,0,1,0.197,Medium,Low_Risk
CUST0467,32,Female,Married,Secondary,Employed,53,113581,11,4,0,0.66,3,1,0,1,0.197,Medium,Low_Risk
CUST1854,30,Female,Married,Secondary,Employed,55,12006,13,1,0,0.51,1,0,0,1,0.197,Low,Low_Risk
CUST1513,45,Male,Married,Primary,Self-employed,14,211073,15,1,0,0.98,2,1,1,1,0.197,Low,Low_Risk
CUST0958,27,Female,Married,University,Employed,48,62268,13,1,0,0.56,0,1,0,1,0.197,Low,Low_Risk
CUST2697,58,Female,Single,Primary,Employed,44,172712,11,3,0,0.64,3,1,0,1,0.197,Medium,Low_Risk
CUST2950,33,Male,Single,Secondary,Unemployed,22,66910,17,2,0,0.54,1,0,1,1,0.196,Medium,Low_Risk
CUST2433,23,Female,Single,Secondary,Employed,38,39535,15,4,1,0.81,1,1,1,1,0.196,Medium,Low_Risk
CUST1291,35,Female,Single,University,Employed,93,43872,6,2,0,0.71,1,0,0,1,0.196,Low,Low_Risk
CUST1860,41,Male,Married,Secondary,Employed,13,297748,13,2,0,0.89,0,1,0,1,0.196,Medium,Low_Risk
CUST1126,43,Male,Single,Secondary,Self-employed,27,73214,16,1,1,0.52,1,1,0,1,0.196,Low,Low_Risk
CUST1774,37,Male,Married,Primary,Employed,67,224292,6,1,0,0.94,2,1,0,1,0.196,Low,Low_Risk
CUST0956,41,Female,Divorced,Secondary,Employed,13,44403,19,2,0,0.92,2,0,0,1,0.196,Medium,Low_Risk
CUST0940,31,Female,Married,Secondary,Employed,19,3535,19,1,1,0.53,3,0,1,1,0.196,Medium,Medium_Risk
CUST2312,30,Male,Married,University,Employed,71,26399,10,1,0,0.53,4,1,1,1,0.196,Low,Low_Risk
CUST1630,19,Male,Single,Primary,Employed,30,12814,17,2,0,0.86,1,1,0,1,0.196,Medium,Low_Risk
CUST1750,29,Male,Single,Secondary,Employed,41,20737,15,1,0,0.59,0,0,0,1,0.196,Low,Low_Risk
CUST1183,40,Female,Married,Secondary,Employed,22,103500,16,1,1,0.64,2,1,0,1,0.195,Low,Low_Risk
CUST2081,37,Female,Single,Secondary,Employed,2,410295,12,2,0,0.75,2,1,0,1,0.195,Low,Low_Risk
CUST1278,40,Male,Married,,Employed,49,88628,12,1,0,0.9,3,0,0,1,0.195,Low,Low_Risk
CUST2381,44,Female,Married,Secondary,Employed,34,62840,15,3,1,0.6,0,1,0,1,0.195,Medium,Low_Risk
CUST0199,38,Female,Divorced,Secondary,Self-employed,32,247037,11,1,0,0.89,2,1,0,1,0.195,Low,Low_Risk
CUST2988,42,Female,Married,Secondary,Employed,67,133863,8,1,0,0.7,2,1,0,1,0.195,Low,Low_Risk
CUST2432,27,Female,Single,University,Employed,43,3672,15,2,0,0.76,1,1,0,1,0.195,Medium,Low_Risk
CUST2999,29,Male,Single,Primary,Employed,62,42432,11,1,0,0.9,0,1,1,1,0.195,Low,Low_Risk
CUST0072,42,Female,Divorced,,Self-employed,11,50449,19,1,0,0.88,0,0,0,1,0.194,Medium,Low_Risk
CUST2880,35,Male,Married,Secondary,Employed,33,23422,16,1,0,0.83,5,0,0,1,0.194,Low,Medium_Risk
CUST0527,44,Male,Married,Secondary,Self-employed,54,49227,12,4,0,0.75,2,1,1,1,0.194,Medium,Low_Risk
CUST1073,35,Male,Married,Primary,Employed,60,9217,12,4,1,0.87,0,1,0,1,0.194,Medium,Low_Risk
CUST1162,31,Male,Single,Secondary,Employed,28,99665,15,2,0,0.52,2,1,0,1,0.194,Medium,Low_Risk
CUST2229,38,Male,Married,University,Employed,53,58010,12,1,1,0.59,2,1,0,1,0.194,Low,Low_Risk
CUST2694,21,Male,Single,Secondary,Self-employed,21,104639,16,2,0,0.75,2,1,0,1,0.193,Medium,Low_Risk
CUST1987,25,Male,Married,Secondary,Employed,51,109721,11,2,0,0.61,0,0,1,1,0.193,Low,Low_Risk
CUST1022,49,Female,Married,,Employed,50,72368,12,2,0,0.86,0,1,0,1,0.193,Low,Low_Risk
CUST0669,35,Male,Married,Secondary,Employed,28,182114,13,1,0,0.74,3,1,0,1,0.193,Low,Low_Risk
CUST0089,49,Male,Married,Secondary,Employed,66,92332,9,3,1,0.65,1,1,0,1,0.193,Medium,Low_Risk
CUST0980,29,Female,Single,University,Self-employed,59,95494,10,2,0,0.71,0,1,0,1,0.193,Low,Low_Risk
CUST0583,34,Female,Single,Secondary,Employed,14,65498,18,3,0,0.73,1,1,0,1,0.193,Medium,Low_Risk
CUST0691,38,Male,Single,University,Self-employed,100,27772,5,3,0,0.6,0,1,1,1,0.193,Low,Low_Risk
CUST1055,27,Female,Married,Primary,Unemployed,21,102771,16,3,0,0.65,4,1,0,1,0.193,Medium,Low_Risk
CUST0567,32,Female,Married,University,Self-employed,25,75047,16,1,0,0.79,0,1,0,1,0.193,Low,Low_Risk
CUST0990,34,Female,Single,Secondary,Employed,23,47995,17,1,0,0.81,0,0,0,1,0.193,Low,Low_Risk
CUST0395,26,Female,Married,,Self-employed,28,11386,17,4,0,0.71,0,1,0,1,0.193,High,Low_Risk
CUST2210,44,Male,Married,University,Employed,7,25259,20,2,1,0.69,1,1,1,1,0.192,Medium,Low_Risk
CUST2096,38,Female,Married,University,Self-employed,19,242113,13,1,0,0.64,0,0,0,1,0.192,Low,Low_Risk
CUST0099,41,Female,Married,University,Employed,36,165552,12,2,0,0.98,0,1,1,1,0.192,Low,Low_Risk
CUST0790,63,Male,Single,,Self-employed,27,142019,14,3,0,0.92,3,0,0,1,0.192,Medium,Low_Risk
CUST0655,35,Male,Married,Primary,Employed,4,257707,15,2,2,0.74,0,1,0,1,0.192,Medium,Low_Risk
CUST1149,50,Female,Single,Secondary,Employed,27,184945,13,3,1,0.98,0,1,1,1,0.192,Medium,Low_Risk
CUST2506,37,Female,Married,Secondary,Employed,35,43574,15,2,0,0.77,1,1,0,1,0.192,Medium,Low_Risk
CUST1513,26,Female,Married,University,Unemployed,2,231614,16,2,0,0.96,0,1,1,1,0.192,Medium,Low_Risk
CUST2270,18,Male,Single,Primary,Employed,36,380118,7,4,0,0.54,0,0,0,1,0.192,Medium,Low_Risk
CUST1077,32,Male,Single,,Employed,24,120774,15,3,0,0.89,1,1,1,1,0.192,Medium,Low_Risk
CUST2486,28,Male,Married,Secondary,Employed,38,151402,12,3,2,0.85,0,1,1,1,0.192,Medium,Low_Risk
CUST0076,33,Male,Married,Secondary,Self-employed,8,59473,19,1,1,0.96,0,1,0,1,0.192,Medium,Low_Risk
CUST2516,30,Male,Married,Secondary,Unemployed,44,23281,14,2,1,0.92,0,1,1,1,0.191,Medium,Low_Risk
CUST1400,32,Male,Single,Primary,Unemployed,36,204809,11,3,1,0.99,6,1,0,1,0.191,Medium,Medium_Risk
CUST1795,37,Male,Single,Primary,Employed,45,14295,14,1,1,0.7,1,0,1,1,0.191,Low,Low_Risk
CUST0197,40,Female,Divorced,University,Unemployed,26,102896,15,3,0,0.89,3,0,1,1,0.191,Medium,Low_Risk
CUST2795,43,Female,Married,,Self-employed,23,252069,12,4,0,0.86,1,1,1,1,0.191,Medium,Low_Risk
CUST1868,30,Male,Single,Primary,Employed,52,96097,11,2,0,0.67,2,1,0,1,0.191,Low,Low_Risk
CUST1855,29,Male,Married,Secondary,Employed,33,97571,14,1,0,0.84,2,0,0,1,0.191,Low,Low_Risk
CUST1042,33,Male,Married,Primary,Employed,56,66615,11,2,0,0.5,1,0,0,1,0.191,Low,Low_Risk
CUST2610,19,Male,Married,Primary,Employed,59,257457,6,1,0,0.65,2,1,0,1,0.191,Low,Low_Risk
CUST0932,41,Male,Single,Primary,Self-employed,63,20296,11,3,0,0.98,3,0,0,1,0.191,Medium,Low_Risk
CUST2695,36,Female,Single,University,Employed,39,15544,15,3,0,0.55,2,1,1,1,0.191,Medium,Low_Risk
CUST2377,36,Male,Single,Secondary,Self-employed,45,13171,14,1,0,0.58,1,1,0,1,0.191,Low,Low_Risk
CUST1814,23,Female,Single,Primary,Self-employed,15,7289,19,3,0,0.5,0,1,1,1,0.191,Medium,Low_Risk
CUST2536,18,Female,Single,Primary,Unemployed,38,17288,15,2,0,0.97,0,1,0,1,0.19,Medium,Low_Risk
CUST2286,27,Female,Married,Primary,Self-employed,34,44679,15,3,0,0.55,1,1,1,1,0.19,Medium,Low_Risk
CUST0828,38,Female,Single,Secondary,Self-employed,8,180846,16,1,0,0.62,2,0,0,1,0.19,Low,Low_Risk
CUST0481,24,Male,Married,Primary,Employed,20,139294,15,3,0,0.63,1,1,1,1,0.19,Medium,Low_Risk
CUST1394,27,Male,Married,Primary,Employed,31,275961,10,2,0,0.92,0,1,0,1,0.19,Low,Low_Risk
CUST2910,30,Female,Married,Secondary,Employed,59,40417,11,1,0,0.84,2,1,0,1,0.19,Low,Low_Risk
CUST1410,43,Male,Divorced,Primary,Employed,58,6622,12,1,0,0.57,0,1,0,1,0.19,Low,Low_Risk
CUST1001,27,Male,Married,Secondary,Employed,27,91984,15,4,0,0.72,0,0,0,1,0.19,Medium,Low_Risk
CUST1873,18,Female,Married,Primary,Self-employed,12,65832,18,1,0,0.68,1,1,0,1,0.19,Medium,Low_Risk
CUST1230,47,Female,Married,Secondary,Employed,14,94749,17,1,0,0.78,0,1,0,1,0.19,Low,Low_Risk
CUST2558,51,Male,Single,University,Employed,62,61806,10,1,0,0.78,0,1,0,1,0.19,Low,Low_Risk
CUST0453,43,Female,Married,Secondary,Employed,37,109423,13,2,2,0.61,1,1,0,1,0.19,Medium,Medium_Risk
CUST1885,25,Male,Married,Secondary,Employed,14,263211,13,2,0,0.94,1,1,0,1,0.189,Medium,Low_Risk
CUST2046,31,Male,Single,University,Employed,44,14121,14,1,1,0.89,0,1,1,1,0.189,Low,Low_Risk
CUST0002,28,Female,Single,University,Unemployed,38,53883,14,2,0,0.85,1,0,0,1,0.189,Medium,Low_Risk
CUST2749,34,Male,Married,Primary,Self-employed,24,110229,15,3,0,0.77,0,0,0,1,0.189,Medium,Low_Risk
CUST2107,38,Female,Married,Primary,Employed,71,38716,9,1,0,0.61,2,1,0,1,0.189,Low,Low_Risk
CUST2954,26,Female,Single,Primary,Employed,52,43018,12,1,0,0.75,0,1,0,1,0.189,Low,Low_Risk
CUST0600,34,Female,Married,University,Employed,41,75967,13,2,0,0.76,0,0,0,1,0.189,Medium,Low_Risk
CUST1370,25,Female,Single,Secondary,Self-employed,12,62049,18,1,0,0.77,1,1,0,1,0.189,Medium,Low_Risk
CUST0432,28,Female,Single,Secondary,Employed,49,150785,10,2,0,0.82,2,1,0,1,0.189,Low,Low_Risk
CUST0975,28,Female,Married,University,Employed,37,60347,14,4,2,0.74,0,0,0,1,0.189,Medium,Low_Risk
CUST1265,46,Male,Married,Secondary,Employed,36,452849,5,2,0,0.53,0,0,0,1,0.189,Low,Low_Risk
CUST0372,42,Female,Single,Secondary,Unemployed,83,83261,6,2,0,0.75,1,1,1,1,0.189,Low,Low_Risk
CUST2846,28,Female,Single,Secondary,Unemployed,1,222816,16,2,0,0.87,1,1,1,1,0.189,Medium,Low_Risk
CUST0841,34,Female,Single,,Employed,25,143208,14,1,2,0.77,1,1,0,1,0.189,Low,Medium_Risk
CUST0193,28,Male,Single,Primary,Employed,3,251008,15,1,0,0.92,0,0,0,1,0.188,Low,Low_Risk
CUST1093,27,Male,Divorced,University,Unemployed,36,107991,13,2,1,0.53,4,0,0,1,0.188,Medium,Medium_Risk
CUST1424,37,Male,Married,Primary,Employed,39,45259,14,3,0,0.9,0,1,0,1,0.188,Medium,Low_Risk
CUST0328,51,Female,Single,Primary,Self-employed,70,85084,8,2,0,0.85,0,0,0,1,0.188,Low,Low_Risk
CUST1475,18,Male,Divorced,University,Employed,26,133812,14,1,0,0.86,1,1,0,1,0.188,Low,Low_Risk
CUST0754,35,Male,Single,University,Self-employed,45,87733,12,3,0,0.62,2,1,0,1,0.188,Medium,Low_Risk
CUST0562,53,Male,Single,Primary,Self-employed,35,71154,14,2,1,0.54,1,0,1,1,0.188,Medium,Low_Risk
CUST1882,54,Male,Single,Secondary,Employed,45,43941,13,3,0,0.91,0,0,0,1,0.188,Medium,Low_Risk
CUST0917,37,Male,Married,Secondary,Unemployed,2,255374,15,3,0,0.73,1,1,1,1,0.188,Medium,Low_Risk
CUST1897,20,Male,Married,Primary,Self-employed,43,102102,12,2,0,0.65,0,1,1,1,0.188,Low,Low_Risk
CUST0251,28,Female,Married,Primary,Self-employed,24,14053,17,2,0,0.7,1,1,1,1,0.187,Medium,Low_Risk
CUST2366,39,Female,Single,Primary,Self-employed,8,210892,15,2,1,0.54,0,0,0,1,0.187,Medium,Low_Risk
CUST1593,47,Female,Single,University,Employed,51,168483,9,2,0,0.76,0,1,0,1,0.187,Low,Low_Risk
CUST2193,39,Female,Married,University,Employed,63,131182,8,1,1,0.54,1,1,1,1,0.187,Low,Low_Risk
CUST2189,18,Male,Single,Primary,Employed,8,126672,17,2,0,0.58,2,1,0,1,0.187,Medium,Low_Risk
CUST2543,27,Female,Married,Secondary,Employed,43,52706,13,2,0,0.94,2,1,1,1,0.187,Medium,Low_Risk
CUST0729,52,Female,Married,Secondary,Employed,57,1479,12,1,0,0.73,1,1,0,1,0.187,Low,Low_Risk
CUST0355,47,Female,Married,Secondary,Employed,15,332599,11,2,0,0.86,2,0,0,1,0.187,Low,Low_Risk
CUST2913,34,Female,Married,,Employed,19,49768,17,4,0,0.95,3,0,1,1,0.187,High,Low_Risk
CUST2579,48,Male,Married,,Employed,32,88770,14,3,0,0.57,0,1,1,1,0.187,Medium,Low_Risk
CUST2163,42,Male,Married,University,Employed,46,201128,9,3,0,0.84,0,1,0,1,0.186,Medium,Low_Risk
CUST2262,40,Female,Married,Secondary,Self-employed,72,149227,6,2,0,0.67,0,0,1,1,0.186,Low,Low_Risk
CUST0840,35,Female,Married,Secondary,Employed,44,41813,13,3,0,0.87,1,1,1,1,0.186,Medium,Low_Risk
CUST1119,27,Female,Married,University,Employed,74,6711,9,2,0,0.82,2,1,0,1,0.186,Low,Low_Risk
CUST0680,47,Female,Married,Secondary,Employed,11,482684,8,1,0,0.79,1,0,0,1,0.186,Low,Low_Risk
CUST1179,25,Male,Married,Secondary,Employed,41,20010,14,3,0,0.91,1,1,1,1,0.186,Medium,Low_Risk
CUST1815,31,Female,Single,Secondary,Self-employed,43,7534,14,4,0,0.58,0,1,0,1,0.186,Medium,Low_Risk
CUST1376,18,Female,Married,Secondary,Unemployed,5,356509,12,2,0,0.51,0,1,1,1,0.186,Low,Low_Risk
CUST2381,41,Male,Single,,Self-employed,16,66887,17,1,0,0.51,0,1,1,1,0.186,Low,Low_Risk
CUST1556,36,Female,Married,Primary,Employed,28,28067,16,1,1,0.65,0,1,1,1,0.186,Low,Low_Risk
CUST1301,39,Male,Married,Secondary,Unemployed,4,143054,17,1,0,0.95,2,1,0,1,0.185,Low,Low_Risk
CUST1448,27,Female,Married,Primary,Self-employed,59,107272,9,3,0,0.51,2,1,1,1,0.185,Medium,Low_Risk
CUST0317,27,Female,Single,,Unemployed,20,76073,16,3,0,0.74,1,0,0,1,0.185,Medium,Low_Risk
CUST2981,47,Male,Married,University,Employed,41,58523,13,4,0,0.8,1,1,0,1,0.185,Medium,Low_Risk
CUST2538,26,Male,Married,Primary,Employed,8,158685,16,2,0,0.98,2,1,0,1,0.185,Medium,Low_Risk
CUST1029,42,Female,Married,Primary,Self-employed,58,28195,11,1,0,0.87,1,1,0,1,0.185,Low,Low_Risk
CUST2008,37,Female,Married,Secondary,Employed,28,61971,15,2,0,0.66,1,0,0,1,0.184,Medium,Low_Risk
CUST2946,33,Male,Married,Secondary,Employed,17,50695,17,3,0,0.95,2,1,0,1,0.184,Medium,Low_Risk
CUST2858,46,Female,Married,Secondary,Self-employed,9,318996,12,2,0,0.72,0,1,1,1,0.184,Low,Low_Risk
CUST1710,55,Female,Married,University,Employed,14,113614,16,1,0,0.78,0,1,0,1,0.184,Low,Low_Risk
CUST1369,25,Male,Single,University,Employed,45,28603,13,3,1,0.68,3,1,0,1,0.184,Medium,Medium_Risk
CUST0517,49,Female,Married,Secondary,Unemployed,32,75177,14,2,0,0.88,0,1,1,1,0.184,Medium,Low_Risk
CUST2888,29,Female,Married,University,Employed,54,135358,9,2,1,0.86,1,1,0,1,0.184,Low,Low_Risk
CUST1738,50,Female,Married,Secondary,Employed,13,74875,17,4,0,0.89,0,1,0,1,0.183,High,Low_Risk
CUST1746,29,Female,Single,Secondary,Employed,27,21182,16,2,0,0.59,0,1,0,1,0.183,Medium,Low_Risk
CUST2933,23,Female,Single,Secondary,Employed,31,165323,12,1,1,0.64,0,0,0,1,0.183,Low,Low_Risk
CUST2866,18,Male,Married,,Employed,50,32038,12,3,0,0.94,1,0,0,1,0.183,Medium,Low_Risk
CUST2257,19,Male,Single,University,Employed,42,173632,10,4,0,0.67,1,1,1,1,0.183,Medium,Low_Risk
CUST1419,38,Female,Divorced,Secondary,Employed,5,556133,7,4,2,0.68,1,1,0,1,0.183,Medium,Medium_Risk
CUST1056,32,Male,Married,Primary,Employed,29,45547,15,4,0,0.54,0,0,0,1,0.182,Medium,Low_Risk
CUST2964,53,Male,Married,,Employed,39,59850,13,3,0,0.78,1,1,1,1,0.182,Medium,Low_Risk
CUST1009,35,Female,Married,Secondary,Self-employed,35,5544,15,1,1,0.75,2,1,0,1,0.182,Low,Low_Risk
CUST1669,23,Female,Married,Secondary,Self-employed,6,116794,17,1,1,0.91,1,1,0,1,0.182,Low,Low_Risk
CUST2295,36,Female,Married,Secondary,Employed,45,106210,11,2,0,0.68,0,1,0,1,0.182,Low,Low_Risk
CUST1140,35,Male,Divorced,,Self-employed,15,142074,15,2,0,0.73,0,0,0,1,0.182,Medium,Low_Risk
CUST1977,32,Female,Married,University,Employed,52,15806,12,1,0,0.78,1,1,0,1,0.182,Low,Low_Risk
CUST0030,50,Male,Single,University,Employed,17,126696,15,3,0,0.67,0,0,0,1,0.182,Medium,Low_Risk
CUST0085,52,Male,Single,Primary,Unemployed,32,153024,12,2,0,0.91,0,1,0,1,0.182,Low,Low_Risk
CUST0221,46,Female,Single,University,Employed,25,29474,16,1,0,0.6,1,1,1,1,0.182,Low,Low_Risk
CUST1474,28,Male,Single,Primary,Employed,48,1288,13,2,1,0.82,1,1,0,1,0.182,Medium,Low_Risk
CUST2025,18,Male,Single,,Self-employed,8,142213,16,1,0,0.84,2,0,1,1,0.181,Low,Low_Risk
CUST0369,44,Female,Single,Secondary,Employed,77,6373,8,2,0,0.72,1,1,0,1,0.181,Low,Low_Risk
CUST0165,31,Male,Married,,Self-employed,19,111940,15,1,0,0.86,1,1,0,1,0.181,Low,Low_Risk
CUST2840,33,Female,Single,Primary,Employed,3,263202,14,1,0,0.85,0,1,1,1,0.181,Low,Low_Risk
CUST0526,25,Female,Married,University,Employed,47,129615,10,1,0,0.93,1,1,0,1,0.181,Low,Low_Risk
CUST1748,25,Female,Divorced,Primary,Employed,36,164927,11,2,2,0.7,0,1,0,1,0.181,Low,Low_Risk
CUST0004,54,Female,Married,Secondary,Self-employed,37,27207,14,2,0,0.91,0,1,0,1,0.181,Medium,Low_Risk
CUST2100,33,Female,Single,Primary,Employed,39,57539,13,2,0,0.66,3,1,0,1,0.181,Medium,Low_Risk
CUST1729,39,Female,Married,Secondary,Self-employed,27,224483,11,3,0,0.52,1,1,1,1,0.181,Medium,Low_Risk
CUST1703,38,Male,Single,University,Self-employed,29,166879,12,1,0,0.51,1,1,0,1,0.181,Low,Low_Risk
CUST2126,37,Male,Divorced,Secondary,Employed,72,37264,8,1,0,0.67,1,0,0,1,0.18,Low,Low_Risk
CUST1604,27,Female,Divorced,Secondary,Self-employed,68,64776,8,2,1,0.87,0,1,0,1,0.18,Low,Low_Risk
CUST1705,37,Male,Single,Secondary,Employed,28,500,16,3,0,0.62,3,1,1,1,0.18,Medium,Low_Risk
CUST1600,56,Male,Married,University,Self-employed,25,65603,15,2,0,0.8,1,0,0,1,0.18,Medium,Low_Risk
CUST1014,43,Female,Single,,Employed,65,87689,8,1,0,0.55,2,1,0,1,0.18,Low,Low_Risk
CUST2836,35,Male,Married,Primary,Employed,19,63067,16,1,0,0.84,1,1,0,1,0.18,Low,Low_Risk
CUST1250,46,Female,Single,Secondary,Self-employed,43,20286,13,3,1,0.81,2,0,1,1,0.179,Medium,Low_Risk
CUST1108,27,Female,Single,Primary,Unemployed,30,67677,14,4,0,0.53,1,0,0,1,0.179,Medium,Low_Risk
CUST0422,41,Female,Married,Secondary,Employed,14,178533,14,4,0,0.77,3,1,1,1,0.179,Medium,Low_Risk
CUST2617,52,Male,Married,University,Employed,45,91586,11,2,0,0.8,2,1,1,1,0.179,Low,Low_Risk
CUST1597,38,Female,Single,Secondary,Employed,15,42576,17,3,0,0.63,0,0,0,1,0.179,Medium,Low_Risk
CUST0884,53,Female,Divorced,University,Self-employed,10,120383,16,2,1,0.97,0,0,0,1,0.179,Medium,Low_Risk
CUST2141,48,Female,Married,University,Employed,6,192022,15,1,0,0.78,2,1,1,1,0.179,Low,Low_Risk
CUST2336,41,Female,Married,Primary,Employed,27,130404,13,2,1,0.75,2,1,1,1,0.179,Medium,Low_Risk
CUST2060,20,Female,Single,University,Employed,27,89620,14,1,0,0.58,1,1,0,1,0.179,Low,Low_Risk
CUST1476,29,Female,Single,Primary,Unemployed,10,205522,14,1,0,1.0,1,0,1,1,0.179,Low,Low_Risk
CUST2033,22,Male,Married,Secondary,Self-employed,48,24871,12,3,0,0.7,0,0,0,1,0.178,Medium,Low_Risk
CUST0185,21,Female,Single,University,Employed,5,153633,16,3,0,0.81,2,0,0,1,0.178,Medium,Low_Risk
CUST2656,39,Male,Married,Secondary,Self-employed,16,75494,16,1,0,0.64,2,0,1,1,0.178,Low,Low_Risk
CUST1108,31,Female,Married,Secondary,Employed,40,124815,11,3,0,0.86,0,1,0,1,0.178,Medium,Low_Risk
CUST1380,31,Male,Married,Primary,Self-employed,60,68552,9,1,0,0.62,0,1,0,1,0.178,Low,Low_Risk
CUST2763,37,Male,Married,Secondary,Employed,58,43726,10,3,0,0.95,0,0,0,1,0.178,Medium,Low_Risk
CUST2747,28,Male,Single,Secondary,Self-employed,28,204539,11,1,0,0.51,0,1,0,1,0.178,Low,Low_Risk
CUST0112,24,Female,Single,Secondary,Employed,6,230585,14,3,0,0.84,0,1,0,1,0.178,Medium,Low_Risk
CUST2345,45,Female,Single,Secondary,Employed,3,122704,17,1,1,0.8,0,1,1,1,0.178,Low,Low_Risk
CUST1700,41,Male,Married,Primary,Employed,22,198777,12,1,0,0.54,1,1,1,1,0.177,Low,Low_Risk
CUST0636,30,Female,Married,,Employed,26,215754,11,3,0,0.94,2,0,0,1,0.177,Medium,Low_Risk
CUST0297,22,Male,Married,Primary,Employed,22,116072,14,2,0,0.68,1,1,1,1,0.177,Medium,Low_Risk
CUST2367,29,Female,Single,Secondary,Employed,7,260792,13,2,0,0.98,0,1,0,1,0.177,Medium,Low_Risk
CUST0998,29,Female,Married,Secondary,Unemployed,21,78374,15,3,0,0.75,1,0,1,1,0.177,Medium,Low_Risk
CUST2931,50,Female,Single,Primary,Employed,15,77072,16,2,0,0.93,0,0,0,1,0.177,Medium,Low_Risk
CUST2788,41,Female,Married,Primary,Employed,28,154651,12,3,0,0.96,1,1,1,1,0.176,Medium,Low_Risk
CUST0805,31,Male,Married,University,Self-employed,20,81671,15,1,0,0.63,1,0,0,1,0.176,Low,Low_Risk
CUST0641,57,Male,Single,University,Self-employed,28,111297,13,1,0,0.57,0,1,0,1,0.176,Low,Low_Risk
CUST0738,49,Male,Married,Secondary,Employed,28,154909,12,2,0,0.95,3,1,0,1,0.176,Low,Low_Risk
CUST0810,28,Male,Single,Secondary,Unemployed,19,5128,17,1,0,0.56,1,1,1,1,0.176,Low,Low_Risk
CUST2006,41,Male,Married,Secondary,Self-employed,6,7579,19,3,1,0.51,0,1,1,1,0.176,Medium,Low_Risk
CUST2641,21,Male,Married,University,Employed,36,136548,11,1,0,0.53,1,1,1,1,0.175,Low,Low_Risk
CUST1605,39,Male,Married,University,Employed,10,188093,14,1,0,0.74,0,1,0,1,0.175,Low,Low_Risk
CUST2991,19,Female,Married,University,Employed,23,15777,16,1,0,0.88,0,1,0,1,0.175,Low,Low_Risk
CUST1649,44,Male,Divorced,Primary,Unemployed,11,55538,17,1,0,0.54,2,0,0,1,0.175,Low,Low_Risk
CUST1783,18,Male,Single,Secondary,Employed,81,629,7,1,1,0.53,0,1,0,1,0.175,Low,Low_Risk
CUST2548,33,Female,Single,University,Employed,44,38947,12,4,0,0.87,0,0,1,1,0.175,Medium,Low_Risk
CUST2656,43,Female,Married,Primary,Self-employed,10,142572,15,2,0,0.64,1,1,0,1,0.174,Medium,Low_Risk
CUST0727,35,Male,Married,University,Self-employed,41,100914,11,1,0,0.89,1,1,0,1,0.174,Low,Low_Risk
CUST2933,39,Female,Divorced,Secondary,Employed,13,78648,16,4,0,0.99,0,1,1,1,0.174,Medium,Low_Risk
CUST0870,18,Male,Married,University,Unemployed,56,81151,9,3,0,0.73,1,0,0,1,0.174,Medium,Low_Risk
CUST1384,51,Female,Married,Secondary,Employed,24,90525,14,1,0,0.56,1,1,1,1,0.174,Low,Low_Risk
CUST0072,53,Male,Single,Secondary,Unemployed,30,89844,13,1,0,0.57,1,1,0,1,0.174,Low,Low_Risk
CUST2049,29,Female,Married,Primary,Employed,42,8800,13,1,0,0.54,1,1,1,1,0.174,Low,Low_Risk
CUST2641,36,Female,Single,University,Employed,31,39141,14,1,0,0.85,1,0,0,1,0.173,Low,Low_Risk
CUST0785,18,Female,Married,Primary,Employed,22,57682,15,1,0,0.71,1,1,1,1,0.173,Low,Low_Risk
CUST2707,24,Female,Single,Secondary,Self-employed,4,140140,16,1,0,0.62,0,1,0,1,0.173,Low,Low_Risk
CUST2615,52,Male,Married,Primary,Employed,19,164163,13,3,0,0.92,0,1,1,1,0.173,Medium,Low_Risk
CUST1855,23,Female,Single,Secondary,Employed,67,2717,9,2,0,0.7,3,1,0,1,0.173,Low,Low_Risk
CUST0751,29,Male,Married,Secondary,Employed,38,73724,12,1,1,0.57,2,1,0,1,0.173,Low,Low_Risk
CUST2787,29,Male,Divorced,University,Employed,37,166776,10,1,2,0.83,0,0,1,1,0.173,Low,Low_Risk
CUST2382,43,Female,Divorced,,Employed,4,136208,16,2,0,0.59,0,0,0,1,0.173,Medium,Low_Risk
CUST0469,35,Male,Single,Secondary,Employed,32,158060,11,1,1,0.94,1,1,1,1,0.173,Low,Low_Risk
CUST2730,29,Male,Single,Secondary,Self-employed,33,23389,14,1,0,0.92,1,1,0,1,0.173,Low,Low_Risk
CUST2774,28,Female,Married,,Unemployed,41,7736,13,1,0,0.54,0,1,1,1,0.172,Low,Low_Risk
CUST1316,45,Female,Single,,Employed,32,70662,13,2,0,0.89,0,1,1,1,0.172,Medium,Low_Risk
CUST1181,59,Female,Married,Secondary,Self-employed,3,99639,17,1,0,1.0,0,1,0,1,0.172,Low,Low_Risk
CUST2557,37,Male,Married,Primary,Self-employed,10,9454,18,1,0,0.56,4,1,0,1,0.172,Medium,Low_Risk
CUST2713,39,Female,Married,,Unemployed,5,125932,16,1,0,0.8,2,1,1,1,0.172,Low,Low_Risk
CUST1781,37,Female,Single,Primary,Self-employed,24,161006,12,2,1,0.67,0,1,0,1,0.171,Low,Low_Risk
CUST0599,31,Male,Married,Primary,Employed,42,39449,12,2,0,0.86,0,1,0,1,0.171,Low,Low_Risk
CUST2083,43,Female,Married,University,Self-employed,9,53152,17,2,0,0.74,4,1,1,1,0.171,Medium,Low_Risk
CUST2544,29,Female,Married,Secondary,Employed,16,172830,13,3,0,0.95,2,0,0,1,0.171,Medium,Low_Risk
CUST0697,44,Female,Single,Secondary,Self-employed,36,247990,8,2,0,0.87,0,1,1,1,0.171,Low,Low_Risk
CUST0960,45,Female,Single,Secondary,Employed,15,138236,14,4,0,0.58,3,0,0,1,0.171,Medium,Low_Risk
CUST0716,34,Female,Married,Secondary,Self-employed,46,53997,11,1,0,0.99,3,1,1,1,0.171,Low,Low_Risk
CUST2302,28,Male,Single,Secondary,Unemployed,2,15840,19,3,0,0.73,1,1,0,1,0.171,Medium,Low_Risk
CUST1073,46,Male,Single,Secondary,Employed,22,45143,15,1,0,0.5,1,1,0,1,0.17,Low,Low_Risk
CUST0083,37,Female,Married,,Employed,18,113979,14,2,0,0.65,0,1,0,1,0.17,Medium,Low_Risk
CUST1041,21,Female,Married,Primary,Self-employed,24,71967,14,1,0,0.6,4,1,0,1,0.17,Low,Low_Risk
CUST1176,21,Male,Divorced,University,Employed,3,48935,18,1,0,0.92,2,1,1,1,0.17,Medium,Low_Risk
CUST2293,37,Male,Divorced,Primary,Employed,9,7606,18,1,0,0.69,1,0,0,1,0.17,Medium,Low_Risk
CUST2017,23,Male,Single,,Self-employed,24,74117,14,3,1,0.81,2,1,0,1,0.17,Medium,Low_Risk
CUST2978,35,Female,Married,Secondary,Employed,6,197707,14,2,1,0.72,0,1,0,1,0.17,Medium,Low_Risk
CUST2112,31,Male,Single,Secondary,Employed,38,144603,10,1,0,0.9,2,1,0,1,0.169,Low,Low_Risk
CUST1109,39,Male,Married,,Self-employed,8,263414,12,2,0,0.6,2,1,1,1,0.169,Low,Low_Risk
CUST0627,21,Female,Single,Secondary,Employed,33,49527,13,2,0,0.74,1,1,0,1,0.169,Medium,Low_Risk
CUST1062,41,Male,Married,,Employed,25,60814,14,1,1,0.6,2,1,0,1,0.169,Low,Low_Risk
CUST0541,18,Male,Single,Primary,Self-employed,32,142714,11,1,0,0.73,1,1,0,1,0.169,Low,Low_Risk
CUST1969,20,Male,Married,Secondary,Unemployed,11,32948,17,2,0,0.99,1,0,0,1,0.169,Medium,Low_Risk
CUST1968,34,Female,Single,University,Employed,24,28328,15,1,0,0.61,0,1,1,1,0.169,Low,Low_Risk
CUST1111,37,Female,Single,Secondary,Employed,25,17308,15,3,0,0.64,1,1,0,1,0.168,Medium,Low_Risk
CUST0549,46,Female,Married,Primary,Employed,32,54071,13,2,0,0.6,0,1,1,1,0.168,Medium,Low_Risk
CUST2344,29,Female,Single,,Employed,40,40457,12,2,0,0.82,1,1,1,1,0.168,Low,Low_Risk
CUST0246,42,Female,Married,Primary,Employed,22,204084,11,3,0,0.9,1,0,0,1,0.168,Medium,Low_Risk
CUST2313,31,Male,Single,Primary,Employed,40,126449,10,1,2,0.95,4,1,1,1,0.168,Low,Medium_Risk
CUST0851,44,Female,Married,University,Self-employed,19,55709,15,2,0,0.88,1,1,1,1,0.168,Medium,Low_Risk
CUST2756,46,Male,Married,University,Employed,2,43410,18,3,0,0.56,0,0,0,1,0.167,Medium,Low_Risk
CUST1147,29,Male,Married,Primary,Self-employed,36,18964,13,3,0,0.5,2,0,0,1,0.167,Medium,Low_Risk
CUST0480,33,Female,Single,Primary,Self-employed,35,29413,13,3,0,0.96,3,1,1,1,0.167,Medium,Low_Risk
CUST0098,41,Female,Married,Secondary,Employed,2,40452,18,2,0,0.62,2,0,1,1,0.167,Medium,Low_Risk
CUST0366,49,Female,Married,Primary,Employed,19,94927,14,4,0,0.59,1,1,0,1,0.167,Medium,Low_Risk
CUST0529,31,Female,Single,University,Employed,14,87860,15,1,0,0.92,2,1,1,1,0.167,Low,Low_Risk
CUST1362,43,Female,Married,,Unemployed,17,24377,16,2,0,0.73,0,1,0,1,0.167,Medium,Low_Risk
CUST1936,31,Female,Single,University,Self-employed,11,21079,17,1,0,0.75,1,1,0,1,0.167,Low,Low_Risk
CUST0867,24,Male,Single,University,Self-employed,13,46407,16,1,0,0.94,0,1,0,1,0.166,Low,Low_Risk
CUST0678,53,Female,Divorced,University,Self-employed,7,3342,18,2,0,0.61,1,1,1,1,0.166,Medium,Low_Risk
CUST0470,33,Female,Married,Primary,Employed,26,44506,14,1,0,0.7,3,1,0,1,0.166,Low,Low_Risk
CUST2870,36,Female,Married,Secondary,Employed,19,92244,14,3,1,0.86,0,1,0,1,0.166,Medium,Low_Risk
CUST2260,39,Female,Married,Secondary,Self-employed,29,22216,14,3,0,0.9,1,0,1,1,0.166,Medium,Low_Risk
CUST1131,31,Male,Married,Secondary,Employed,28,30161,14,2,0,0.52,3,1,0,1,0.166,Medium,Low_Risk
CUST0101,18,Male,Single,Primary,Employed,36,101016,11,3,1,0.99,2,1,0,1,0.166,Medium,Low_Risk
CUST0469,45,Male,Married,Primary,Self-employed,30,187258,10,1,0,0.61,0,1,0,1,0.166,Low,Low_Risk
CUST2208,38,Female,Married,Secondary,Self-employed,42,17874,12,4,0,0.85,0,0,0,1,0.166,Medium,Low_Risk
CUST1755,21,Female,Single,Secondary,Unemployed,22,23849,15,1,0,0.86,0,1,0,1,0.165,Low,Low_Risk
CUST0338,46,Male,Divorced,,Employed,24,93371,13,2,0,0.65,0,1,0,1,0.165,Medium,Low_Risk
CUST1070,21,Female,Single,Secondary,Employed,16,151055,13,3,0,0.73,0,0,0,1,0.165,Medium,Low_Risk
CUST0809,21,Female,Single,Secondary,Employed,31,5770,14,3,0,0.54,0,1,0,1,0.165,Medium,Low_Risk
CUST0731,35,Female,Divorced,Secondary,Unemployed,6,4694,18,2,0,0.71,0,1,1,1,0.165,Medium,Low_Risk
CUST2391,34,Female,Married,University,Employed,28,108284,12,1,0,0.8,2,1,0,1,0.165,Low,Low_Risk
CUST1005,30,Male,Single,Primary,Self-employed,12,3079,17,2,0,0.88,3,1,0,1,0.164,Medium,Low_Risk
CUST1415,30,Male,Married,Secondary,Employed,37,44223,12,1,1,0.87,1,1,0,1,0.164,Low,Low_Risk
CUST1455,39,Female,Married,Primary,Self-employed,37,45134,12,4,0,0.99,0,1,0,1,0.164,Medium,Low_Risk
CUST1199,38,Male,Married,Secondary,Self-employed,10,188762,13,1,0,0.82,0,1,0,1,0.164,Low,Low_Risk
CUST1905,41,Female,Married,Primary,Self-employed,20,156830,12,2,0,0.51,1,1,0,1,0.163,Low,Low_Risk
CUST1723,39,Male,Married,Primary,Self-employed,5,5873,18,2,0,0.65,1,1,0,1,0.163,Medium,Low_Risk
CUST1494,35,Male,Married,University,Employed,12,128618,14,2,0,0.93,2,1,1,1,0.163,Medium,Low_Risk
CUST0562,31,Male,Married,Secondary,Employed,7,34933,17,1,0,0.68,3,1,0,1,0.163,Low,Low_Risk
CUST2366,39,Male,Married,Secondary,Unemployed,1,160052,15,1,2,0.72,0,1,0,1,0.163,Low,Low_Risk
CUST2057,30,Female,Married,Secondary,Employed,8,112188,15,1,2,0.95,2,1,0,1,0.163,Low,Medium_Risk
CUST0524,45,Female,Married,University,Unemployed,11,45114,16,3,0,0.89,1,0,0,1,0.162,Medium,Low_Risk
CUST2113,36,Female,Single,University,Unemployed,34,55319,12,2,0,0.99,4,1,1,1,0.162,Low,Low_Risk
CUST2921,37,Male,Single,Primary,Self-employed,21,147347,12,3,0,0.7,1,0,1,1,0.162,Medium,Low_Risk
CUST1311,35,Male,Single,Secondary,Self-employed,23,48852,14,2,0,0.92,1,0,0,1,0.162,Medium,Low_Risk
CUST2562,30,Female,Married,Primary,Employed,16,52954,15,1,3,0.78,6,1,1,1,0.162,Low,High_Risk
CUST2492,48,Female,Married,Secondary,Employed,11,1767,17,2,1,0.9,0,1,0,1,0.162,Medium,Low_Risk
CUST0743,31,Female,Married,University,Employed,11,340768,9,2,0,0.7,1,1,0,1,0.162,Low,Low_Risk
CUST1109,49,Male,Married,University,Unemployed,22,13413,15,4,0,0.85,0,0,1,1,0.162,Medium,Low_Risk
CUST2539,58,Male,Married,University,Employed,15,437997,6,2,0,0.93,0,1,0,1,0.161,Low,Low_Risk
CUST1520,18,Male,Divorced,,Employed,18,118204,13,1,1,0.82,2,0,1,1,0.161,Low,Low_Risk
CUST2066,30,Female,Married,Secondary,Employed,7,111479,15,4,0,0.93,2,1,1,1,0.161,Medium,Low_Risk
CUST1334,50,Male,Married,University,Employed,29,42809,13,3,0,0.86,3,0,1,1,0.161,Medium,Low_Risk
CUST2747,28,Male,Married,Secondary,Self-employed,42,79673,10,1,0,0.6,2,0,0,1,0.16,Low,Low_Risk
CUST1363,32,Male,Married,Primary,Employed,10,87107,15,3,0,0.61,1,1,0,1,0.16,Medium,Low_Risk
CUST0353,33,Female,Married,,Employed,20,17563,15,2,0,0.57,2,1,0,1,0.16,Medium,Low_Risk
CUST0646,54,Female,Single,,Self-employed,19,64692,14,2,0,0.62,0,1,0,1,0.16,Medium,Low_Risk
CUST2737,22,Male,Married,Secondary,Unemployed,2,183544,14,1,0,0.78,2,1,0,1,0.16,Low,Low_Risk
CUST0685,37,Male,Divorced,University,Employed,2,142696,15,1,0,0.68,1,1,0,1,0.16,Low,Low_Risk
CUST1932,32,Male,Married,University,Unemployed,37,196449,8,1,1,0.85,4,1,0,1,0.16,Low,Medium_Risk
CUST0627,33,Male,Married,University,Employed,7,273482,11,4,0,0.81,0,1,1,1,0.159,Medium,Low_Risk
CUST1866,19,Male,Married,University,Employed,24,71794,13,4,0,0.59,1,1,1,1,0.159,Medium,Low_Risk
CUST1532,29,Male,Married,University,Employed,4,165116,14,2,0,0.88,0,0,0,1,0.159,Medium,Low_Risk
CUST2567,47,Male,Married,Secondary,Self-employed,36,201673,8,1,0,0.87,1,0,1,1,0.159,Low,Low_Risk
CUST2656,29,Female,Single,Secondary,Self-employed,34,45551,12,1,1,0.54,4,1,0,1,0.159,Low,Medium_Risk
CUST0274,42,Male,Married,Secondary,Self-employed,24,198260,10,2,0,0.69,2,0,0,1,0.159,Low,Low_Risk
CUST2131,53,Female,Divorced,Secondary,Employed,4,32768,17,3,0,0.73,0,0,0,1,0.158,Medium,Low_Risk
CUST0617,61,Male,Married,University,Employed,28,125586,11,1,1,0.93,0,0,1,1,0.158,Low,Low_Risk
CUST1882,44,Male,Single,,Unemployed,4,117457,15,1,0,0.66,0,1,1,1,0.158,Low,Low_Risk
CUST2558,39,Male,Married,Secondary,Employed,29,32623,13,2,0,0.94,0,1,0,1,0.158,Medium,Low_Risk
CUST2975,55,Female,Single,Secondary,Self-employed,19,13693,15,2,0,0.91,1,1,0,1,0.158,Medium,Low_Risk
CUST2842,39,Female,Married,University,Self-employed,26,11551,14,1,0,0.74,0,1,0,1,0.158,Low,Low_Risk
CUST1615,38,Female,Married,Primary,Employed,32,96215,11,3,0,0.99,1,1,1,1,0.158,Medium,Low_Risk
CUST1249,35,Female,Married,,Employed,33,46122,12,2,1,0.83,1,1,0,1,0.158,Low,Low_Risk
CUST1070,28,Female,Married,University,Employed,21,256567,9,1,0,0.98,2,1,1,1,0.158,Low,Low_Risk
CUST0542,30,Female,Married,Primary,Self-employed,25,15732,14,3,0,0.95,0,0,0,1,0.158,Medium,Low_Risk
CUST0565,37,Female,Married,,Unemployed,25,101523,12,1,0,0.91,3,0,0,1,0.158,Low,Low_Risk
CUST2596,31,Male,Single,University,Self-employed,3,205909,13,2,1,0.56,0,0,1,1,0.157,Medium,Low_Risk
CUST2982,53,Male,Married,University,Self-employed,29,239206,8,2,2,0.97,2,1,1,1,0.157,Low,Medium_Risk
CUST1098,33,Male,Married,Primary,Self-employed,27,915,14,4,0,0.59,1,0,0,1,0.157,Medium,Low_Risk
CUST1209,37,Male,Single,Secondary,Employed,5,192003,13,1,0,0.73,0,1,1,1,0.157,Low,Low_Risk
CUST0935,32,Male,Married,Primary,Self-employed,5,66609,16,1,0,0.96,0,0,0,1,0.157,Low,Low_Risk
CUST2522,46,Male,Single,Primary,Employed,32,45476,12,2,0,0.97,2,0,0,1,0.156,Low,Low_Risk
CUST2460,25,Female,Single,University,Employed,37,139816,9,1,0,0.87,2,1,0,1,0.156,Low,Low_Risk
CUST0816,18,Female,Married,Primary,Employed,57,128579,6,2,0,0.78,0,1,0,1,0.156,Low,Low_Risk
CUST2033,43,Male,Divorced,,Employed,21,37386,14,3,0,0.64,0,0,0,1,0.156,Medium,Low_Risk
CUST0620,42,Male,Married,Secondary,Employed,33,203481,8,2,0,0.63,0,0,0,1,0.155,Low,Low_Risk
CUST2705,32,Female,Single,Secondary,Employed,31,47359,12,2,0,0.88,0,0,0,1,0.155,Low,Low_Risk
CUST0641,42,Male,Single,Primary,Employed,16,107646,13,3,1,0.66,1,1,0,1,0.155,Medium,Low_Risk
CUST2215,36,Female,Single,Secondary,Employed,23,18466,14,1,0,0.53,2,1,0,1,0.155,Low,Low_Risk
CUST0954,40,Female,Married,Primary,Employed,27,31631,13,1,1,0.8,0,0,0,1,0.155,Low,Low_Risk
CUST2834,44,Male,Single,,Self-employed,14,34219,15,3,0,0.99,0,1,0,1,0.154,Medium,Low_Risk
CUST0211,26,Male,Single,Secondary,Unemployed,20,163287,11,2,1,0.8,2,0,1,1,0.154,Low,Low_Risk
CUST2349,26,Female,Single,Primary,Unemployed,9,23854,16,2,0,0.72,1,1,0,1,0.154,Medium,Low_Risk
CUST1078,28,Male,Single,Secondary,Employed,17,8766,15,2,0,0.86,2,1,0,1,0.153,Medium,Low_Risk
CUST1544,24,Female,Married,Secondary,Self-employed,6,254907,11,2,1,1.0,0,1,0,1,0.153,Low,Low_Risk
CUST0950,63,Male,Married,Primary,Employed,18,1144,15,2,0,0.6,1,1,1,1,0.153,Medium,Low_Risk
CUST1447,18,Female,Married,,Self-employed,10,13691,16,1,0,0.78,2,1,0,1,0.153,Low,Low_Risk
CUST1721,33,Male,Married,Primary,Employed,18,129376,12,4,1,0.69,3,0,1,1,0.153,Medium,Medium_Risk
CUST2714,32,Male,Divorced,Primary,Self-employed,54,4051,9,1,0,1.0,2,1,1,1,0.152,Low,Low_Risk
CUST1631,38,Female,Single,Secondary,Self-employed,13,245903,10,3,1,0.78,1,1,0,1,0.152,Medium,Low_Risk
CUST2150,29,Male,Married,Secondary,Employed,7,31869,16,2,0,0.61,3,0,1,1,0.152,Medium,Low_Risk
CUST0445,51,Female,Married,Secondary,Self-employed,10,97478,14,1,0,0.99,0,1,1,1,0.152,Low,Low_Risk
CUST1479,49,Male,Married,University,Employed,25,36680,13,1,0,0.78,1,1,0,1,0.152,Low,Low_Risk
CUST1562,51,Female,Married,Primary,Employed,47,95762,8,3,0,0.91,3,0,0,1,0.152,Medium,Low_Risk
CUST1235,44,Male,Married,Primary,Employed,9,61297,15,2,0,0.88,0,0,1,1,0.152,Medium,Low_Risk
CUST2450,44,Male,Single,Secondary,Employed,28,8173,13,1,0,0.88,1,1,0,1,0.151,Low,Low_Risk
CUST1809,20,Female,Single,Secondary,Employed,17,44351,14,2,0,0.8,4,1,0,1,0.151,Medium,Low_Risk
CUST1862,22,Female,Married,,Self-employed,29,300294,6,3,1,0.89,0,1,1,1,0.151,Low,Low_Risk
CUST2644,58,Male,Single,Secondary,Employed,24,123727,11,2,1,0.97,0,1,0,1,0.151,Low,Low_Risk
CUST0563,30,Male,Married,Primary,Employed,25,28754,13,1,2,0.69,0,1,0,1,0.151,Low,Low_Risk
CUST1132,47,Female,Married,Primary,Unemployed,26,107800,11,3,0,0.55,1,1,0,1,0.151,Medium,Low_Risk
CUST0372,34,Female,Married,Primary,Self-employed,10,261111,10,2,0,0.53,1,1,0,1,0.151,Low,Low_Risk
CUST0314,55,Female,Married,,Self-employed,16,133561,12,2,0,0.7,0,1,0,1,0.151,Low,Low_Risk
CUST2577,18,Male,Single,Secondary,Employed,34,137350,9,2,1,0.76,2,1,0,1,0.151,Low,Low_Risk
CUST1690,45,Male,Single,,Self-employed,16,87766,13,2,1,0.97,2,0,0,1,0.15,Medium,Low_Risk
CUST0242,38,Male,Married,Secondary,Employed,30,77124,11,1,0,0.66,0,1,0,1,0.15,Low,Low_Risk
CUST0816,26,Female,Married,,Employed,23,127241,11,1,2,0.82,0,1,0,1,0.15,Low,Low_Risk
CUST2970,38,Female,Married,Secondary,Self-employed,9,131082,13,3,0,0.73,1,1,0,1,0.149,Medium,Low_Risk
CUST0607,50,Female,Married,Secondary,Employed,21,91528,12,1,0,0.76,3,0,1,1,0.149,Low,Low_Risk
CUST2040,48,Female,Divorced,Primary,Employed,33,11115,12,1,1,0.83,1,1,0,1,0.149,Low,Low_Risk
CUST0655,42,Male,Single,Primary,Self-employed,6,63029,15,3,0,0.98,1,0,1,1,0.148,Medium,Low_Risk
CUST2015,21,Female,Married,University,Self-employed,10,204914,11,3,0,0.56,1,1,0,1,0.148,Medium,Low_Risk
CUST1808,18,Male,Single,Secondary,Employed,44,58014,9,1,0,0.6,0,1,0,1,0.148,Low,Low_Risk
CUST0871,50,Female,Single,University,Self-employed,2,89933,15,4,0,0.96,0,0,1,1,0.148,Medium,Low_Risk
CUST0760,23,Female,Married,Secondary,Employed,9,500,16,2,2,0.67,0,0,0,1,0.148,Medium,Low_Risk
CUST1243,52,Female,Single,Primary,Unemployed,17,238122,9,3,1,0.55,2,1,0,1,0.147,Medium,Low_Risk
CUST0913,28,Male,Married,Primary,Unemployed,30,150233,9,2,0,0.56,1,1,0,1,0.147,Low,Low_Risk
CUST2170,40,Female,Single,Primary,Employed,12,17820,15,1,1,0.74,0,0,0,1,0.147,Low,Low_Risk
CUST1189,61,Female,Married,Secondary,Employed,51,47468,8,2,0,0.57,1,1,0,1,0.147,Low,Low_Risk
CUST2899,56,Male,Single,University,Employed,19,8253,14,4,0,0.78,1,0,0,1,0.146,Medium,Low_Risk
CUST0295,27,Female,Single,University,Self-employed,16,31016,14,3,0,0.97,0,1,0,1,0.146,Medium,Low_Risk
CUST1295,43,Female,Single,Primary,Employed,7,132910,13,3,0,0.52,2,1,1,1,0.146,Medium,Low_Risk
CUST1737,35,Male,Married,University,Employed,3,34100,16,2,0,0.87,1,1,0,1,0.146,Medium,Low_Risk
CUST2921,40,Female,Single,University,Employed,17,192884,10,1,0,0.89,0,1,0,1,0.146,Low,Low_Risk
CUST1744,40,Female,Single,University,Employed,11,61037,14,4,0,0.99,2,0,0,1,0.145,Medium,Low_Risk
CUST1579,36,Male,Married,Secondary,Employed,2,250409,11,2,0,0.88,2,1,0,1,0.145,Low,Low_Risk
CUST1117,31,Female,Single,University,Self-employed,34,112080,9,1,0,0.62,2,1,0,1,0.145,Low,Low_Risk
CUST0997,29,Female,Married,Primary,Self-employed,27,34058,12,3,0,0.67,0,0,1,1,0.145,Medium,Low_Risk
CUST2190,35,Female,Single,Secondary,Self-employed,28,27635,12,3,1,0.66,0,1,1,1,0.145,Medium,Low_Risk
CUST0573,25,Male,Divorced,University,Employed,54,19340,8,3,0,0.8,1,1,0,1,0.145,Medium,Low_Risk
CUST0067,38,Female,Single,Primary,Self-employed,13,47923,14,1,0,0.59,0,1,0,1,0.145,Low,Low_Risk
CUST0269,36,Male,Married,Secondary,Employed,31,173082,8,1,1,0.7,2,1,0,1,0.144,Low,Low_Risk
CUST0220,53,Male,Married,Secondary,Self-employed,6,89885,14,3,0,0.61,2,1,0,1,0.144,Medium,Low_Risk
CUST0099,42,Male,Divorced,University,Employed,7,211136,11,1,0,0.8,2,0,0,1,0.144,Low,Low_Risk
CUST0633,40,Female,Married,Primary,Employed,6,870,16,4,0,0.88,1,1,0,1,0.143,Medium,Low_Risk
CUST1731,39,Female,Single,Secondary,Employed,35,14673,11,2,1,0.73,0,1,0,1,0.143,Low,Low_Risk
CUST0102,24,Male,Divorced,University,Self-employed,1,117803,14,1,0,0.8,0,1,0,1,0.142,Low,Low_Risk
CUST1429,27,Female,Single,University,Self-employed,57,70444,6,2,0,0.78,0,0,0,1,0.142,Low,Low_Risk
CUST0277,32,Female,Married,University,Employed,5,46812,15,3,0,0.93,0,0,0,1,0.142,Medium,Low_Risk
CUST2514,34,Female,Single,Primary,Employed,27,24124,12,1,0,0.65,2,1,0,1,0.142,Low,Low_Risk
CUST2002,36,Male,Single,Primary,Unemployed,12,79402,13,4,0,0.73,0,0,0,1,0.141,Medium,Low_Risk
CUST2877,40,Male,Single,,Self-employed,1,238581,11,1,1,0.93,1,0,0,1,0.141,Low,Low_Risk
CUST1844,30,Female,Married,Secondary,Self-employed,10,135087,12,1,0,0.61,1,0,0,1,0.141,Low,Low_Risk
CUST0093,57,Female,Married,Primary,Self-employed,10,7175,15,3,0,0.52,1,0,1,1,0.141,Medium,Low_Risk
CUST1782,61,Female,Single,Primary,Employed,12,162413,11,1,0,0.61,1,0,0,1,0.141,Low,Low_Risk
CUST0925,36,Female,Divorced,University,Self-employed,15,11416,14,2,2,0.82,3,0,1,1,0.14,Medium,Medium_Risk
CUST0249,40,Female,Single,,Employed,16,215390,9,2,1,0.65,0,1,1,1,0.14,Low,Low_Risk
CUST1979,47,Male,Single,Secondary,Employed,8,60010,14,2,0,0.58,3,0,0,1,0.14,Medium,Low_Risk
CUST1706,40,Male,Single,Secondary,Employed,15,53804,13,2,0,0.54,2,1,1,1,0.14,Medium,Low_Risk
CUST1089,46,Male,Married,Secondary,Employed,16,4743,14,3,0,0.8,1,0,0,1,0.14,Medium,Low_Risk
CUST0457,42,Male,Single,Secondary,Employed,4,211032,11,2,1,0.91,1,0,0,1,0.139,Low,Low_Risk
CUST0261,18,Male,Single,University,Self-employed,23,78793,11,3,0,0.96,1,1,0,1,0.139,Medium,Low_Risk
CUST2803,19,Male,Married,Secondary,Employed,9,134893,12,3,0,0.82,0,1,0,1,0.139,Medium,Low_Risk
CUST2430,36,Female,Married,Primary,Self-employed,18,31259,13,1,0,0.62,2,0,0,1,0.139,Low,Low_Risk
CUST1574,18,Male,Single,Primary,Employed,49,29355,8,1,0,0.55,1,0,0,1,0.139,Low,Low_Risk
CUST0526,29,Male,Single,University,Employed,46,88962,7,2,1,0.61,0,0,0,1,0.138,Low,Low_Risk
CUST1947,37,Female,Single,,Employed,2,218624,11,2,2,0.57,0,0,0,1,0.138,Low,Low_Risk
CUST1276,41,Female,Married,Primary,Self-employed,7,59086,14,3,0,0.94,1,0,1,1,0.138,Medium,Low_Risk
CUST1997,21,Male,Divorced,Secondary,Self-employed,8,95717,13,1,0,0.73,1,1,0,1,0.138,Low,Low_Risk
CUST2280,21,Female,Married,Secondary,Self-employed,2,8801,16,1,0,0.76,0,1,0,1,0.138,Low,Low_Risk
CUST2528,32,Male,Married,University,Self-employed,2,45623,15,1,0,0.95,3,1,1,1,0.137,Low,Low_Risk
CUST0612,35,Male,Single,Primary,Employed,17,28535,13,4,0,0.7,1,1,1,1,0.137,Medium,Low_Risk
CUST1589,38,Male,Married,Primary,Self-employed,11,70221,13,1,0,0.65,2,1,0,1,0.137,Low,Low_Risk
CUST2340,18,Female,Married,Secondary,Employed,21,42963,12,3,0,0.88,1,1,0,1,0.137,Medium,Low_Risk
CUST1338,51,Male,Married,University,Employed,29,26828,11,1,0,0.71,2,0,1,1,0.136,Low,Low_Risk
CUST1921,18,Male,Married,Primary,Employed,8,44589,14,1,0,0.95,0,0,1,1,0.136,Low,Low_Risk
CUST0371,38,Male,Single,Secondary,Employed,7,48839,14,1,0,0.89,1,1,1,1,0.136,Low,Low_Risk
CUST1457,29,Female,Married,Secondary,Employed,8,38615,14,2,0,0.94,3,0,0,1,0.135,Medium,Low_Risk
CUST2171,31,Female,Single,Secondary,Employed,3,74669,14,1,0,0.98,2,1,0,1,0.135,Low,Low_Risk
CUST0912,38,Female,Married,University,Employed,4,67203,14,1,0,0.89,2,1,0,1,0.135,Low,Low_Risk
CUST2927,25,Male,Single,Secondary,Employed,12,50034,13,2,0,0.67,1,1,0,1,0.134,Medium,Low_Risk
CUST0008,38,Female,Married,,Employed,20,79319,11,3,1,0.74,2,1,1,1,0.134,Medium,Low_Risk
CUST0695,29,Female,Married,Primary,Employed,50,42851,7,1,0,0.94,2,1,1,1,0.134,Low,Low_Risk
CUST1682,30,Male,Single,Secondary,Self-employed,6,2412,15,1,0,0.62,1,1,1,1,0.133,Low,Low_Risk
CUST0503,20,Female,Married,University,Self-employed,11,9071,14,1,0,0.93,1,1,1,1,0.133,Low,Low_Risk
CUST2575,40,Male,Married,Primary,Unemployed,20,75608,11,4,0,0.67,0,0,0,1,0.133,Medium,Low_Risk
CUST1646,30,Female,Single,Primary,Employed,11,8807,14,1,1,0.86,3,0,0,1,0.133,Low,Medium_Risk
CUST0979,23,Male,Married,Secondary,Employed,3,21124,15,1,0,0.95,4,1,0,1,0.133,Low,Low_Risk
CUST2474,19,Male,Married,Secondary,Employed,3,24982,15,2,0,0.81,1,0,0,1,0.133,Medium,Low_Risk
CUST0625,45,Female,Single,University,Employed,18,176087,9,1,0,0.55,2,1,0,1,0.133,Low,Low_Risk
CUST1824,29,Male,Married,Primary,Employed,5,95387,13,1,0,0.55,0,0,1,1,0.133,Low,Low_Risk
CUST1895,33,Male,Married,University,Employed,12,42322,13,1,1,0.65,1,1,0,1,0.132,Low,Low_Risk
CUST1245,48,Male,Divorced,Secondary,Self-employed,4,310687,8,3,0,0.67,0,1,0,1,0.132,Medium,Low_Risk
CUST0223,39,Female,Single,Secondary,Self-employed,22,98942,10,3,0,0.74,0,0,0,1,0.132,Medium,Low_Risk
CUST1448,45,Male,Married,Primary,Self-employed,49,41140,7,1,0,0.87,1,1,1,1,0.132,Low,Low_Risk
CUST1914,27,Female,Married,University,Unemployed,12,84842,12,3,1,0.9,0,0,0,1,0.132,Medium,Low_Risk
CUST1572,41,Male,Married,Secondary,Employed,22,60255,11,4,0,0.69,3,1,0,1,0.132,Medium,Low_Risk
CUST2475,37,Female,Single,Primary,Employed,27,66189,10,4,0,0.86,1,1,0,1,0.132,Medium,Low_Risk
CUST2934,49,Male,Married,Primary,Self-employed,4,8254,15,3,0,0.81,0,1,0,1,0.131,Medium,Low_Risk
CUST1698,35,Male,Married,Secondary,Employed,8,22655,14,3,0,0.87,0,0,0,1,0.131,Medium,Low_Risk
CUST2744,43,Female,Married,Secondary,Unemployed,35,8446,10,1,0,0.76,1,1,1,1,0.131,Low,Low_Risk
CUST0276,35,Male,Single,University,Employed,6,117315,12,1,0,0.96,0,0,0,1,0.13,Low,Low_Risk
CUST2425,42,Female,Married,University,Self-employed,14,104222,11,3,1,0.88,3,1,0,1,0.13,Medium,Medium_Risk
CUST2218,51,Male,Single,Primary,Employed,4,257297,9,1,0,0.68,1,0,0,1,0.13,Low,Low_Risk
CUST0671,32,Female,Single,Secondary,Employed,3,262942,9,1,0,0.52,0,1,0,1,0.129,Low,Low_Risk
CUST2608,54,Female,Single,Secondary,Employed,64,11722,5,4,0,0.92,0,1,1,1,0.129,Medium,Low_Risk
CUST0472,34,Male,Single,Secondary,Unemployed,9,48532,13,3,0,0.7,3,1,0,1,0.129,Medium,Low_Risk
CUST1974,18,Female,Married,,Unemployed,23,80379,10,1,0,0.74,1,0,1,1,0.129,Low,Low_Risk
CUST1557,33,Male,Single,,Self-employed,2,141756,12,1,1,0.72,1,1,1,1,0.129,Low,Low_Risk
CUST2366,36,Male,Married,Primary,Employed,6,27476,14,2,0,0.65,0,1,0,1,0.129,Medium,Low_Risk
CUST2335,50,Female,Married,University,Self-employed,3,49870,14,4,0,0.88,0,1,0,1,0.129,Medium,Low_Risk
CUST0723,23,Male,Single,University,Employed,9,4998,14,2,0,0.96,0,1,0,1,0.128,Medium,Low_Risk
CUST1226,47,Male,Married,Secondary,Employed,3,43071,14,2,0,0.66,1,1,1,1,0.128,Medium,Low_Risk
CUST0218,38,Female,Married,Primary,Employed,54,33757,6,2,0,0.71,0,1,0,1,0.128,Low,Low_Risk
CUST2012,31,Male,Single,University,Employed,8,9738,14,2,1,0.9,2,1,0,1,0.128,Medium,Low_Risk
CUST0387,31,Male,Divorced,Primary,Employed,45,54642,7,2,0,0.51,1,1,1,1,0.128,Low,Low_Risk
CUST2359,37,Female,Single,Primary,Employed,7,100392,12,1,1,0.9,2,0,0,1,0.127,Low,Low_Risk
CUST0875,49,Female,Married,Primary,Employed,27,45982,10,1,0,0.63,1,1,0,1,0.127,Low,Low_Risk
CUST2289,46,Female,Single,Secondary,Employed,21,257326,6,2,1,0.82,0,1,0,1,0.127,Low,Low_Risk
CUST1117,56,Female,Single,Secondary,Employed,50,55417,6,2,0,0.9,1,1,0,1,0.127,Low,Low_Risk
CUST0187,28,Female,Divorced,University,Self-employed,18,17139,12,2,0,0.79,0,1,1,1,0.126,Low,Low_Risk
CUST1598,43,Male,Single,Secondary,Unemployed,3,121105,12,2,1,0.63,2,1,0,1,0.126,Low,Low_Risk
CUST2327,27,Male,Single,University,Employed,5,22211,14,3,0,0.61,3,0,1,1,0.126,Medium,Low_Risk
CUST1593,37,Female,Single,,Self-employed,12,144663,10,1,0,0.84,1,1,0,1,0.126,Low,Low_Risk
CUST0617,30,Male,Single,Secondary,Employed,14,253434,7,1,0,0.55,0,0,1,1,0.125,Low,Low_Risk
CUST1208,49,Female,Single,University,Employed,12,54199,12,1,0,0.77,1,0,0,1,0.125,Low,Low_Risk
CUST1350,27,Male,Single,Secondary,Self-employed,16,69458,11,2,0,0.78,2,1,0,1,0.125,Low,Low_Risk
CUST2306,36,Male,Single,Secondary,Employed,6,7306,14,1,0,0.73,0,1,0,1,0.124,Low,Low_Risk
CUST1444,30,Male,Married,Primary,Employed,18,11545,12,2,0,0.54,1,0,0,1,0.124,Low,Low_Risk
CUST2073,24,Female,Single,Primary,Employed,2,161597,11,2,0,0.87,0,1,1,1,0.124,Low,Low_Risk
CUST0044,35,Male,Married,Secondary,Self-employed,23,18349,11,1,0,0.63,1,0,0,1,0.124,Low,Low_Risk
CUST1070,34,Male,Married,Secondary,Self-employed,27,71377,9,4,1,0.59,0,1,0,1,0.123,Medium,Low_Risk
CUST2224,35,Female,Married,Secondary,Self-employed,31,130715,7,1,0,0.9,1,1,0,1,0.123,Low,Low_Risk
CUST0947,24,Male,Married,Secondary,Employed,5,90473,12,3,0,0.96,0,0,1,1,0.122,Medium,Low_Risk
CUST1363,52,Male,Single,,Employed,13,33271,12,4,0,0.69,1,0,0,1,0.121,Medium,Low_Risk
CUST1165,28,Female,Single,Primary,Self-employed,51,25806,6,1,0,0.74,1,1,0,1,0.121,Low,Low_Risk
CUST2325,29,Female,Married,Secondary,Employed,53,12368,6,3,0,0.85,2,0,1,1,0.121,Low,Low_Risk
CUST1753,56,Male,Single,Secondary,Self-employed,5,130847,11,2,0,0.51,0,1,0,1,0.121,Low,Low_Risk
CUST2005,43,Male,Married,Secondary,Employed,2,103068,12,1,0,0.52,0,1,0,1,0.12,Low,Low_Risk
CUST2415,35,Female,Married,Primary,Employed,26,68293,9,1,0,0.95,1,1,0,1,0.12,Low,Low_Risk
CUST2828,43,Male,Single,Secondary,Employed,12,36719,12,1,0,0.56,3,1,1,1,0.12,Low,Low_Risk
CUST0602,23,Male,Single,Secondary,Employed,8,148465,10,2,0,0.63,2,1,1,1,0.12,Low,Low_Risk
CUST2600,27,Male,Married,,Unemployed,14,107954,10,3,0,0.8,1,1,0,1,0.12,Medium,Low_Risk
CUST2127,19,Female,Married,Secondary,Employed,26,22755,10,1,0,0.86,3,1,0,1,0.12,Low,Low_Risk
CUST1970,31,Male,Single,,Self-employed,8,17533,13,2,0,0.68,1,1,0,1,0.119,Medium,Low_Risk
CUST2287,60,Male,Married,Secondary,Self-employed,29,85470,8,2,0,0.77,0,0,0,1,0.119,Low,Low_Risk
CUST1457,42,Female,Married,,Employed,11,121024,10,4,0,0.69,1,1,0,1,0.119,Medium,Low_Risk
CUST1820,18,Male,Single,University,Employed,2,11517,14,4,0,0.84,0,0,1,1,0.118,Medium,Low_Risk
CUST1340,43,Female,Divorced,Secondary,Self-employed,18,72411,10,1,0,0.74,1,1,0,1,0.118,Low,Low_Risk
CUST1752,28,Female,Single,Secondary,Employed,10,39640,12,1,0,0.77,0,0,0,1,0.118,Low,Low_Risk
CUST1621,36,Female,Married,University,Self-employed,18,68668,10,2,0,0.85,2,0,0,1,0.117,Low,Low_Risk
CUST1315,47,Male,Single,University,Employed,9,86278,11,4,1,0.73,1,1,0,1,0.117,Medium,Low_Risk
CUST0701,45,Female,Divorced,,Employed,10,37615,12,1,0,0.84,0,1,1,1,0.117,Low,Low_Risk
CUST0631,39,Female,Single,,Self-employed,18,151363,8,1,1,0.85,1,0,1,1,0.117,Low,Low_Risk
CUST0161,23,Male,Married,,Unemployed,33,1492,9,2,0,0.73,0,1,1,1,0.116,Low,Low_Risk
CUST1940,32,Female,Married,Secondary,Self-employed,13,12745,12,1,0,0.96,1,1,0,1,0.116,Low,Low_Risk
CUST1912,34,Male,Single,Primary,Employed,13,7498,12,2,0,0.65,1,0,1,1,0.115,Low,Low_Risk
CUST0718,18,Female,Divorced,Secondary,Self-employed,8,85862,11,2,0,0.51,0,1,0,1,0.115,Low,Low_Risk
CUST2753,32,Female,Married,University,Self-employed,4,112439,11,1,0,0.97,0,1,1,1,0.115,Low,Low_Risk
CUST2155,48,Female,Married,Primary,Self-employed,20,126912,8,2,0,0.67,2,0,0,1,0.114,Low,Low_Risk
CUST2365,23,Male,Single,Primary,Employed,17,13649,11,1,0,0.55,1,1,0,1,0.113,Low,Low_Risk
CUST0524,39,Male,Divorced,Secondary,Employed,28,17698,9,2,0,0.67,0,1,0,1,0.112,Low,Low_Risk
CUST0506,35,Male,Married,Primary,Employed,13,37233,11,1,0,0.89,2,1,0,1,0.112,Low,Low_Risk
CUST0303,40,Male,Single,University,Employed,18,1337,11,2,0,0.54,5,1,1,1,0.111,Low,Medium_Risk
CUST2718,42,Male,Married,Primary,Employed,3,19080,13,1,0,0.85,0,0,1,1,0.111,Low,Low_Risk
CUST2474,28,Female,Married,Primary,Self-employed,11,43024,11,2,0,0.89,0,0,0,1,0.11,Low,Low_Risk
CUST2594,45,Male,Divorced,University,Self-employed,40,15498,7,3,0,0.52,1,0,0,1,0.11,Low,Low_Risk
CUST2585,35,Male,Single,Secondary,Employed,6,30429,12,3,0,0.59,0,1,0,1,0.109,Medium,Low_Risk
CUST1832,51,Female,Single,Secondary,Employed,9,10622,12,3,0,0.62,3,0,1,1,0.109,Medium,Low_Risk
CUST2054,32,Male,Single,Secondary,Self-employed,4,174357,9,2,0,0.83,1,0,0,1,0.109,Low,Low_Risk
CUST1277,54,Male,Married,Primary,Employed,6,68224,11,2,0,0.93,0,0,0,1,0.108,Low,Low_Risk
CUST2001,26,Male,Single,University,Self-employed,6,113627,10,3,0,0.77,1,1,0,1,0.108,Medium,Low_Risk
CUST1047,23,Male,Married,Primary,Self-employed,9,5726,12,3,0,0.99,1,1,1,1,0.108,Medium,Low_Risk
CUST0298,59,Male,Single,Secondary,Employed,15,94072,9,3,0,0.94,1,1,0,1,0.108,Medium,Low_Risk
CUST0696,32,Female,Married,University,Unemployed,39,10064,7,1,0,0.97,0,0,0,1,0.107,Low,Low_Risk
CUST0173,38,Male,Married,Primary,Self-employed,17,118410,8,1,0,0.74,0,1,0,1,0.107,Low,Low_Risk
CUST0433,48,Female,Married,Secondary,Employed,2,49341,12,1,1,0.61,0,1,0,1,0.107,Low,Low_Risk
CUST0523,34,Female,Single,,Employed,20,13763,10,1,0,0.55,0,1,1,1,0.107,Low,Low_Risk
CUST0133,28,Male,Single,Primary,Employed,22,35965,9,3,1,0.75,0,1,0,1,0.106,Medium,Low_Risk
CUST2951,28,Male,Single,Secondary,Self-employed,5,112766,10,3,0,0.76,0,1,0,1,0.106,Medium,Low_Risk
CUST2789,21,Male,Married,Secondary,Self-employed,19,8523,10,3,0,0.77,0,1,0,1,0.105,Medium,Low_Risk
CUST2017,36,Male,Single,Primary,Employed,30,60712,7,2,0,0.58,1,0,1,1,0.105,Low,Low_Risk
CUST0932,31,Female,Divorced,Secondary,Self-employed,52,37250,4,3,0,0.53,0,1,1,1,0.105,Low,Low_Risk
CUST0361,42,Female,Single,Secondary,Self-employed,2,688,13,1,1,0.97,3,0,1,1,0.105,Low,Medium_Risk
CUST0453,25,Male,Married,Secondary,Employed,16,67942,9,3,1,0.58,1,1,0,1,0.104,Medium,Low_Risk
CUST2653,62,Female,Married,,Unemployed,15,33699,10,2,0,0.88,1,1,0,1,0.104,Low,Low_Risk
CUST0677,33,Male,Single,Secondary,Employed,5,311408,5,3,0,0.53,3,1,0,1,0.103,Low,Low_Risk
CUST0277,32,Male,Married,Primary,Employed,27,117339,6,4,0,0.76,1,1,1,1,0.103,Medium,Low_Risk
CUST0954,45,Female,Married,Secondary,Unemployed,2,28927,12,2,0,0.81,1,1,1,1,0.102,Low,Low_Risk
CUST1028,40,Female,Married,Primary,Unemployed,4,54204,11,4,0,0.54,1,0,0,1,0.101,Medium,Low_Risk
CUST2016,43,Male,Married,University,Employed,19,78872,8,2,0,0.86,5,0,0,1,0.101,Low,Medium_Risk
CUST0367,27,Male,Married,Secondary,Self-employed,11,500,11,3,0,0.53,2,0,0,1,0.1,Medium,Low_Risk
CUST0387,25,Male,Married,Primary,Self-employed,17,86031,8,2,0,0.77,0,1,0,1,0.099,Low,Low_Risk
CUST0719,20,Male,Divorced,Secondary,Unemployed,12,31477,10,2,0,0.56,1,0,0,1,0.098,Low,Low_Risk
CUST2751,54,Female,Married,Secondary,Self-employed,6,27971,11,2,0,0.65,2,1,0,1,0.098,Low,Low_Risk
CUST0304,23,Female,Single,Secondary,Self-employed,14,15676,10,4,0,0.65,0,1,1,1,0.098,Medium,Low_Risk
CUST0773,46,Male,Married,Primary,Employed,2,137475,9,2,0,0.8,2,1,0,1,0.097,Low,Low_Risk
CUST1131,27,Female,Single,Primary,Self-employed,12,64290,9,2,0,0.97,0,1,1,1,0.096,Low,Low_Risk
CUST1182,26,Female,Divorced,Primary,Employed,2,86030,10,1,0,0.53,3,0,0,1,0.095,Low,Low_Risk
CUST0528,36,Male,Married,University,Self-employed,5,25145,11,2,1,0.69,1,1,0,1,0.095,Low,Low_Risk
CUST1064,51,Male,Married,Primary,Self-employed,26,6630,8,1,0,0.52,0,0,0,1,0.095,Low,Low_Risk
CUST1022,63,Male,Single,Secondary,Unemployed,9,120452,8,3,0,0.77,2,1,0,1,0.094,Medium,Low_Risk
CUST2605,29,Female,Single,Secondary,Employed,6,98059,9,1,0,0.87,1,0,0,1,0.094,Low,Low_Risk
CUST1866,45,Female,Single,Secondary,Self-employed,3,27709,11,3,0,0.79,1,1,1,1,0.093,Medium,Low_Risk
CUST1670,36,Female,Married,Primary,Employed,4,144279,8,3,0,0.99,0,1,0,1,0.092,Medium,Low_Risk
CUST2499,28,Male,Married,,Employed,13,84126,8,4,1,0.89,2,1,0,1,0.092,Medium,Low_Risk
CUST0073,33,Male,Single,Secondary,Self-employed,1,34158,11,3,1,0.95,1,0,0,1,0.091,Medium,Low_Risk
CUST2576,18,Male,Married,Secondary,Employed,1,32555,11,3,1,0.84,2,1,0,1,0.091,Medium,Low_Risk
CUST0147,28,Female,Married,Primary,Unemployed,9,17559,10,2,0,0.59,0,1,0,1,0.09,Low,Low_Risk
CUST0893,29,Male,Divorced,University,Self-employed,1,30271,11,2,0,0.63,5,0,0,1,0.09,Low,Medium_Risk
CUST1990,23,Female,Divorced,Primary,Employed,21,7745,8,3,0,0.86,1,1,1,1,0.087,Medium,Low_Risk
CUST0007,29,Male,Married,Secondary,Self-employed,5,69658,9,1,0,0.74,1,1,1,1,0.086,Low,Low_Risk
CUST2045,40,Female,Married,Secondary,Employed,2,125659,8,4,0,0.54,0,1,0,1,0.084,Medium,Low_Risk
CUST1584,50,Male,Married,,Self-employed,6,19225,9,2,0,0.65,0,1,1,1,0.075,Low,Low_Risk
CUST2456,47,Male,Single,Primary,Employed,7,54850,8,2,0,0.81,0,1,1,1,0.075,Low,Low_Risk
CUST0196,20,Male,Married,Primary,Employed,16,33013,7,3,0,0.58,1,0,1,1,0.074,Low,Low_Risk
CUST0194,38,Female,Single,Secondary,Self-employed,4,42741,8,3,0,0.88,1,1,0,1,0.067,Medium,Low_Risk
CUST2907,30,Male,Divorced,Secondary,Employed,7,76791,5,3,0,0.61,1,1,0,1,0.049,Low,Low_Risk
